id;texto;setor_destino;canal;urgencia_referencia;particao_recomendada
ATE-00001;Por favor, estou com uma dúvida, tenho dúvida sobre um pagamento, mas o que preciso resolver primeiro é que minha senha não funciona. Preciso de um retorno.;suporte_tecnico;chat;alta;treino
ATE-00002;"Oi, preciso consultar uma pendência de empréstimo; ao mesmo tempo, o comprovante foi enviado, mas o débito continua aberto.";financeiro;email;media;treino
ATE-00003;Há uma questão pedagógica que preciso avaliar. Minha solicitação principal é: minha matrícula não aparece corretamente.;secretaria_academica;portal;baixa;validacao
ATE-00004;aparece uma mensagem de erro toda vez que faço login?;suporte_tecnico;portal;baixa;treino
ATE-00005;tambem preciso confirmar um documento acadêmico. Minha solicitação principal é: quero conversar sobre pré-requisitos e sequência de disciplinas.;coordenacao;portal;media;treino
ATE-00006;Não consigo acessar uma tela do sistema, mas o que preciso resolver primeiro é que meu pagamento ainda não foi reconhecido.;financeiro;telefone;baixa;treino
ATE-00007;"Por favor, alguém consegue me ajudar, minha matrícula não aparece corretamente; além disso, há uma questão pedagógica que preciso avaliar.";secretaria_academica;email;baixa;treino
ATE-00008;Por favor, o comprovante foi enviado, mas o débito continua aberto?;financeiro;chat;baixa;teste
ATE-00009;Preciso consultar uma pendência de empréstimo. Além disso, preciso solicitar aproveitamento de documentação já entregue.;secretaria_academica;presencial;baixa;treino
ATE-00010;Alguém consegue me ajudar, aparece uma mensagem de erro toda vez que faço login e também preciso avaliar uma situação excepcional no meu percurso acadêmico. Fico no aguardo.;suporte_tecnico;chat;alta;treino
ATE-00011;Bom dia, meu nome saiu incorreto em um documento acadêmico? Preciso de um retorno.;secretaria_academica;presencial;media;validacao
ATE-00012;preciso avaliar uma situação excepcional no meu percurso acadêmico e também quero saber sobre a emissão de declaração. 😕;coordenacao;telefone;alta;teste
ATE-00013;Bom dia, não consigo acessar um artigo pelo portal da biblioteca Obrigado.;biblioteca;portal;baixa;treino
ATE-00014;um livro devolvido ainda aparece comigo, mas tenho ainda outra questão: preciso de orientação sobre uma decisão acadêmica que não é apenas cadastral.;biblioteca;presencial;media;treino
ATE-00015;"Registro a seguinte situação: olá, quero orientação sobre uma situação com uma disciplina; além disso, o portal também está dando erro!";coordenacao;portal;baixa;treino
ATE-00016;Olá, quero orientação acadêmica antes de escolher as próximas matérias Podem verificar?;coordenacao;chat;alta;treino
ATE-00017;Registro a seguinte situação: por favor, quero orientação acadêmica antes de escolher as próximas matérias. Isso pode ser verificado, por favor?;coordenacao;presencial;media;treino
ATE-00018;Olá, preciso solicitar um histórico escolar, mas tenho ainda outra questão: quero conversar sobre pré-requisitos e sequência de disciplinas.;secretaria_academica;presencial;alta;treino
ATE-00019;"Preciso solicitar um histórico escolar; além disso, também preciso de orientação sobre uma disciplina.";secretaria_academica;chat;media;teste
ATE-00020;Nesta semana, meu nome saiu incorreto em um documento acadêmico.;secretaria_academica;presencial;media;teste
ATE-00021;Quero saber sobre a emissão de declaração, depois de tentar pelo portal.;secretaria_academica;presencial;alta;treino
ATE-00022;não consigo abrir o ambiente virtual. além disso, um livro devolvido ainda aparece comigo. ...;biblioteca;portal;baixa;teste
ATE-00023;Gostaria de solicitar apoio: pessoal, o desconto da mensalidade não apareceu Fico no aguardo.;financeiro;presencial;media;treino
ATE-00024;"Não consigo acessar a base de periódicos; situação observada nesta semana.";biblioteca;presencial;baixa;teste
ATE-00025;"Olá, a plataforma fica em tela branca; além disso, também preciso confirmar um documento acadêmico.";suporte_tecnico;email;media;validacao
ATE-00026;não consigo entrar no portal e, em paralelo, tenho dúvida sobre um registro.;suporte_tecnico;telefone;alta;validacao
ATE-00027;Preciso discutir equivalência de conteúdo entre disciplinas. Isso aconteceu na solicitação que abri recentemente.;coordenacao;email;media;treino
ATE-00028;"oi, tenho um problema recorrente em uma turma e preciso de orientação; ao mesmo tempo, preciso confirmar um estorno";financeiro;email;media;treino
ATE-00029;"meu pagamento ainda não foi reconhecido; além disso, o portal também está dando erro.";financeiro;telefone;baixa;treino
ATE-00030;GENTE, ESTOU COM UMA DÚVIDA, QUERO ENTENDER UMA COBRANÇA NA MENSALIDADE. PODEM VERIFICAR?;financeiro;email;baixa;teste
ATE-00031;"Preciso renovar um livro; ao mesmo tempo, quero informações sobre calendário de matrícula.";secretaria_academica;portal;media;treino
ATE-00032;"Minha matrícula não aparece corretamente; situação observada antes de enviar outro pedido.";secretaria_academica;presencial;media;teste
ATE-00033;Registro a seguinte situação: não consigo abrir o ambiente virtual;suporte_tecnico;telefone;media;teste
ATE-00034;olá, preciso de orientação sobre uma decisão acadêmica que não é apenas cadastral? 😕;coordenacao;chat;alta;treino
ATE-00035;O valor da parcela está diferente e também preciso avaliar uma situação excepcional no meu percurso acadêmico.;financeiro;presencial;alta;teste
ATE-00036;Então, um livro devolvido ainda aparece comigo.;biblioteca;presencial;alta;validacao
ATE-00037;Gente, oi, tenho dúvida sobre um registro. Minha solicitação principal é: minha senha não funciona. Conseguem me orientar?;suporte_tecnico;telefone;media;treino
ATE-00038;Quero informações sobre calendário de matrícula.;secretaria_academica;email;media;treino
ATE-00039;"Então, meu nome saiu incorreto em um documento acadêmico; ao mesmo tempo, quero entender uma cobrança na mensalidade.";financeiro;email;alta;treino
ATE-00040;"Preciso da segunda via do boleto; situação observada no semestre atual.";financeiro;telefone;alta;treino
ATE-00041;Venho informar, minha matricula mostra uma informação estranha. Minha solicitação principal é: não consigo entrar no portal. Obrigado.;suporte_tecnico;chat;alta;treino
ATE-00042;"Alguém consegue me ajudar, quero orientação sobre uma situação com uma disciplina; ao mesmo tempo, não consigo abrir o ambiente virtual. Conseguem me orientar?";suporte_tecnico;presencial;media;treino
ATE-00043;quero confirmar a multa de um empréstimo atrasado. 😤;biblioteca;email;media;validacao
ATE-00044;Também apareceu uma cobrança que não reconheço, mas o que preciso resolver primeiro é que quero orientação acadêmica antes de escolher as próximas matérias.;coordenacao;email;baixa;treino
ATE-00045;O boleto continua pendente, mas o que preciso resolver primeiro é que uma disciplina não consta no meu registro.;secretaria_academica;telefone;media;treino
ATE-00046;Quero discutir uma situação pedagógica com a turma.;coordenacao;chat;media;treino
ATE-00047;uma disciplina não consta no meu registro;secretaria_academica;presencial;media;treino
ATE-00048;nao consigo visualizar o boleto deste mês.;financeiro;chat;media;treino
ATE-00049;Minha matrícula mostra uma informação estranha. Minha solicitação principal é: o sistema fecha antes de concluir a operação. Fico no aguardo;suporte_tecnico;portal;media;validacao
ATE-00050;Depois de consultar as orientações disponíveis, o aplicativo não carrega.;suporte_tecnico;chat;baixa;treino
ATE-00051;Preciso corrigir meus dados acadêmicos?!;secretaria_academica;telefone;media;treino
ATE-00052;Solicito orientação: não consigo visualizar o boleto deste mês, mas tenho ainda outra questão: quero conversar sobre pré-requisitos e sequência de disciplinas.;financeiro;telefone;alta;treino
ATE-00053;"Por favor, tenho um problema recorrente em uma turma e preciso de orientação; situação observada nesta semana.";coordenacao;telefone;alta;validacao
ATE-00054;fiz o pagamento e ainda aparece pendência ...;financeiro;presencial;baixa;treino
ATE-00055;"Quero orientação sobre uma situação com uma disciplina; ao mesmo tempo, uma disciplina não consta no meu registro.";secretaria_academica;telefone;media;treino
ATE-00056;também apareceu uma cobrança que não reconheço. minha solicitação principal é: quero discutir uma situação pedagógica com a turma.;coordenacao;email;baixa;treino
ATE-00057;Preciso de ajuda, também preciso de orientação sobre uma disciplina. Minha solicitação principal é: preciso confirmar um estorno.;financeiro;portal;alta;treino
ATE-00058;"gostaria de registrar, não consigo entrar no portal; ao mesmo tempo, preciso atualizar um documento da matrícula. obrigada.";secretaria_academica;email;baixa;treino
ATE-00059;Preciso conferir um livro. Minha solicitação principal é: preciso confirmar um estorno.;financeiro;chat;media;treino
ATE-00060;Solicito orientação: oi, o sistema fecha antes de concluir a operação? Como resolvo?;suporte_tecnico;portal;baixa;treino
ATE-00061;não consigo acessar uma tela do sistema, mas o que preciso resolver primeiro é que quero entender o procedimento de trancamento!;secretaria_academica;presencial;alta;treino
ATE-00062;Gente, olá, aparece uma mensagem de erro toda vez que faço login. Além disso, meu pagamento ainda não foi reconhecido.;financeiro;email;media;treino
ATE-00063;Por favor, só queria entender, o boleto continua pendente. Minha solicitação principal é: a plataforma fica em tela branca.;suporte_tecnico;portal;baixa;treino
ATE-00064;queria uma orientação, quero confirmar a multa de um empréstimo atrasado. agradeço se puderem olhar isso.;biblioteca;email;baixa;treino
ATE-00065;o boleto continua pendente, mas o que preciso resolver primeiro é que não consigo acessar a base de periódicos.;biblioteca;email;alta;treino
ATE-00066;Preciso consultar uma pendência de empréstimo. Isso aconteceu nesta semana.;biblioteca;presencial;alta;treino
ATE-00067;preciso avaliar uma situação excepcional no meu percurso acadêmico e também não consigo entrar no portal.;coordenacao;chat;alta;treino
ATE-00068;Queria uma orientação, quero conversar sobre pré-requisitos e sequência de disciplinas. Obrigado.;coordenacao;email;media;treino
ATE-00069;O aplicativo não carrega, para resolver ainda este mês.;suporte_tecnico;presencial;media;treino
ATE-00070;"preciso de informações sobre vencimento e juros; ao mesmo tempo, preciso consultar uma pendência de empréstimo. 😤";biblioteca;chat;baixa;treino
ATE-00071;"Quero entender uma cobrança na mensalidade; além disso, há uma questão pedagógica que preciso avaliar.";financeiro;telefone;alta;validacao
ATE-00072;O desconto da mensalidade não apareceu, na solicitação que abri recentemente.;financeiro;chat;alta;treino
ATE-00073;"QUERO NEGOCIAR UMA PENDÊNCIA FINANCEIRA; ALÉM DISSO, MEU LOGIN FALHA ÀS VEZES.";financeiro;email;alta;validacao
ATE-00074;Quero orientação sobre uma situação com uma disciplina, mas tenho ainda outra questão: não consigo anexar o arquivo no portal. Conseguem me orientar?!;coordenacao;presencial;alta;treino
ATE-00075;"Olá, bom dia, a devoluçao de um livro ainda não foi registrada; ao mesmo tempo, meu nome saiu incorreto em um documento acadêmico. Podem verificar?";secretaria_academica;portal;media;treino
ATE-00076;"Registro a seguinte situação: quero entender uma cobrança na mensalidade; além disso, quero discutir uma decisão acadêmica.";financeiro;presencial;baixa;teste
ATE-00077;"GOSTARIA DE REGISTRAR, A PÁGINA APRESENTA ERRO QUANDO TENTO ACESSAR; ALÉM DISSO, TAMBÉM APARECEU UMA COBRANÇA QUE NÃO RECONHEÇO. OBRIGADA.";suporte_tecnico;telefone;alta;treino
ATE-00078;"Oi, preciso solicitar aproveitamento de documentação já entregue; além disso, o portal também está dando erro.";secretaria_academica;telefone;baixa;validacao
ATE-00079;No semestre atual, o valor da parcela está diferente.;financeiro;telefone;media;treino
ATE-00080;"então, quero reservar um exemplar; ao mesmo tempo, a plataforma fica em tela branca.";suporte_tecnico;presencial;alta;teste
ATE-00081;preciso conferir um livro, mas o que preciso resolver primeiro é que não consigo visualizar o boleto deste mês.;financeiro;chat;baixa;treino
ATE-00082;Preciso renovar um livro e, em paralelo, quero discutir uma decisão acadêmica.;biblioteca;portal;baixa;treino
ATE-00083;Preciso solicitar aproveitamento de documentação já entregue, mas tenho ainda outra questão: tenho um problema recorrente em uma turma e preciso de orientação.;secretaria_academica;chat;baixa;treino
ATE-00084;Minha senha não funciona. Isso aconteceu nesta semana.;suporte_tecnico;email;media;treino
ATE-00085;"Meu pagamento ainda não foi reconhecido; situação observada desde o começo da semana.";financeiro;email;baixa;teste
ATE-00086;Então, a devolução de um livro ainda não foi registrada!;biblioteca;telefone;media;treino
ATE-00087;Uma disciplina não consta no meu registro. Isso aconteceu para conseguir seguir com o processo.;secretaria_academica;chat;media;treino
ATE-00088;por favor, olá, quero negociar uma pendência financeira podem verificar?;financeiro;email;media;treino
ATE-00089;meu nome saiu incorreto em um documento acadêmico. ...;secretaria_academica;telefone;media;treino
ATE-00090;"Preciso de ajuda, aparece uma mensagem de erro toda vez que faço login; além disso, também preciso confirmar um documento acadêmico. Obrigada.";suporte_tecnico;presencial;media;validacao
ATE-00091;Oi, não consigo visualizar o boleto deste mês. Agradeço se puderem olhar isso.;financeiro;portal;media;treino
ATE-00092;Quero confirmar a multa de um empréstimo atrasado.;biblioteca;chat;alta;teste
ATE-00093;Por favor, preciso atualizar um documento da matrícula?;secretaria_academica;chat;baixa;validacao
ATE-00094;Oi, preciso confirmar um estorno.;financeiro;presencial;media;treino
ATE-00095;"preciso solicitar um histórico escolar; além disso, meu login falha às vezes.";secretaria_academica;email;alta;treino
ATE-00096;Preciso falar com a coordenação sobre meu planejamento acadêmico e também fiz o pagamento e ainda aparece pendência.;coordenacao;chat;baixa;treino
ATE-00097;não consigo anexar o arquivo no portal e, em paralelo, também preciso de orientação sobre uma disciplina. 😤;suporte_tecnico;email;baixa;teste
ATE-00098;Quero informações sobre calendário de matrícula, antes de enviar outro pedido.;secretaria_academica;portal;baixa;treino
ATE-00099;Oi, preciso de ajuda, preciso atualizar um documento da matrícula. Isso pode ser verificado, por favor?;secretaria_academica;chat;media;treino
ATE-00100;Por favor, estou com uma dúvida, aparece uma mensagem de erro toda vez que faço login e, em paralelo, também preciso de orientação sobre uma disciplina. Preciso de um retorno.;suporte_tecnico;presencial;media;treino
ATE-00101;Também preciso confirmar um documento acadêmico. Minha solicitação principal é: preciso saber o horário de atendimento da biblioteca.;biblioteca;chat;media;teste
ATE-00102;Nesta semana, quero saber sobre a emissão de declaração.;secretaria_academica;portal;baixa;treino
ATE-00103;NÃO CONSIGO ACESSAR A BASE DE PERIÓDICOS E, EM PARALELO, TAMBÉM PRECISO CONFIRMAR UM DOCUMENTO ACADÊMICO;biblioteca;presencial;alta;teste
ATE-00104;Oi, a plataforma fica em tela branca? Obrigada.;suporte_tecnico;chat;media;treino
ATE-00105;Gente, bom dia, preciso de informações sobre vencimento e juros Conseguem me orientar?;financeiro;telefone;media;treino
ATE-00106;Então, há uma questão pedagógica que preciso avaliar. Minha solicitação principal é: minha matrícula não aparece corretamente!;secretaria_academica;email;baixa;treino
ATE-00107;POR FAVOR, O PORTAL TAMBÉM ESTÁ DANDO ERRO, MAS O QUE PRECISO RESOLVER PRIMEIRO É QUE PRECISO DA SEGUNDA VIA DO BOLETO.;financeiro;telefone;baixa;teste
ATE-00108;Solicito orientação: preciso conferir um livro. Minha solicitação principal é: meu nome saiu incorreto em um documento acadêmico;secretaria_academica;presencial;alta;treino
ATE-00109;nao consigo acessar a base de periódicos?;biblioteca;chat;alta;treino
ATE-00110;Depois de consultar as orientações disponíveis, minha matrícula não aparece corretamente.;secretaria_academica;chat;media;validacao
ATE-00111;Gente, quero confirmar o status da rematrícula, antes do início das aulas.;secretaria_academica;chat;alta;treino
ATE-00112;preciso solicitar aproveitamento de documentação já entregue. Isso aconteceu antes do prazo informado.;secretaria_academica;portal;media;treino
ATE-00113;"Quero orientação sobre uma situação com uma disciplina; além disso, também tenho uma pendência de empréstimo; situação observada desde o começo da semana.";coordenacao;email;media;treino
ATE-00114;Oi, o link de recuperação de senha não chega.;suporte_tecnico;presencial;alta;treino
ATE-00115;"gente, não consigo acessar um artigo pelo portal da biblioteca; preciso de retorno.";biblioteca;email;baixa;treino
ATE-00116;preciso confirmar um estorno?;financeiro;portal;baixa;treino
ATE-00117;Estou com uma dúvida, quero confirmar o status da rematrícula e também preciso renovar um livro. Agradeço se puderem olhar isso.;secretaria_academica;presencial;media;validacao
ATE-00118;meu login falha às vezes, mas o que preciso resolver primeiro é que preciso solicitar aproveitamento de documentação já entregue.;secretaria_academica;portal;media;validacao
ATE-00119;Solicito orientação: tambem tenho uma pendência de empréstimo. Minha solicitação principal é: quero confirmar o status da rematrícula.;secretaria_academica;portal;baixa;treino
ATE-00120;Preciso renovar um livro. Isso aconteceu no semestre atual.;biblioteca;chat;media;treino
ATE-00121;Registro a seguinte situação: também preciso confirmar um documento acadêmico. Minha solicitação principal é: a devolução de um livro ainda não foi registrada.;biblioteca;telefone;media;teste
ATE-00122;Então, também preciso de orientação sobre uma disciplina. Minha solicitação principal é: a devolução de um livro ainda não foi registrada.;biblioteca;email;media;validacao
ATE-00123;minha matrícula não aparece corretamente?!!!;secretaria_academica;chat;media;treino
ATE-00124;venho informar, quero conversar sobre pré-requisitos e sequência de disciplinas fico no aguardo;coordenacao;portal;baixa;treino
ATE-00125;Oi, olá, queria uma orientação, quero discutir uma situação pedagógica com a turma e, em paralelo, também tenho uma pendência de empréstimo. Como resolvo.;coordenacao;portal;alta;treino
ATE-00126;Registro a seguinte situação: preciso solicitar um histórico escolar. Isso aconteceu depois de tentar pelo portal.;secretaria_academica;chat;baixa;treino
ATE-00127;"Preciso de orientação sobre uma decisão acadêmica que não é apenas cadastral; situação observada desde o começo da semana.";coordenacao;chat;baixa;teste
ATE-00128;Então, preciso conversar sobre a organização da minha grade;coordenacao;portal;alta;treino
ATE-00129;Alguém consegue me ajudar, também apareceu uma cobrança que não reconheço, mas o que preciso resolver primeiro é que não consigo abrir o ambiente virtual. Preciso de um retorno;suporte_tecnico;chat;alta;validacao
ATE-00130;Venho informar, preciso atualizar um documento da matrícula e também meu acesso está bloqueado. Podem verificar?;secretaria_academica;presencial;media;teste
ATE-00131;"Quero informações sobre calendário de matrícula; situação observada nesta semana.";secretaria_academica;chat;media;teste
ATE-00132;Estou com uma dúvida, não consigo acessar um artigo pelo portal da biblioteca. Isso pode ser verificado, por favor?;biblioteca;chat;baixa;treino
ATE-00133;Por favor, quero confirmar o status da rematrícula, antes do início das aulas.;secretaria_academica;chat;media;treino
ATE-00134;Oi, meu pagamento ainda não foi reconhecido;financeiro;presencial;media;treino
ATE-00135;Então, minha matrícula não aparece corretamente.;secretaria_academica;portal;baixa;treino
ATE-00136;alguém consegue me ajudar, preciso avaliar uma situação excepcional no meu percurso acadêmico além disso, n consigo acessar a base de periódicos obrigada;biblioteca;email;media;validacao
ATE-00137;Registro a seguinte situação: pessoal, aparece uma mensagem de erro toda vez que faço login. Preciso de um retorno.;suporte_tecnico;portal;media;treino
ATE-00138;Por favor, quero reservar um exemplar?;biblioteca;email;media;treino
ATE-00139;Então, quero discutir uma situação pedagógica com a turma;coordenacao;email;media;treino
ATE-00140;"Gente, quero saber sobre a emissão de declaração; além disso, tenho dúvida sobre um pagamento.";secretaria_academica;portal;baixa;teste
ATE-00141;meu nome saiu incorreto em um documento acadêmico e, em paralelo, preciso conferir um livro.;secretaria_academica;presencial;media;treino
ATE-00142;preciso consultar uma pendência de empréstimo?;biblioteca;email;baixa;treino
ATE-00143;uma disciplina não consta no meu registro. Isso aconteceu desde ontem.;secretaria_academica;email;baixa;teste
ATE-00144;oi, quero confirmar a multa de um empréstimo atrasado podem verificar;biblioteca;portal;media;validacao
ATE-00145;Bom dia, quero entender o procedimento de trancamento. Como resolvo?;secretaria_academica;portal;alta;treino
ATE-00146;Quero confirmar o status da rematrícula, depois de tentar pelo portal.;secretaria_academica;presencial;media;treino
ATE-00147;Oi, quero discutir uma situação pedagógica com a turma e, em paralelo, nao consigo acessar uma tela do sistema.;coordenacao;portal;media;validacao
ATE-00148;"Estou com uma dúvida, quero reservar um exemplar; ao mesmo tempo, preciso avaliar uma situação excepcional no meu percurso acadêmico.";coordenacao;chat;media;treino
ATE-00149;Olá, boa tarde, meu pagamento ainda não foi reconhecido Obrigada.;financeiro;presencial;alta;treino
ATE-00150;gostaria de registrar, preciso falar com a coordenação sobre meu planejamento acadêmico além disso, n consigo acessar a base de periódicos obrigada;biblioteca;presencial;media;treino
ATE-00151;Solicito orientação: quero reservar um exemplar!;biblioteca;chat;media;teste
ATE-00152;Oi, preciso conversar sobre a organização da minha grade. Conseguem me orientar?;coordenacao;email;baixa;treino
ATE-00153;"preciso solicitar um histórico escolar; além disso, o portal também está dando erro!";secretaria_academica;portal;baixa;teste
ATE-00154;Oi, preciso conferir um livro. Minha solicitação principal é: meu pagamento ainda não foi reconhecido.;financeiro;email;baixa;validacao
ATE-00155;"Gente, quero orientação acadêmica antes de escolher as próximas matérias; além disso, também tenho uma pendência de empréstimo.";coordenacao;chat;media;treino
ATE-00156;"Estou com uma dúvida, preciso de orientação sobre uma decisão acadêmica que não é apenas cadastral; além disso, meu login falha às vezes. Como resolvo?";coordenacao;email;media;treino
ATE-00157;"Quero entender o procedimento de trancamento; além disso, há uma questão pedagógica que preciso avaliar.";secretaria_academica;portal;media;treino
ATE-00158;Oi, quero entender o procedimento de trancamento, mas tenho ainda outra questão: não consigo visualizar o boleto deste mês. Obrigado.;secretaria_academica;portal;alta;treino
ATE-00159;PRECISO DA SEGUNDA VIA DO BOLETO.;financeiro;presencial;baixa;teste
ATE-00160;Então, queria uma orientação, minha matrícula não aparece corretamente? Fico no aguardo.;secretaria_academica;portal;alta;validacao
ATE-00161;Estou com uma dúvida, quero saber sobre a emissão de declaração. Obrigado.;secretaria_academica;chat;media;treino
ATE-00162;venho informar, a página apresenta erro quando tento acessar? isso pode ser verificado, por favor?;suporte_tecnico;chat;media;treino
ATE-00163;minha matrícula mostra uma informação estranha, mas o que preciso resolver primeiro é que preciso conversar sobre a organização da minha grade.;coordenacao;chat;media;treino
ATE-00164;Boa tarde, meu pagamento ainda não foi reconhecido. Isso pode ser verificado, por favor?;financeiro;chat;baixa;teste
ATE-00165;;secretaria_academica;chat;alta;treino
ATE-00166;A página apresenta erro quando tento acessar Obrigado;suporte_tecnico;portal;media;treino
ATE-00167;O comprovante foi enviado, mas o débito continua aberto e também preciso falar com a coordenação sobre meu planejamento acadêmico.;financeiro;email;alta;treino
ATE-00168;Para organizar minha situação, minha matrícula não aparece corretamente.;secretaria_academica;portal;alta;treino
ATE-00169;Oi, não consigo acessar uma tela do sistema, mas o que preciso resolver primeiro é que tenho um problema recorrente em uma turma e preciso de orientação.;coordenacao;portal;baixa;treino
ATE-00170;Na solicitação que abri recentemente, o aplicativo não carrega.;suporte_tecnico;telefone;baixa;treino
ATE-00171;OLÁ, QUERO CONFIRMAR O STATUS DA REMATRÍCULA. COMO RESOLVO?;secretaria_academica;portal;alta;treino
ATE-00172;Preciso de ajuda, também preciso de orientação sobre uma disciplina, mas o que preciso resolver primeiro é que preciso consultar uma pendência de empréstimo. Preciso de um retorno.;biblioteca;presencial;media;treino
ATE-00173;"Não consigo entrar no portal; situação observada para conseguir seguir com o processo.";suporte_tecnico;portal;media;teste
ATE-00174;"preciso renovar um livro; situação observada depois de tentar pelo portal.";biblioteca;portal;baixa;treino
ATE-00175;Olá, bom dia, o comprovante foi enviado, mas o débito continua aberto. Agradeço se puderem olhar isso.;financeiro;email;alta;treino
ATE-00176;"Olá, o aplicativo não carrega; além disso, preciso conferir um livro.";suporte_tecnico;presencial;alta;treino
ATE-00177;Olá, minha senha não funciona. Além disso, preciso renovar um livro.;biblioteca;chat;alta;teste
ATE-00178;não consigo abrir o ambiente virtual. além disso, meu pagamento ainda não foi reconhecido.;financeiro;email;media;treino
ATE-00179;"Venho informar, o desconto da mensalidade não apareceu; além disso, minha matrícula mostra uma informação estranha!";financeiro;portal;media;teste
ATE-00180;"Gente, meu pagamento ainda não foi reconhecido; além disso, também preciso confirmar um documento acadêmico Podem verificar?";financeiro;portal;alta;treino
ATE-00181;Meu login falha às vezes, mas o que preciso resolver primeiro é que preciso corrigir meus dados acadêmicos.;secretaria_academica;portal;alta;treino
ATE-00182;Desde o começo da semana, meu pagamento ainda não foi reconhecido.;financeiro;chat;alta;treino
ATE-00183;oi, preciso confirmar um estorno. isso pode ser verificado, por favor?;financeiro;email;baixa;validacao
ATE-00184;OI, PRECISO SABER O HORÁRIO DE ATENDIMENTO DA BIBLIOTECA;biblioteca;telefone;media;treino
ATE-00185;Por favor, o comprovante foi enviado, mas o débito continua aberto;financeiro;presencial;media;treino
ATE-00186;Tenho dúvida sobre um registro. Minha solicitação principal é: preciso de orientação sobre uma decisão acadêmica que não é apenas cadastral.;coordenacao;email;baixa;treino
ATE-00187;Quero conversar sobre pré-requisitos e sequência de disciplinas.;coordenacao;presencial;baixa;treino
ATE-00188;Gente, venho informar, preciso da segunda via do boleto. Além disso, meu acesso está bloqueado. Fico no aguardo.;suporte_tecnico;telefone;baixa;treino
ATE-00189;Olá, o boleto continua pendente. Minha solicitação principal é: preciso discutir equivalência de conteúdo entre disciplinas;coordenacao;portal;media;treino
ATE-00190;Desde ontem, quero conversar sobre pré-requisitos e sequência de disciplinas.;coordenacao;chat;baixa;treino
ATE-00191;Quero conversar sobre pré-requisitos e sequência de disciplinas, depois de consultar as orientações disponíveis.;coordenacao;chat;media;treino
ATE-00192;Gostaria de solicitar apoio: quero orientação sobre uma situação com uma disciplina?;coordenacao;chat;baixa;treino
ATE-00193;O valor da parcela está diferente, para resolver ainda este mês.;financeiro;portal;media;validacao
ATE-00194;a página apresenta erro quando tento acessar além disso, quero informações sobre calendário de matricula;secretaria_academica;chat;baixa;treino
ATE-00195;TENHO DÚVIDA SOBRE UM REGISTRO, MAS O QUE PRECISO RESOLVER PRIMEIRO É QUE O APLICATIVO NÃO CARREGA.;suporte_tecnico;telefone;media;treino
ATE-00196;Solicito orientação: também preciso confirmar um documento acadêmico, mas o que preciso resolver primeiro é que não consigo entrar no portal.;suporte_tecnico;telefone;media;validacao
ATE-00197;Oi, preciso consultar uma pendência de empréstimo? Obrigada.;biblioteca;telefone;media;treino
ATE-00198;Preciso da segunda via do boleto. Isso aconteceu antes de enviar outro pedido.;financeiro;portal;baixa;treino
ATE-00199;"GOSTARIA DE REGISTRAR, PRECISO SOLICITAR APROVEITAMENTO DE DOCUMENTAÇÃO JA ENTREGUE; AO MESMO TEMPO, PRECISO CONVERSAR SOBRE A ORGANIZAÇÃO DA MINHA GRADE. CONSEGUEM ME ORIENTAR?";coordenacao;presencial;media;treino
ATE-00200;Preciso conferir um livro. Minha solicitação principal é: quero entender o procedimento de trancamento;secretaria_academica;portal;media;validacao
ATE-00201;"Preciso discutir equivalência de conteúdo entre disciplinas; ao mesmo tempo, quero informações sobre calendário de matrícula.";secretaria_academica;telefone;media;treino
ATE-00202;Registro a seguinte situação: não consigo entrar no portal;suporte_tecnico;email;baixa;treino
ATE-00203;o comprovante foi enviado, mas o débito continua aberto e também não consigo abrir o ambiente virtual.;financeiro;chat;media;treino
ATE-00204;Preciso confirmar um estorno, mas tenho ainda outra questão: quero saber sobre a emissão de declaração;financeiro;portal;alta;treino
ATE-00205;Gente, preciso da segunda via do boleto.;financeiro;portal;media;treino
ATE-00206;n consigo acessar um artigo pelo portal da biblioteca. Isso aconteceu nesta semana.;biblioteca;telefone;media;treino
ATE-00207;"Bom dia, o desconto da mensalidade não apareceu; além disso, quero discutir uma decisão acadêmica. Isso pode ser verificado, por favor?";financeiro;presencial;alta;treino
ATE-00208;"meu nome saiu incorreto em um documento acadêmico; além disso, há uma questão pedagógica que preciso avaliar.";secretaria_academica;chat;alta;treino
ATE-00209;Venho informar, preciso de informações sobre vencimento e juros, mas tenho ainda outra questão: minha senha não funciona. Conseguem me orientar?;financeiro;telefone;alta;treino
ATE-00210;Registro a seguinte situação: preciso de ajuda, um livro devolvido ainda aparece comigo? Fico no aguardo.;biblioteca;portal;alta;treino
ATE-00211;Na solicitação que abri recentemente, a página apresenta erro quando tento acessar.;suporte_tecnico;presencial;media;treino
ATE-00212;Bom dia, tenho dúvida sobre um pagamento, mas o que preciso resolver primeiro é que quero informações sobre calendário de matrícula. Agradeço se puderem olhar isso.;secretaria_academica;email;media;treino
ATE-00213;Olá, quero confirmar o status da rematrícula;secretaria_academica;chat;alta;treino
ATE-00214;Antes do prazo informado, a página apresenta erro quando tento acessar.;suporte_tecnico;email;media;validacao
ATE-00215;o aplicativo não carrega;suporte_tecnico;chat;media;treino
ATE-00216;Também tenho uma pendência de empréstimo. Minha solicitação principal é: preciso corrigir meus dados acadêmicos!;secretaria_academica;presencial;alta;teste
ATE-00217;por favor, aparece uma mensagem de erro toda vez q faço login. conseguem me orientar?;suporte_tecnico;chat;baixa;treino
ATE-00218;"Por favor, quero entender uma cobrança na mensalidade; além disso, também preciso de orientação sobre uma disciplina.";financeiro;email;alta;teste
ATE-00219;Minha matricula não aparece corretamente;secretaria_academica;telefone;baixa;treino
ATE-00220;Olá, preciso solicitar um histórico escolar.;secretaria_academica;telefone;baixa;treino
ATE-00221;preciso de orientação sobre uma decisão acadêmica que não é apenas cadastral, mas tenho ainda outra questão: não consigo entrar no portal.;coordenacao;email;alta;treino
ATE-00222;Solicito orientação: preciso corrigir meus dados acadêmicos e, em paralelo, há uma questão pedagógica que preciso avaliar.;secretaria_academica;telefone;alta;treino
ATE-00223;Oi, preciso solicitar aproveitamento de documentação já entregue;secretaria_academica;portal;baixa;treino
ATE-00224;Bom dia, minha matricula não aparece corretamente Preciso de um retorno.;secretaria_academica;portal;media;treino
ATE-00225;oi, meu pagamento ainda não foi reconhecido.;financeiro;email;media;validacao
ATE-00226;o acesso à biblioteca digital falhou, mas o que preciso resolver primeiro é que o desconto da mensalidade não apareceu.;financeiro;email;media;teste
ATE-00227;"QUERIA UMA ORIENTAÇÃO, PRECISO ATUALIZAR UM DOCUMENTO DA MATRÍCULA; ALÉM DISSO, O BOLETO CONTINUA PENDENTE. CONSEGUEM ME ORIENTAR?";secretaria_academica;portal;media;treino
ATE-00228;só queria entender, não consigo abrir o ambiente virtual? agradeço se puderem olhar isso.;suporte_tecnico;telefone;media;treino
ATE-00229;Então, quero entender o procedimento de trancamento. Obrigada.;secretaria_academica;chat;alta;treino
ATE-00230;A devolução de um livro ainda não foi registrada?;biblioteca;telefone;media;treino
ATE-00231;preciso confirmar um estorno e também minha matrícula não aparece corretamente.;financeiro;email;baixa;treino
ATE-00232;Pessoal, o link de recuperação de senha não chega? Agradeço se puderem olhar isso.;suporte_tecnico;email;media;treino
ATE-00233;Gente, fiz o pagamento e ainda aparece pendência?;financeiro;chat;media;treino
ATE-00234;O boleto continua pendente. Minha solicitação principal é: preciso falar com a coordenacao sobre meu planejamento acadêmico.;coordenacao;chat;media;treino
ATE-00235;Também tenho uma pendência de empréstimo. Minha solicitação principal é: quero negociar uma pendência financeira.;financeiro;telefone;alta;treino
ATE-00236;"meu pagamento ainda não foi reconhecido; além disso, minha matrícula mostra uma informação estranha.";financeiro;presencial;alta;treino
ATE-00237;"Preciso de orientação sobre uma decisão acadêmica que não é apenas cadastral; além disso, tenho dúvida sobre um registro.";coordenacao;telefone;alta;treino
ATE-00238;Preciso de orientação sobre uma decisão acadêmica que não é apenas cadastral e também um livro devolvido ainda aparece comigo.;coordenacao;telefone;baixa;treino
ATE-00239;Preciso de ajuda, tenho um problema recorrente em uma turma e preciso de orientação? Agradeço se puderem olhar isso.;coordenacao;presencial;media;teste
ATE-00240;Estou com uma dúvida, o desconto da mensalidade não apareceu. Conseguem me orientar?;financeiro;presencial;alta;treino
ATE-00241;"Minha matrícula não aparece corretamente; situação observada para resolver ainda este mês.";secretaria_academica;email;media;treino
ATE-00242;preciso de orientação sobre uma decisão acadêmica q não é apenas cadastral;coordenacao;telefone;baixa;treino
ATE-00243;Por favor, preciso atualizar um documento da matrícula.;secretaria_academica;email;media;treino
ATE-00244;Minha matrícula mostra uma informação estranha. Minha solicitação principal é: fiz o pagamento e ainda aparece pendência.;financeiro;telefone;media;validacao
ATE-00245;Não consigo abrir o ambiente virtual, desde a última atualização do sistema.;suporte_tecnico;email;alta;validacao
ATE-00246;Minha matrícula não aparece corretamente e, em paralelo, o boleto continua pendente.;secretaria_academica;presencial;baixa;teste
ATE-00247;Também preciso de orientação sobre uma disciplina. Minha solicitação principal é: preciso corrigir meus dados acadêmicos.;secretaria_academica;presencial;baixa;treino
ATE-00248;Oi, a página apresenta erro quando tento acessar?;suporte_tecnico;telefone;alta;treino
ATE-00249;a plataforma fica em tela branca. Isso aconteceu depois de consultar as orientações disponíveis.;suporte_tecnico;email;media;treino
ATE-00250;Estou com uma dúvida, o comprovante foi enviado, mas o débito continua aberto e, em paralelo, também tenho uma pendência de empréstimo. Obrigado.;financeiro;telefone;alta;teste
ATE-00251;Também preciso confirmar um documento acadêmico, mas o que preciso resolver primeiro é que não consigo abrir o ambiente virtual.;suporte_tecnico;telefone;alta;treino
ATE-00252;"Quero negociar uma pendência financeira; ao mesmo tempo, preciso renovar um livro.";biblioteca;email;media;teste
ATE-00253;quero negociar uma pendência financeira, para resolver ainda este mês.;financeiro;portal;baixa;treino
ATE-00254;Gente, quero discutir uma decisão acadêmica, mas o que preciso resolver primeiro é que preciso renovar um livro.;biblioteca;chat;media;treino
ATE-00255;Tenho um problema recorrente em uma turma e preciso de orientação.;coordenacao;telefone;baixa;treino
ATE-00256;Gostaria de solicitar apoio: preciso corrigir meus dados acadêmicos.;secretaria_academica;chat;media;teste
ATE-00257;Então, preciso de orientação sobre uma decisão acadêmica que não é apenas cadastral.;coordenacao;portal;media;treino
ATE-00258;Olá, há uma questão pedagógica que preciso avaliar. Minha solicitação principal é: preciso saber o horário de atendimento da biblioteca. Agradeço se puderem olhar isso.;biblioteca;email;media;treino
ATE-00259;Oi, meu pagamento ainda não foi reconhecido, para conseguir seguir com o processo.;financeiro;portal;media;validacao
ATE-00260;Registro a seguinte situação: preciso confirmar um estorno e, em paralelo, também preciso de orientação sobre uma disciplina.;financeiro;telefone;media;treino
ATE-00261;Preciso de ajuda, quero entender o procedimento de trancamento e, em paralelo, o boleto continua pendente. Como resolvo?;secretaria_academica;telefone;alta;treino
ATE-00262;não consigo entrar no portal;suporte_tecnico;telefone;alta;treino
ATE-00263;Então, preciso confirmar um estorno;financeiro;presencial;media;validacao
ATE-00264;Olá, um livro devolvido ainda aparece comigo? Agradeço se puderem olhar isso.;biblioteca;chat;baixa;treino
ATE-00265;Preciso de informações sobre vencimento e juros, para resolver ainda este mês.;financeiro;presencial;baixa;treino
ATE-00266;Por favor, bom dia, tenho um problema recorrente em uma turma e preciso de orientação Isso pode ser verificado, por favor?;coordenacao;presencial;alta;treino
ATE-00267;gente, também preciso confirmar um documento acadêmico, mas o que preciso resolver primeiro é que a devolução de um livro ainda não foi registrada.;biblioteca;presencial;baixa;teste
ATE-00268;"Olá, preciso confirmar um estorno; além disso, também preciso confirmar um documento acadêmico";financeiro;presencial;baixa;treino
ATE-00269;Então, preciso saber o horário de atendimento da biblioteca, mas tenho ainda outra questão: uma disciplina não consta no meu registro.;biblioteca;presencial;alta;treino
ATE-00270;bom dia, preciso da segunda via do boleto. além disso, não consigo acessar a base de periódicos. isso pode ser verificado, por favor?;biblioteca;email;alta;validacao
ATE-00271;Não consigo visualizar o boleto deste mês. Isso aconteceu antes do prazo informado.;financeiro;portal;baixa;validacao
ATE-00272;Preciso consultar uma pendência de empréstimo e, em paralelo, tenho dúvida sobre um pagamento.;biblioteca;telefone;media;treino
ATE-00273;Tenho dúvida sobre um registro, mas o que preciso resolver primeiro é que quero orientação sobre uma situação com uma disciplina;coordenacao;portal;baixa;treino
ATE-00274;Só queria entender, não consigo acessar a base de periódicos? Fico no aguardo.;biblioteca;email;media;validacao
ATE-00275;"Oi, meu nome saiu incorreto em um documento acadêmico; além disso, meu login falha às vezes.";secretaria_academica;email;media;teste
ATE-00276;Meu acesso está bloqueado?!;suporte_tecnico;chat;alta;validacao
ATE-00277;O sistema fecha antes de concluir a operação;suporte_tecnico;email;baixa;treino
ATE-00278;"Oi, quero saber sobre a emissão de declaração; ao mesmo tempo, preciso discutir equivalência de conteúdo entre disciplinas.";coordenacao;telefone;baixa;treino
ATE-00279;"Então, quero confirmar a multa de um empréstimo atrasado; ao mesmo tempo, não consigo entrar no portal.";suporte_tecnico;email;baixa;treino
ATE-00280;"Quero entender uma cobrança na mensalidade; situação observada nesta semana.";financeiro;email;media;treino
ATE-00281;Preciso saber o horário de atendimento da biblioteca e, em paralelo, o portal também está dando erro!;biblioteca;email;media;treino
ATE-00282;Solicito orientação: só queria entender, também tenho uma pendência de empréstimo, mas o que preciso resolver primeiro é que quero saber sobre a emissão de declaração. Conseguem me orientar?;secretaria_academica;portal;baixa;treino
ATE-00283;Então, não consigo acessar a base de periódicos;biblioteca;telefone;media;treino
ATE-00284;"Gente, meu acesso está bloqueado; situação observada desde o começo da semana.";suporte_tecnico;chat;alta;teste
ATE-00285;meu acesso está bloqueado 😤!;suporte_tecnico;email;baixa;validacao
ATE-00286;"QUERO ENTENDER UMA COBRANÇA NA MENSALIDADE; ALÉM DISSO, TAMBÉM TENHO UMA PENDÊNCIA DE EMPRÉSTIMO.";financeiro;presencial;media;validacao
ATE-00287;Bom dia, preciso consultar uma pendência de empréstimo. Obrigado.;biblioteca;telefone;baixa;treino
ATE-00288;Oi, pessoal, minha senha não funciona Conseguem me orientar?;suporte_tecnico;email;baixa;treino
ATE-00289;"meu pagamento ainda não foi reconhecido; além disso, o portal também está dando erro.";financeiro;telefone;baixa;treino
ATE-00290;Não consigo abrir o ambiente virtual e, em paralelo, também tenho uma pendência de empréstimo.;suporte_tecnico;presencial;baixa;treino
ATE-00291;só queria entender, minha matrícula não aparece corretamente? obrigado.;secretaria_academica;email;alta;treino
ATE-00292;olá, preciso falar com a coordenação sobre meu planejamento acadêmico;coordenacao;telefone;alta;treino
ATE-00293;Gostaria de solicitar apoio: quero entender uma cobrança na mensalidade.;financeiro;presencial;media;validacao
ATE-00294;UMA DISCIPLINA NÃO CONSTA NO MEU REGISTRO;secretaria_academica;telefone;baixa;treino
ATE-00295;PRECISO SOLICITAR UM HISTÓRICO ESCOLAR?;secretaria_academica;telefone;media;treino
ATE-00296;Gostaria de registrar, fiz o pagamento e ainda aparece pendência Preciso de um retorno.;financeiro;presencial;baixa;treino
ATE-00297;"por favor, preciso avaliar uma situação excepcional no meu percurso acadêmico; além disso, preciso conferir um livro. agradeço se puderem olhar isso.";coordenacao;email;alta;treino
ATE-00298;"só queria entender, meu nome saiu incorreto em um documento acadêmico; além disso, preciso conferir um livro. isso pode ser verificado, por favor?";secretaria_academica;chat;media;treino
ATE-00299;Alguém consegue me ajudar, uma disciplina não consta no meu registro Preciso de um retorno.;secretaria_academica;presencial;media;validacao
ATE-00300;Uma disciplina não consta no meu registro. Isso aconteceu depois de tentar pelo portal.;secretaria_academica;email;media;treino
ATE-00301;minha senha não funciona;suporte_tecnico;presencial;media;treino
ATE-00302;Quero orientação sobre uma situação com uma disciplina. Isso aconteceu depois de tentar pelo portal.;coordenacao;email;media;teste
ATE-00303;Por favor, meu login falha às vezes. Minha solicitação principal é: o desconto da mensalidade não apareceu.;financeiro;email;baixa;treino
ATE-00304;Tenho um problema recorrente em uma turma e preciso de orientação;coordenacao;portal;alta;treino
ATE-00305;Para conseguir seguir com o processo, minha matrícula não aparece corretamente.;secretaria_academica;portal;media;treino
ATE-00306;Quero confirmar o status da rematrícula e, em paralelo, não consigo acessar uma tela do sistema. Isso aconteceu depois de consultar as orientações disponíveis.;secretaria_academica;chat;alta;treino
ATE-00307;Registro a seguinte situação: boa tarde, tenho dúvida sobre um pagamento, mas o que preciso resolver primeiro é que uma disciplina não consta no meu registro. Agradeço se puderem olhar isso.;secretaria_academica;chat;media;treino
ATE-00308;quero saber sobre a emissão de declaração. além disso, preciso avaliar uma situação excepcional no meu percurso acadêmico.;coordenacao;telefone;alta;treino
ATE-00309;Depois de tentar pelo portal, aparece uma mensagem de erro toda vez que faço login.;suporte_tecnico;email;alta;treino
ATE-00310;"a devolução de um livro ainda nao foi registrada; além disso, tenho dúvida sobre um pagamento";biblioteca;email;baixa;treino
ATE-00311;Gente, meu pagamento ainda não foi reconhecido.;financeiro;email;media;treino
ATE-00312;Preciso falar com a coordenação sobre meu planejamento acadêmico, mas tenho ainda outra questão: uma disciplina não consta no meu registro.;coordenacao;presencial;media;treino
ATE-00313;Por favor, preciso solicitar aproveitamento de documentação já entregue? Como resolvo?;secretaria_academica;email;baixa;treino
ATE-00314;preciso confirmar um estorno. Isso aconteceu desde a última atualização do sistema.;financeiro;chat;media;teste
ATE-00315;o aplicativo nao carrega e, em paralelo, quero discutir uma decisão acadêmica.;suporte_tecnico;portal;baixa;treino
ATE-00316;Por favor, bom dia, a devolução de um livro ainda não foi registrada. Conseguem me orientar?;biblioteca;presencial;media;treino
ATE-00317;"Oi, boa tarde, quero conversar sobre pré-requisitos e sequência de disciplinas; ao mesmo tempo, meu pagamento ainda não foi reconhecido. Obrigado!";financeiro;chat;media;teste
ATE-00318;alguém consegue me ajudar, meu login falha às vezes, mas o que preciso resolver primeiro é que quero entender uma cobrança na mensalidade. agradeço se puderem olhar isso.;financeiro;presencial;baixa;validacao
ATE-00319;Preciso conversar sobre a organização da minha grade e também aparece uma mensagem de erro toda vez que faço login.;coordenacao;portal;media;treino
ATE-00320;Preciso corrigir meus dados acadêmicos, mas tenho ainda outra questão: o sistema fecha antes de concluir a operação.;secretaria_academica;portal;media;treino
ATE-00321;"Quero orientação sobre uma situação com uma disciplina; além disso, o portal também está dando erro.";coordenacao;presencial;baixa;treino
ATE-00322;alguém consegue me ajudar, a devolução de um livro ainda não foi registrada preciso de um retorno;biblioteca;presencial;media;treino
ATE-00323;"Olá, preciso da segunda via do boleto; situação observada antes de enviar outro pedido.";financeiro;chat;baixa;validacao
ATE-00324;só queria entender, não consigo entrar no portal isso pode ser verificado, por favor;suporte_tecnico;portal;media;treino
ATE-00325;Então, meu acesso está bloqueado e também não consigo acessar a base de periódicos.;suporte_tecnico;telefone;media;treino
ATE-00326;preciso solicitar aproveitamento de documentação já entregue. ...;secretaria_academica;portal;media;validacao
ATE-00327;preciso de informações sobre vencimento e juros. Isso aconteceu depois de consultar as orientações disponíveis.;financeiro;email;alta;teste
ATE-00328;Quero saber sobre a emissão de declaração, para resolver ainda este mês.;secretaria_academica;email;baixa;treino
ATE-00329;gostaria de registrar, a devolução de um livro ainda não foi registrada e, em paralelo, tenho dúvida sobre um registro. isso pode ser verificado, por favor?;biblioteca;email;alta;treino
ATE-00330;Preciso solicitar um histórico escolar. Isso aconteceu depois de consultar as orientações disponíveis.;secretaria_academica;email;media;validacao
ATE-00331;Olá, também preciso confirmar um documento acadêmico. Minha solicitação principal é: quero reservar um exemplar.;biblioteca;telefone;baixa;teste
ATE-00332;Solicito orientação: também preciso de orientação sobre uma disciplina. Minha solicitação principal é: o link de recuperação de senha não chega.;suporte_tecnico;presencial;baixa;teste
ATE-00333;Estou com uma dúvida, quero discutir uma situação pedagógica com a turma. Agradeço se puderem olhar isso.;coordenacao;email;media;teste
ATE-00334;Boa tarde, a página apresenta erro quando tento acessar.;suporte_tecnico;telefone;media;teste
ATE-00335;preciso da segunda via do boleto? 🙂;financeiro;chat;media;treino
ATE-00336;"preciso confirmar um estorno; ao mesmo tempo, preciso solicitar um histórico escolar.";secretaria_academica;chat;media;treino
ATE-00337;"O desconto da mensalidade não apareceu; ao mesmo tempo, não consigo acessar a base de periódicos. Obrigado.";biblioteca;telefone;media;treino
ATE-00338;;biblioteca;telefone;baixa;treino
ATE-00339;Olá, minha matricula não aparece corretamente.;secretaria_academica;portal;baixa;treino
ATE-00340;Antes da próxima aula, quero entender uma cobrança na mensalidade.;financeiro;email;media;treino
ATE-00341;preciso consultar uma pendência de empréstimo, mas tenho ainda outra questão: a página apresenta erro quando tento acessar.;biblioteca;email;baixa;teste
ATE-00342;"Oi, quero entender o procedimento de trancamento. Além disso, quero negociar uma pendência financeira; preciso de retorno.";financeiro;portal;alta;treino
ATE-00343;Preciso falar com a coordenação sobre meu planejamento acadêmico. Além disso, quero saber se um título está disponível.;biblioteca;chat;alta;treino
ATE-00344;"quero saber sobre a emissão de declaração; situação observada antes do prazo informado.";secretaria_academica;email;baixa;treino
ATE-00345;O valor da parcela está diferente?;financeiro;email;media;treino
ATE-00346;quero informações sobre calendário de matrícula;secretaria_academica;chat;baixa;teste
ATE-00347;Alguém consegue me ajudar, o portal também está dando erro, mas o que preciso resolver primeiro é que o desconto da mensalidade não apareceu. Agradeço se puderem olhar isso.;financeiro;presencial;alta;treino
ATE-00348;Também tenho uma pendência de empréstimo, mas o que preciso resolver primeiro é que preciso de orientação sobre uma decisão acadêmica que não é apenas cadastral.;coordenacao;presencial;baixa;teste
ATE-00349;Aparece uma mensagem de erro toda vez que faço login, antes da próxima aula.;suporte_tecnico;chat;baixa;treino
ATE-00350;Gente, meu acesso está bloqueado.;suporte_tecnico;telefone;alta;treino
ATE-00351;"Quero orientação sobre uma situação com uma disciplina; além disso, também apareceu uma cobrança que não reconheço.";coordenacao;presencial;alta;treino
ATE-00352;O portal também está dando erro. Minha solicitação principal é: preciso conversar sobre a organização da minha grade.;coordenacao;chat;media;treino
ATE-00353;uma disciplina não consta no meu registro. Isso aconteceu antes do início das aulas.;secretaria_academica;presencial;media;treino
ATE-00354;Oi, uma disciplina não consta no meu registro Agradeço se puderem olhar isso.;secretaria_academica;telefone;baixa;teste
ATE-00355;Queria uma orientação, aparece uma mensagem de erro toda vez que faço login. Além disso, preciso confirmar um estorno.;financeiro;portal;media;treino
ATE-00356;boa tarde, aparece uma mensagem de erro toda vez que faço login agradeço se puderem olhar isso;suporte_tecnico;telefone;media;teste
ATE-00357;Gostaria de registrar, a plataforma fica em tela branca. Obrigada.;suporte_tecnico;email;baixa;treino
ATE-00358;há uma questão pedagógica q preciso avaliar, mas o q preciso resolver primeiro é q preciso de informações sobre vencimento e juros.;financeiro;chat;media;treino
ATE-00359;"Gente, não consigo entrar no portal; além disso, tenho dúvida sobre um pagamento.";suporte_tecnico;telefone;media;treino
ATE-00360;Por favor, por favor, tenho um problema recorrente em uma turma e preciso de orientação Obrigado.;coordenacao;portal;alta;teste
ATE-00361;Gostaria de solicitar apoio: preciso avaliar uma situação excepcional no meu percurso acadêmico;coordenacao;portal;alta;treino
ATE-00362;O link de recuperação de senha não chega. Além disso, o desconto da mensalidade não apareceu.;financeiro;chat;media;treino
ATE-00363;a plataforma fica em tela branca?;suporte_tecnico;portal;media;treino
ATE-00364;o portal também está dando erro, mas o que preciso resolver primeiro é que não consigo visualizar o boleto deste mês;financeiro;presencial;alta;treino
ATE-00365;Também preciso confirmar um documento acadêmico, mas o que preciso resolver primeiro é que preciso conversar sobre a organização da minha grade.;coordenacao;telefone;baixa;treino
ATE-00366;O sistema fecha antes de concluir a operação, desde a última atualização do sistema.;suporte_tecnico;portal;baixa;validacao
ATE-00367;;biblioteca;email;baixa;treino
ATE-00368;Gostaria de registrar, o sistema fecha antes de concluir a operação? Podem verificar?;suporte_tecnico;portal;alta;treino
ATE-00369;pessoal, não consigo acessar um artigo pelo portal da biblioteca. obrigada.;biblioteca;chat;baixa;treino
ATE-00370;Preciso saber o horário de atendimento da biblioteca, mas tenho ainda outra questão: preciso falar com a coordenação sobre meu planejamento acadêmico;biblioteca;telefone;baixa;teste
ATE-00371;preciso conferir um livro, mas o que preciso resolver primeiro é que preciso de informações sobre vencimento e juros. 😤;financeiro;chat;media;treino
ATE-00372;Registro a seguinte situação: o link de recuperação de senha não chega e também preciso confirmar um estorno.;suporte_tecnico;email;alta;teste
ATE-00373;O acesso à biblioteca digital falhou, mas o que preciso resolver primeiro é que preciso de informações sobre vencimento e juros.;financeiro;chat;media;treino
ATE-00374;queria uma orientação, um livro devolvido ainda aparece comigo obrigada!;biblioteca;email;media;treino
ATE-00375;Gente, quero confirmar o status da rematrícula;secretaria_academica;portal;alta;teste
ATE-00376;Não consigo acessar a base de periódicos e, em paralelo, também preciso de orientação sobre uma disciplina. Isso pode ser verificado, por favor?;biblioteca;telefone;media;validacao
ATE-00377;Desde a última atualização do sistema, preciso solicitar um histórico escolar.;secretaria_academica;chat;baixa;treino
ATE-00378;Boa tarde, preciso solicitar aproveitamento de documentação já entregue. Agradeço se puderem olhar isso.;secretaria_academica;email;media;treino
ATE-00379;Gostaria de solicitar apoio: boa tarde, a plataforma fica em tela branca Conseguem me orientar?;suporte_tecnico;chat;media;treino
ATE-00380;Então, alguém consegue me ajudar, uma disciplina não consta no meu registro. Obrigado.;secretaria_academica;presencial;alta;treino
ATE-00381;Também preciso confirmar um documento acadêmico, mas o que preciso resolver primeiro é que tenho um problema recorrente em uma turma e preciso de orientação.;coordenacao;telefone;media;validacao
ATE-00382;"Gostaria de solicitar apoio: quero informações sobre calendário de matrícula; além disso, meu login falha às vezes.";secretaria_academica;presencial;baixa;treino
ATE-00383;boa tarde, tenho um problema recorrente em uma turma e preciso de orientação. isso pode ser verificado, por favor?;coordenacao;portal;alta;teste
ATE-00384;Olá, o portal também está dando erro. Minha solicitação principal é: quero entender uma cobrança na mensalidade. Obrigada.;financeiro;portal;baixa;validacao
ATE-00385;"Boa tarde, quero entender uma cobrança na mensalidade; além disso, preciso conferir um livro. Isso pode ser verificado, por favor?";financeiro;presencial;media;treino
ATE-00386;"O boleto continua pendente, mas o que preciso resolver primeiro é que uma disciplina não consta no meu registro; situação observada desde o começo da semana.";secretaria_academica;portal;baixa;treino
ATE-00387;QUERO ORIENTAÇÃO ACADÊMICA ANTES DE ESCOLHER AS PRÓXIMAS MATÉRIAS?;coordenacao;telefone;media;treino
ATE-00388;Olá, quero discutir uma decisão acadêmica, mas o que preciso resolver primeiro é que preciso saber o horário de atendimento da biblioteca.;biblioteca;chat;baixa;treino
ATE-00389;minha matrícula mostra uma informação estranha, mas o que preciso resolver primeiro é que o link de recuperação de senha não chega;suporte_tecnico;presencial;alta;treino
ATE-00390;Gente, o comprovante foi enviado, mas o débito continua aberto e também preciso renovar um livro.;financeiro;presencial;baixa;treino
ATE-00391;Registro a seguinte situação: a devolução de um livro ainda não foi registrada. Além disso, preciso solicitar aproveitamento de documentação já entregue.;secretaria_academica;email;alta;treino
ATE-00392;Preciso de ajuda, tenho um problema recorrente em uma turma e preciso de orientação? Podem verificar?;coordenacao;presencial;baixa;treino
ATE-00393;"Quero informações sobre calendário de matrícula; além disso, há uma questão pedagógica que preciso avaliar.";secretaria_academica;portal;alta;treino
ATE-00394;"preciso de ajuda, o valor da parcela está diferente; além disso, minha matrícula mostra uma informação estranha. conseguem me orientar?";financeiro;chat;media;treino
ATE-00395;Preciso de ajuda, quero saber sobre a emissão de declaração e, em paralelo, há uma questão pedagógica que preciso avaliar. Como resolvo?;secretaria_academica;chat;media;validacao
ATE-00396;Só queria entender, não consigo entrar no portal, mas tenho ainda outra questão: quero orientação sobre uma situação com uma disciplina.;suporte_tecnico;email;alta;validacao
ATE-00397;preciso confirmar um estorno Podem verificar?;financeiro;portal;media;treino
ATE-00398;pessoal, o desconto da mensalidade n apareceu e, em paralelo, meu login falha às vezes. obrigado.;financeiro;telefone;alta;validacao
ATE-00399;Oi, há uma questão pedagógica que preciso avaliar. Minha solicitação principal é: não consigo acessar um artigo pelo portal da biblioteca. Obrigada.;biblioteca;email;baixa;treino
ATE-00400;Por favor, também tenho uma pendência de empréstimo, mas o que preciso resolver primeiro é que o comprovante foi enviado, mas o débito continua aberto.;financeiro;chat;alta;treino
ATE-00401;Então, quero confirmar a multa de um empréstimo atrasado e, em paralelo, não consigo acessar uma tela do sistema.;biblioteca;chat;media;teste
ATE-00402;Gostaria de registrar, não consigo acessar uma tela do sistema, mas o que preciso resolver primeiro é que o desconto da mensalidade não apareceu. Podem verificar?;financeiro;chat;alta;treino
ATE-00403;boa tarde, quero negociar uma pendência financeira preciso de um retorno!;financeiro;telefone;baixa;treino
ATE-00404;"Preciso discutir equivalência de conteúdo entre disciplinas; situação observada para resolver ainda este mês.";coordenacao;chat;baixa;treino
ATE-00405;bom dia, fiz o pagamento e ainda aparece pendência agradeço se puderem olhar isso.;financeiro;email;baixa;teste
ATE-00406;Então, preciso avaliar uma situação excepcional no meu percurso acadêmico e também o sistema fecha antes de concluir a operação.;coordenacao;telefone;media;teste
ATE-00407;Preciso confirmar um estorno.;financeiro;email;baixa;treino
ATE-00408;quero entender uma cobrança na mensalidade e também preciso saber o horário de atendimento da biblioteca.;financeiro;email;baixa;treino
ATE-00409;Meu pagamento ainda não foi reconhecido.;financeiro;telefone;media;treino
ATE-00410;Então, quero negociar uma pendência financeira?;financeiro;email;media;treino
ATE-00411;Então, preciso avaliar uma situação excepcional no meu percurso acadêmico? Podem verificar?;coordenacao;presencial;baixa;treino
ATE-00412;"Oi, quero saber se um título está disponível; além disso, também preciso de orientação sobre uma disciplina.";biblioteca;presencial;media;treino
ATE-00413;Aparece uma mensagem de erro toda vez que faço login, mas tenho ainda outra questão: preciso saber o horário de atendimento da biblioteca.;suporte_tecnico;email;media;treino
ATE-00414;Só queria entender, também apareceu uma cobrança que não reconheço. Minha solicitação principal é: preciso atualizar um documento da matrícula. Podem verificar?;secretaria_academica;chat;media;treino
ATE-00415;o link de recuperação de senha não chega. Isso aconteceu no semestre atual.;suporte_tecnico;chat;alta;treino
ATE-00416;Por favor, quero entender o procedimento de trancamento.;secretaria_academica;presencial;baixa;treino
ATE-00417;Minha matricula mostra uma informação estranha, mas o que preciso resolver primeiro é que um livro devolvido ainda aparece comigo.;biblioteca;portal;baixa;teste
ATE-00418;Por favor, por favor, o desconto da mensalidade não apareceu Preciso de um retorno.;financeiro;email;alta;treino
ATE-00419;Oi, o link de recuperação de senha não chega. Isso aconteceu antes do início das aulas.;suporte_tecnico;email;media;validacao
ATE-00420;Também preciso confirmar um documento acadêmico. Minha solicitação principal é: preciso discutir equivalência de conteúdo entre disciplinas. Isso aconteceu na solicitação que abri recentemente.;coordenacao;email;media;validacao
ATE-00421;Então, quero saber sobre a emissão de declaração, antes do início das aulas.;secretaria_academica;presencial;baixa;treino
ATE-00422;Antes do prazo informado, o comprovante foi enviado, mas o débito continua aberto.;financeiro;telefone;baixa;treino
ATE-00423;Então, por favor, preciso solicitar aproveitamento de documentação já entregue. Podem verificar?;secretaria_academica;telefone;alta;teste
ATE-00424;minha matrícula não aparece corretamente.;secretaria_academica;chat;media;treino
ATE-00425;"Pessoal, uma disciplina não consta no meu registro; ao mesmo tempo, o link de recuperação de senha não chega. Como resolvo?";suporte_tecnico;portal;alta;treino
ATE-00426;"Venho informar, quero entender o procedimento de trancamento; além disso, o boleto continua pendente. Podem verificar?";secretaria_academica;telefone;alta;validacao
ATE-00427;QUERO NEGOCIAR UMA PENDÊNCIA FINANCEIRA. COMO RESOLVO?;financeiro;presencial;media;validacao
ATE-00428;pessoal, um livro devolvido ainda aparece comigo? isso pode ser verificado, por favor?;biblioteca;telefone;media;teste
ATE-00429;boa tarde, quero entender uma cobrança na mensalidade conseguem me orientar!;financeiro;chat;baixa;treino
ATE-00430;"Uma disciplina nao consta no meu registro; além disso, o acesso à biblioteca digital falhou.";secretaria_academica;telefone;alta;treino
ATE-00431;"Quero saber sobre a emissão de declaração; situação observada para organizar minha situação.";secretaria_academica;telefone;alta;treino
ATE-00432;OI, O COMPROVANTE FOI ENVIADO, MAS O DÉBITO CONTINUA ABERTO? FICO NO AGUARDO.;financeiro;chat;media;treino
ATE-00433;Desde ontem, preciso de informações sobre vencimento e juros.;financeiro;presencial;media;teste
ATE-00434;"boa tarde, a página apresenta erro quando tento acessar; além disso, também apareceu uma cobrança que não reconheço. preciso de um retorno.";suporte_tecnico;telefone;media;validacao
ATE-00435;Não consigo anexar o arquivo no portal e, em paralelo, também apareceu uma cobrança que não reconheço.;suporte_tecnico;presencial;media;validacao
ATE-00436;Por favor, preciso renovar um livro.;biblioteca;chat;baixa;treino
ATE-00437;"preciso solicitar aproveitamento de documentação já entregue; além disso, meu login falha às vezes.";secretaria_academica;telefone;baixa;treino
ATE-00438;meu pagamento ainda não foi reconhecido. Isso aconteceu desde o começo da semana.;financeiro;telefone;baixa;treino
ATE-00439;Olá, quero saber se um título está disponível e também aparece uma mensagem de erro toda vez que faço login.;biblioteca;email;alta;treino
ATE-00440;Oi, o aplicativo não carrega;suporte_tecnico;email;media;teste
ATE-00441;Minha senha não funciona.;suporte_tecnico;telefone;baixa;treino
ATE-00442;o valor da parcela está diferente, no semestre atual.;financeiro;telefone;media;validacao
ATE-00443;"quero saber se um título está disponível; situação observada na solicitação que abri recentemente.";biblioteca;portal;baixa;treino
ATE-00444;Desde ontem, uma disciplina não consta no meu registro.;secretaria_academica;chat;alta;treino
ATE-00445;Quero orientação acadêmica antes de escolher as próximas matérias, mas tenho ainda outra questão: não consigo anexar o arquivo no portal.;coordenacao;portal;alta;treino
ATE-00446;meu nome saiu incorreto em um documento acadêmico;secretaria_academica;presencial;media;treino
ATE-00447;Quero orientação acadêmica antes de escolher as próximas matérias!;coordenacao;presencial;media;teste
ATE-00448;o boleto continua pendente minha solicitação principal é: a plataforma fica em tela branca;suporte_tecnico;portal;baixa;treino
ATE-00449;também preciso de orientação sobre uma disciplina minha solicitação principal é: o link de recuperação de senha não chega!!!;suporte_tecnico;telefone;baixa;treino
ATE-00450;quero saber sobre a emissão de declaração e, em paralelo, meu login falha às vezes. isso pode ser verificado, por favor?;secretaria_academica;email;media;validacao
ATE-00451;Estou com uma dúvida, quero informações sobre calendário de matrícula? Preciso de um retorno.;secretaria_academica;presencial;media;validacao
ATE-00452;pessoal, também preciso de orientação sobre uma disciplina. minha solicitação principal é: o comprovante foi enviado, mas o débito continua aberto.;financeiro;chat;media;treino
ATE-00453;também preciso confirmar um documento acadêmico, mas o q preciso resolver primeiro é q preciso falar com a coordenação sobre meu planejamento acadêmico. isso pode ser verificado, por favor?;coordenacao;presencial;alta;treino
ATE-00454;preciso de informações sobre vencimento e juros. Isso aconteceu antes do início das aulas.;financeiro;presencial;media;validacao
ATE-00455;Preciso conferir um livro, mas o que preciso resolver primeiro é que fiz o pagamento e ainda aparece pendência.;financeiro;telefone;media;treino
ATE-00456;Só queria entender, não consigo anexar o arquivo no portal Fico no aguardo.;suporte_tecnico;email;baixa;teste
ATE-00457;Quero confirmar o status da rematrícula. Isso aconteceu antes do início das aulas.;secretaria_academica;email;media;treino
ATE-00458;Quero discutir uma decisão acadêmica. Minha solicitação principal é: preciso consultar uma pendência de empréstimo.;biblioteca;presencial;media;treino
ATE-00459;Preciso falar com a coordenação sobre meu planejamento acadêmico;coordenacao;telefone;baixa;validacao
ATE-00460;ALGUÉM CONSEGUE ME AJUDAR, PRECISO DISCUTIR EQUIVALÊNCIA DE CONTEÚDO ENTRE DISCIPLINAS? OBRIGADA.;coordenacao;telefone;media;teste
ATE-00461;Meu acesso está bloqueado, mas tenho ainda outra questão: preciso de informações sobre vencimento e juros.;suporte_tecnico;email;media;treino
ATE-00462;O acesso à biblioteca digital falhou, mas o que preciso resolver primeiro é que preciso discutir equivalência de conteúdo entre disciplinas.;coordenacao;telefone;media;treino
ATE-00463;Preciso de ajuda, fiz o pagamento e ainda aparece pendência Fico no aguardo.;financeiro;presencial;baixa;teste
ATE-00464;quero discutir uma decisão acadêmica, mas o que preciso resolver primeiro é que quero saber sobre a emissão de declaração!;secretaria_academica;portal;media;treino
ATE-00465;Oi, queria uma orientação, o valor da parcela está diferente e, em paralelo, o acesso à biblioteca digital falhou. Como resolvo?;financeiro;telefone;media;treino
ATE-00466;Oi, alguém consegue me ajudar, preciso confirmar um estorno Agradeço se puderem olhar isso.;financeiro;portal;baixa;teste
ATE-00467;Fiz o pagamento e ainda aparece pendência e, em paralelo, preciso conferir um livro.;financeiro;email;media;treino
ATE-00468;Oi, não consigo acessar a base de periódicos, mas tenho ainda outra questão: preciso conversar sobre a organização da minha grade.;biblioteca;telefone;media;validacao
ATE-00469;Quero saber se um título está disponível. Além disso, não consigo visualizar o boleto deste mês!;financeiro;email;media;validacao
ATE-00470;Preciso solicitar um histórico escolar. Isso aconteceu no semestre atual.;secretaria_academica;presencial;alta;validacao
ATE-00471;Registro a seguinte situação: preciso solicitar um histórico escolar.;secretaria_academica;presencial;alta;treino
ATE-00472;"preciso da segunda via do boleto; ao mesmo tempo, quero informações sobre calendário de matrícula.";secretaria_academica;chat;media;teste
ATE-00473;Não consigo abrir o ambiente virtual e também preciso solicitar aproveitamento de documentação já entregue.;suporte_tecnico;email;alta;treino
ATE-00474;gostaria de registrar, uma disciplina n consta no meu registro. como resolvo?;secretaria_academica;email;media;treino
ATE-00475;"Nesta semana, quero orientação sobre uma situação com uma disciplina; além disso, também tenho uma pendência de empréstimo.";coordenacao;portal;media;teste
ATE-00476;"Meu pagamento ainda não foi reconhecido; além disso, também preciso de orientação sobre uma disciplina";financeiro;presencial;alta;treino
ATE-00477;Aparece uma mensagem de erro toda vez que faço login. Além disso, não consigo acessar um artigo pelo portal da biblioteca.;biblioteca;chat;media;treino
ATE-00478;tenho dúvida sobre um registro. minha solicitação principal é: preciso falar com a coordenação sobre meu planejamento acadêmico;coordenacao;presencial;baixa;treino
ATE-00479;Então, pessoal, minha matrícula não aparece corretamente? Obrigado;secretaria_academica;presencial;baixa;treino
ATE-00480;UMA DISCIPLINA NÃO CONSTA NO MEU REGISTRO E TAMBÉM UM LIVRO DEVOLVIDO AINDA APARECE COMIGO.;secretaria_academica;telefone;baixa;treino
ATE-00481;Quero conversar sobre pré-requisitos e sequência de disciplinas e também quero entender uma cobrança na mensalidade.;coordenacao;portal;baixa;validacao
ATE-00482;Minha senha não funciona. Além disso, quero orientação sobre uma situação com uma disciplina.;coordenacao;telefone;media;treino
ATE-00483;Então, quero saber se um título está disponível;biblioteca;portal;baixa;validacao
ATE-00484;Para organizar minha situação, fiz o pagamento e ainda aparece pendência.;financeiro;portal;media;validacao
ATE-00485;Gostaria de solicitar apoio: preciso corrigir meus dados acadêmicos?;secretaria_academica;email;media;treino
ATE-00486;não consigo abrir o ambiente virtual. Isso aconteceu depois de tentar pelo portal.;suporte_tecnico;telefone;baixa;treino
ATE-00487;Preciso de ajuda, meu pagamento ainda não foi reconhecido e, em paralelo, o acesso à biblioteca digital falhou. Podem verificar?;financeiro;email;baixa;treino
ATE-00488;Preciso solicitar um histórico escolar?;secretaria_academica;telefone;alta;treino
ATE-00489;Gente, estou com uma dúvida, preciso discutir equivalência de conteúdo entre disciplinas Preciso de um retorno.;coordenacao;portal;media;treino
ATE-00490;preciso avaliar uma situação excepcional no meu percurso acadêmico;coordenacao;portal;media;validacao
ATE-00491;estou com uma dúvida, o link de recuperação de senha não chega e também o comprovante foi enviado, mas o débito continua aberto.;suporte_tecnico;portal;media;validacao
ATE-00492;Também apareceu uma cobrança que não reconheço. Minha solicitação principal é: quero reservar um exemplar.;biblioteca;email;media;treino
ATE-00493;preciso de ajuda, quero discutir uma decisão acadêmica, mas o que preciso resolver primeiro é que a página apresenta erro quando tento acessar. conseguem me orientar?;suporte_tecnico;email;baixa;validacao
ATE-00494;Solicito orientação: o acesso à biblioteca digital falhou, mas o que preciso resolver primeiro é que preciso de informações sobre vencimento e juros.;financeiro;chat;media;treino
ATE-00495;"Oi, quero orientação sobre uma situação com uma disciplina; além disso, o portal também está dando erro.";coordenacao;chat;media;teste
ATE-00496;Venho informar, preciso discutir equivalência de conteúdo entre disciplinas. Conseguem me orientar?;coordenacao;presencial;baixa;teste
ATE-00497;Aparece uma mensagem de erro toda vez que faço login, para organizar minha situação.;suporte_tecnico;portal;alta;teste
ATE-00498;"Uma disciplina não consta no meu registro; além disso, o boleto continua pendente.";secretaria_academica;email;baixa;teste
ATE-00499;"Olá, preciso de ajuda, quero reservar um exemplar; ao mesmo tempo, preciso conversar sobre a organização da minha grade. Como resolvo?";coordenacao;presencial;media;treino
ATE-00500;o portal também está dando erro. minha solicitação principal é: preciso atualizar um documento da matrícula.;secretaria_academica;portal;media;treino
ATE-00501;a página apresenta erro quando tento acessar e, em paralelo, quero discutir uma decisão acadêmica Podem verificar?;suporte_tecnico;presencial;media;treino
ATE-00502;"Preciso confirmar um estorno; situação observada na solicitação que abri recentemente.";financeiro;email;media;treino
ATE-00503;Por favor, quero discutir uma situação pedagógica com a turma e também não consigo abrir o ambiente virtual.;coordenacao;email;alta;teste
ATE-00504;o desconto da mensalidade não apareceu?;financeiro;chat;media;treino
ATE-00505;o aplicativo não carrega e, em paralelo, tenho dúvida sobre um registro.;suporte_tecnico;chat;baixa;treino
ATE-00506;"Oi, preciso confirmar um estorno; além disso, também tenho uma pendência de empréstimo. Conseguem me orientar?";financeiro;portal;media;treino
ATE-00507;"Não consigo abrir o ambiente virtual; ao mesmo tempo, quero negociar uma pendência financeira.";financeiro;chat;alta;teste
ATE-00508;Por favor, a devolução de um livro ainda não foi registrada e, em paralelo, o boleto continua pendente.;biblioteca;chat;alta;treino
ATE-00509;só queria entender, não consigo acessar uma tela do sistema. minha solicitação principal é: quero reservar um exemplar. podem verificar?;biblioteca;telefone;media;treino
ATE-00510;Gente, quero entender uma cobrança na mensalidade;financeiro;chat;baixa;treino
ATE-00511;"Quero conversar sobre pré-requisitos e sequência de disciplinas; além disso, também tenho uma pendência de empréstimo.";coordenacao;presencial;baixa;treino
ATE-00512;"Quero conversar sobre pré-requisitos e sequência de disciplinas; situação observada nesta semana.";coordenacao;portal;baixa;validacao
ATE-00513;Desde o começo da semana, a página apresenta erro quando tento acessar.;suporte_tecnico;email;alta;treino
ATE-00514;Olá, a plataforma fica em tela branca. Isso aconteceu antes de enviar outro pedido.;suporte_tecnico;presencial;media;treino
ATE-00515;Por favor, por favor, quero saber sobre a emissão de declaração? Podem verificar?;secretaria_academica;portal;media;teste
ATE-00516;Gostaria de solicitar apoio: tenho dúvida sobre um pagamento, mas o que preciso resolver primeiro é que quero reservar um exemplar.;biblioteca;presencial;baixa;validacao
ATE-00517;Gente, preciso consultar uma pendência de empréstimo?!;biblioteca;telefone;media;treino
ATE-00518;queria uma orientação, uma disciplina não consta no meu registro. obrigado.;secretaria_academica;presencial;baixa;treino
ATE-00519;preciso conferir um livro. minha solicitação principal é: quero discutir uma situação pedagógica com a turma.!!!;coordenacao;portal;alta;validacao
ATE-00520;Então, olá, quero orientação acadêmica antes de escolher as próximas matérias e também preciso de informações sobre vencimento e juros. Fico no aguardo.;coordenacao;chat;baixa;treino
ATE-00521;Bom dia, minha senha não funciona Como resolvo?;suporte_tecnico;portal;baixa;treino
ATE-00522;Solicito orientação: uma disciplina não consta no meu registro;secretaria_academica;chat;alta;treino
ATE-00523;Alguém consegue me ajudar, meu pagamento ainda não foi reconhecido e, em paralelo, também preciso de orientação sobre uma disciplina. Agradeço se puderem olhar isso.;financeiro;portal;baixa;treino
ATE-00524;Também preciso de orientação sobre uma disciplina. Minha solicitação principal é: aparece uma mensagem de erro toda vez que faço login.;suporte_tecnico;portal;media;treino
ATE-00525;"Quero confirmar o status da rematrícula; além disso, o boleto continua pendente.";secretaria_academica;presencial;alta;treino
ATE-00526;Então, olá, o sistema fecha antes de concluir a operação? Conseguem me orientar?;suporte_tecnico;presencial;baixa;treino
ATE-00527;Tenho dúvida sobre um registro. Minha solicitação principal é: aparece uma mensagem de erro toda vez que faço login.;suporte_tecnico;telefone;media;treino
ATE-00528;Antes de enviar outro pedido, um livro devolvido ainda aparece comigo.;biblioteca;presencial;baixa;treino
ATE-00529;Então, uma disciplina não consta no meu registro;secretaria_academica;portal;baixa;treino
ATE-00530;também preciso confirmar um documento acadêmico minha solicitação principal é: não consigo visualizar o boleto deste mês;financeiro;presencial;media;treino
ATE-00531;"O link de recuperação de senha não chega; situação observada para conseguir seguir com o processo.";suporte_tecnico;chat;media;teste
ATE-00532;Gostaria de solicitar apoio: minha matrícula mostra uma informação estranha, mas o que preciso resolver primeiro é que o aplicativo não carrega.;suporte_tecnico;email;baixa;treino
ATE-00533;Por favor, preciso confirmar um estorno. Obrigada.;financeiro;chat;media;treino
ATE-00534;;biblioteca;email;media;treino
ATE-00535;Meu nome saiu incorreto em um documento acadêmico e, em paralelo, o portal também está dando erro.;secretaria_academica;portal;media;teste
ATE-00536;"quero entender o procedimento de trancamento; além disso, o portal tbm está dando erro.";secretaria_academica;email;media;treino
ATE-00537;olá, o acesso à biblioteca digital falhou. minha solicitação principal é: o link de recuperação de senha não chega.;suporte_tecnico;chat;alta;treino
ATE-00538;Então, gostaria de registrar, tenho um problema recorrente em uma turma e preciso de orientação? Conseguem me orientar?;coordenacao;email;media;treino
ATE-00539;Preciso de ajuda, quero confirmar a multa de um empréstimo atrasado. Agradeço se puderem olhar isso.;biblioteca;email;baixa;treino
ATE-00540;Tenho dúvida sobre um pagamento. Minha solicitação principal é: quero orientação acadêmica antes de escolher as próximas matérias;coordenacao;email;media;treino
ATE-00541;Oi, então, quero discutir uma decisão acadêmica. Minha solicitação principal é: quero confirmar a multa de um empréstimo atrasado.;biblioteca;chat;media;treino
ATE-00542;Por favor, boa tarde, quero saber se um título está disponível. Além disso, preciso de informações sobre vencimento e juros. Fico no aguardo.;financeiro;chat;alta;treino
ATE-00543;"Pessoal, o comprovante foi enviado, mas o débito continua aberto; além disso, também tenho uma pendência de empréstimo. Agradeço se puderem olhar isso.";financeiro;email;baixa;treino
ATE-00544;"Quero reservar um exemplar; situação observada para resolver ainda este mês.";biblioteca;email;alta;treino
ATE-00545;Antes do início das aulas, preciso corrigir meus dados acadêmicos.;secretaria_academica;presencial;media;treino
ATE-00546;Oi, também preciso de orientação sobre uma disciplina, mas o que preciso resolver primeiro é que o valor da parcela está diferente. Obrigado.;financeiro;chat;alta;validacao
ATE-00547;Só queria entender, preciso solicitar um histórico escolar? Como resolvo?;secretaria_academica;chat;alta;validacao
ATE-00548;queria uma orientação, o aplicativo não carrega, mas tenho ainda outra questão: preciso saber o horário de atendimento da biblioteca como resolvo;suporte_tecnico;presencial;media;treino
ATE-00549;Há uma questão pedagógica que preciso avaliar, mas o que preciso resolver primeiro é que o aplicativo não carrega.;suporte_tecnico;telefone;alta;treino
ATE-00550;Também preciso de orientação sobre uma disciplina, mas o que preciso resolver primeiro é que minha matrícula não aparece corretamente.;secretaria_academica;presencial;alta;teste
ATE-00551;Oi, quero confirmar o status da rematrícula?;secretaria_academica;email;media;validacao
ATE-00552;Gente, aparece uma mensagem de erro toda vez que faço login, mas tenho ainda outra questão: preciso solicitar um histórico escolar.;suporte_tecnico;portal;media;treino
ATE-00553;uma disciplina não consta no meu registro?;secretaria_academica;email;media;teste
ATE-00554;Olá, o sistema fecha antes de concluir a operação. Além disso, um livro devolvido ainda aparece comigo. Podem verificar?;biblioteca;email;baixa;validacao
ATE-00555;"preciso confirmar um estorno; além disso, o acesso à biblioteca digital falhou.";financeiro;telefone;baixa;treino
ATE-00556;Oi, pessoal, preciso atualizar um documento da matrícula e, em paralelo, o acesso à biblioteca digital falhou. Como resolvo?;secretaria_academica;chat;baixa;treino
ATE-00557;Olá, preciso de informações sobre vencimento e juros.;financeiro;email;baixa;treino
ATE-00558;Depois de consultar as orientações disponíveis, preciso confirmar um estorno.;financeiro;presencial;alta;treino
ATE-00559;Solicito orientação: quero discutir uma decisão acadêmica, mas o que preciso resolver primeiro é que a devolução de um livro ainda não foi registrada.;biblioteca;presencial;media;treino
ATE-00560;Venho informar, preciso solicitar aproveitamento de documentação já entregue e também tenho um problema recorrente em uma turma e preciso de orientação. Fico no aguardo.;secretaria_academica;presencial;media;treino
ATE-00561;preciso de ajuda, o acesso à biblioteca digital falhou. minha solicitação principal é: preciso corrigir meus dados acadêmicos. obrigada.;secretaria_academica;telefone;media;treino
ATE-00562;Não consigo acessar um artigo pelo portal da biblioteca e também o comprovante foi enviado, mas o débito continua aberto.;biblioteca;portal;media;treino
ATE-00563;"Preciso conversar sobre a organização da minha grade; situação observada para resolver ainda este mês.";coordenacao;email;alta;treino
ATE-00564;alguém consegue me ajudar, preciso de informações sobre vencimento e juros.;financeiro;chat;media;validacao
ATE-00565;"Olá, pessoal, quero confirmar o status da rematrícula; além disso, também tenho uma pendência de empréstimo. Podem verificar?";secretaria_academica;portal;baixa;treino
ATE-00566;"não consigo abrir o ambiente virtual; ao mesmo tempo, preciso consultar uma pendência de empréstimo";biblioteca;presencial;alta;validacao
ATE-00567;Fiz o pagamento e ainda aparece pendência e, em paralelo, também preciso confirmar um documento acadêmico.;financeiro;email;alta;validacao
ATE-00568;Por favor, alguém consegue me ajudar, quero entender uma cobrança na mensalidade? Conseguem me orientar?;financeiro;presencial;media;treino
ATE-00569;Gostaria de solicitar apoio: o desconto da mensalidade não apareceu;financeiro;email;baixa;treino
ATE-00570;"quero conversar sobre pré-requisitos e sequência de disciplinas; além disso, o acesso à biblioteca digital falhou.";coordenacao;email;media;treino
ATE-00571;boa tarde, quero saber sobre a emissão de declaração obrigado;secretaria_academica;chat;media;treino
ATE-00572;tbm preciso de orientação sobre uma disciplina, mas o q preciso resolver primeiro é q n consigo acessar a base de periódicos.;biblioteca;presencial;baixa;treino
ATE-00573;Pessoal, a devolução de um livro ainda não foi registrada e também tenho um problema recorrente em uma turma e preciso de orientação.;biblioteca;email;baixa;teste
ATE-00574;Gente, o boletoo continua pendente. Minha solicitação principal é: a plataforma fica em tela branca.;suporte_tecnico;chat;media;treino
ATE-00575;"meu pagamento ainda não foi reconhecido; situação observada antes do início das aulas.";financeiro;telefone;media;teste
ATE-00576;Queria uma orientação, não consigo entrar no portal? Podem verificar?;suporte_tecnico;portal;media;treino
ATE-00577;oi, preciso de orientação sobre uma decisão acadêmica que não é apenas cadastral e, em paralelo, minha matrícula mostra uma informação estranha. preciso de um retorno. ...;coordenacao;telefone;media;validacao
ATE-00578;Preciso da segunda via do boleto e também não consigo acessar um artigo pelo portal da biblioteca!;financeiro;chat;alta;validacao
ATE-00579;Estou com uma dúvida, tenho um problema recorrente em uma turma e preciso de orientação?;coordenacao;portal;media;treino
ATE-00580;"quero saber se um título está disponível; situação observada antes de enviar outro pedido.";biblioteca;telefone;media;treino
ATE-00581;Oi, o portal também está dando erro. Minha solicitação principal é: não consigo acessar um artigo pelo portal da biblioteca. Obrigada.;biblioteca;telefone;baixa;treino
ATE-00582;A devolução de um livro ainda não foi registrada, antes de enviar outro pedido.;biblioteca;portal;alta;teste
ATE-00583;Queria uma orientação, preciso de informações sobre vencimento e juros, mas tenho ainda outra questão: não consigo entrar no portal. Obrigada.;financeiro;chat;alta;teste
ATE-00584;Registro a seguinte situação: quero confirmar a multa de um empréstimo atrasado;biblioteca;chat;alta;teste
ATE-00585;o portal também está dando erro, mas o que preciso resolver primeiro é que preciso avaliar uma situação excepcional no meu percurso acadêmico.;coordenacao;chat;alta;treino
ATE-00586;"Tenho um problema recorrente em uma turma e preciso de orientação; além disso, também tenho uma pendência de empréstimo.";coordenacao;telefone;baixa;treino
ATE-00587;Solicito orientação: o desconto da mensalidade não apareceu;financeiro;email;media;treino
ATE-00588;preciso de ajuda, fiz o pagamento e ainda aparece pendência? podem verificar?;financeiro;email;baixa;treino
ATE-00589;estou com uma dúvida, não consigo abrir o ambiente virtual e, em paralelo, minha matricula mostra uma informação estranha. isso pode ser verificado, por favor?;suporte_tecnico;telefone;baixa;treino
ATE-00590;Uma disciplina não consta no meu registro, antes do início das aulas.;secretaria_academica;presencial;baixa;teste
ATE-00591;Solicito orientação: meu login falha às vezes. Minha solicitação principal é: minha matrícula não aparece corretamente.;secretaria_academica;presencial;baixa;teste
ATE-00592;"Não consigo acessar a base de periódicos; situação observada depois de tentar pelo portal.";biblioteca;email;media;treino
ATE-00593;Então, meu pagamento ainda não foi reconhecido?;financeiro;email;baixa;treino
ATE-00594;"preciso atualizar um documento da matrícula; além disso, também preciso de orientação sobre uma disciplina!";secretaria_academica;portal;baixa;treino
ATE-00595;"Quero informações sobre calendário de matrícula; além disso, também apareceu uma cobrança que não reconheço.";secretaria_academica;email;media;validacao
ATE-00596;O aplicativo não carrega, para organizar minha situação.;suporte_tecnico;telefone;baixa;validacao
ATE-00597;Na solicitação que abri recentemente, preciso renovar um livro.;biblioteca;presencial;alta;treino
ATE-00598;QUERO SABER SE UM TÍTULO ESTÁ DISPONÍVEL. ALÉM DISSO, APARECE UMA MENSAGEM DE ERRO TODA VEZ QUE FAÇO LOGIN.;suporte_tecnico;presencial;alta;treino
ATE-00599;Oi, não consigo entrar no portal e também tenho um problema recorrente em uma turma e preciso de orientação. Podem verificar?;suporte_tecnico;portal;baixa;treino
ATE-00600;estou com uma dúvida, a plataforma fica em tela branca, mas tenho ainda outra questão: quero entender o procedimento de trancamento. como resolvo?;suporte_tecnico;telefone;baixa;treino
ATE-00601;Quero confirmar a multa de um empréstimo atrasado, para conseguir seguir com o processo.;biblioteca;presencial;alta;treino
ATE-00602;oi, o acesso à biblioteca digital falhou. minha solicitação principal é: preciso da segunda via do boleto. isso pode ser verificado, por favor?;financeiro;chat;alta;treino
ATE-00603;Só queria entender, um livro devolvido ainda aparece comigo? Conseguem me orientar?;biblioteca;chat;alta;treino
ATE-00604;Antes do prazo informado, preciso discutir equivalência de conteúdo entre disciplinas.;coordenacao;presencial;media;treino
ATE-00605;Por favor, meu pagamento ainda nao foi reconhecido.;financeiro;presencial;media;treino
ATE-00606;Então, a página apresenta erro quando tento acessar;suporte_tecnico;presencial;baixa;treino
ATE-00607;Venho informar, meu nome saiu incorreto em um documento acadêmico e também não consigo anexar o arquivo no portal. Preciso de um retorno.;secretaria_academica;email;baixa;validacao
ATE-00608;Não consigo acessar uma tela do sistema. Minha solicitação principal é: o comprovante foi enviado, mas o débito continua aberto.;financeiro;chat;baixa;teste
ATE-00609;Registro a seguinte situação: preciso solicitar um histórico escolar. Obrigado.;secretaria_academica;telefone;media;treino
ATE-00610;Também tenho uma pendência de empréstimo, mas o que preciso resolver primeiro é que não consigo visualizar o boleto deste mês. Podem verificar?;financeiro;presencial;media;validacao
ATE-00611;a página apresenta erro quando tento acessar. Isso aconteceu depois de consultar as orientações disponíveis.;suporte_tecnico;portal;media;validacao
ATE-00612;Também apareceu uma cobrança que não reconheço. Minha solicitação principal é: meu nome saiu incorreto em um documento acadêmico.;secretaria_academica;telefone;baixa;treino
ATE-00613;Oi, meu pagamento ainda não foi reconhecido. Podem verificar?;financeiro;telefone;alta;treino
ATE-00614;quero saber sobre a emissão de declaração Podem verificar?;secretaria_academica;telefone;alta;treino
ATE-00615;O portal também está dando erro. Minha solicitação principal é: um livro devolvido ainda aparece comigo.;biblioteca;telefone;alta;treino
ATE-00616;"preciso de orientação sobre uma decisão acadêmica que não é apenas cadastral; além disso, preciso conferir um livro.";coordenacao;telefone;media;treino
ATE-00617;preciso discutir equivalência de conteúdo entre disciplinas e, em paralelo, o acesso à biblioteca digital falhou.;coordenacao;portal;media;treino
ATE-00618;por favor, a devolução de um livro ainda não foi registrada. além disso, quero informações sobre calendário de matrícula. podem verificar?;secretaria_academica;portal;baixa;treino
ATE-00619;Não consigo acessar um artigo pelo portal da biblioteca, antes da próxima aula.;biblioteca;telefone;baixa;treino
ATE-00620;oi, preciso conversar sobre a organização da minha grade.;coordenacao;email;alta;validacao
ATE-00621;"Preciso discutir equivalência de conteúdo entre disciplinas; situação observada antes de enviar outro pedido.";coordenacao;telefone;baixa;treino
ATE-00622;O link de recuperação de senha não chega. Isso aconteceu depois de consultar as orientações disponíveis.;suporte_tecnico;portal;alta;validacao
ATE-00623;Gostaria de registrar, quero orientação sobre uma situação com uma disciplina. Obrigado.;coordenacao;chat;baixa;treino
ATE-00624;Registro a seguinte situação: quero informações sobre calendário de matricula?;secretaria_academica;presencial;baixa;teste
ATE-00625;Por favor, também apareceu uma cobrança que não reconheço, mas o que preciso resolver primeiro é que preciso saber o horário de atendimento da biblioteca. Conseguem me orientar?;biblioteca;email;alta;treino
ATE-00626;Olá, minha matrícula mostra uma informação estranha. Minha solicitação principal é: não consigo acessar um artigo pelo portal da biblioteca.;biblioteca;telefone;media;treino
ATE-00627;"preciso de informações sobre vencimento e juros; além disso, quero discutir uma decisão acadêmica.";financeiro;email;baixa;teste
ATE-00628;"Meu nome saiu incorreto em um documento acadêmico; situação observada para organizar minha situação.";secretaria_academica;telefone;baixa;treino
ATE-00629;O boletoo continua pendente, mas o que preciso resolver primeiro é que quero confirmar o status da rematrícula.;secretaria_academica;portal;media;teste
ATE-00630;Pessoal, quero reservar um exemplar. Como resolvo?;biblioteca;telefone;alta;treino
ATE-00631;Meu pagamento ainda não foi reconhecido e também quero confirmar o status da rematrícula.;financeiro;telefone;alta;validacao
ATE-00632;tambem preciso confirmar um documento acadêmico. Minha solicitação principal é: fiz o pagamento e ainda aparece pendência.;financeiro;telefone;baixa;teste
ATE-00633;Preciso conversar sobre a organização da minha grade?!;coordenacao;portal;baixa;treino
ATE-00634;bom dia, a página apresenta erro quando tento acessar. conseguem me orientar?;suporte_tecnico;chat;baixa;treino
ATE-00635;Uma disciplina não consta no meu registro e, em paralelo, tenho dúvida sobre um pagamento.;secretaria_academica;chat;alta;treino
ATE-00636;Olá, não consigo visualizar o boleto deste mês?;financeiro;telefone;alta;treino
ATE-00637;"boa tarde, quero informações sobre calendário de matrícula; além disso, meu login falha às vezes. obrigada.!!!";secretaria_academica;chat;media;treino
ATE-00638;Uma disciplina não consta no meu registro, mas tenho ainda outra questão: quero saber se um título está disponível.;secretaria_academica;portal;media;teste
ATE-00639;Gente, também tenho uma pendência de empréstimo, mas o que preciso resolver primeiro é que a plataforma fica em tela branca.;suporte_tecnico;email;media;treino
ATE-00640;Um livro devolvido ainda aparece comigo. Isso aconteceu nesta semana.;biblioteca;email;media;treino
ATE-00641;o sistema fecha antes de concluir a operação e, em paralelo, também apareceu uma cobrança q não reconheço.;suporte_tecnico;telefone;alta;treino
ATE-00642;Olá, boa tarde, o valor da parcela esta diferente Agradeço se puderem olhar isso.;financeiro;telefone;alta;validacao
ATE-00643;Por favor, quero saber sobre a emissão de declaração e, em paralelo, o boleto continua pendente.;secretaria_academica;email;media;treino
ATE-00644;"bom dia, quero conversar sobre pré-requisitos e sequência de disciplinas; além disso, tenho dúvida sobre um pagamento. fico no aguardo. ...";coordenacao;email;alta;treino
ATE-00645;Para organizar minha situação, a página apresenta erro quando tento acessar.;suporte_tecnico;chat;media;treino
ATE-00646;tenho um problema recorrente em uma turma e preciso de orientação e também preciso atualizar um documento da matrícula.;coordenacao;telefone;media;validacao
ATE-00647;"Um livro devolvido ainda aparece comigo; preciso de retorno.";biblioteca;email;baixa;treino
ATE-00648;Olá, meu pagamento ainda não foi reconhecido? Podem verificar?;financeiro;telefone;baixa;treino
ATE-00649;Pessoal, minha senha não funciona? Isso pode ser verificado, por favor?;suporte_tecnico;portal;alta;validacao
ATE-00650;preciso renovar um livro, antes do início das aulas.;biblioteca;telefone;media;treino
ATE-00651;venho informar, o boleto continua pendente. minha solicitação principal é: não consigo entrar no portal. preciso de um retorno.;suporte_tecnico;presencial;baixa;treino
ATE-00652;Oi, olá, não consigo acessar a base de periódicos e, em paralelo, também preciso de orientação sobre uma disciplina. Isso pode ser verificado, por favor?;biblioteca;email;media;treino
ATE-00653;tbm tenho uma pendência de empréstimo. minha solicitação principal é: preciso corrigir meus dados acadêmicos;secretaria_academica;presencial;media;treino
ATE-00654;Gostaria de solicitar apoio: por favor, preciso de informações sobre vencimento e juros Preciso de um retorno.;financeiro;telefone;media;treino
ATE-00655;Por favor, preciso avaliar uma situação excepcional no meu percurso acadêmico Preciso de um retorno.;coordenacao;presencial;baixa;treino
ATE-00656;minha matrícula não aparece corretamente. Isso aconteceu desde o começo da semana.;secretaria_academica;email;alta;treino
ATE-00657;meu nome saiu incorreto em um documento acadêmico ...;secretaria_academica;telefone;alta;treino
ATE-00658;Para organizar minha situação, oi, não consigo acessar a base de periódicos? Como resolvo.;biblioteca;email;baixa;treino
ATE-00659;preciso de ajuda, preciso da segunda via do boleto, mas tenho ainda outra questão: quero saber se um título está disponível. isso pode ser verificado, por favor?;financeiro;email;alta;teste
ATE-00660;Também preciso de orientação sobre uma disciplina, mas o que preciso resolver primeiro é que a plataforma fica em tela branca.;suporte_tecnico;chat;baixa;treino
ATE-00661;meu nome saiu incorreto em um documento acadêmico e tbm o link de recuperação de senha não chega. obrigado.;secretaria_academica;presencial;media;teste
ATE-00662;Por favor, também apareceu uma cobrança que não reconheço. Minha solicitação principal é: meu acesso está bloqueado.;suporte_tecnico;email;media;treino
ATE-00663;O sistema fecha antes de concluir a operação. Isso aconteceu desde a última atualização do sistema.;suporte_tecnico;chat;media;treino
ATE-00664;"quero orientação acadêmica antes de escolher as próximas matérias; além disso, minha matrícula mostra uma informação estranha.";coordenacao;portal;baixa;treino
ATE-00665;Oi, fiz o pagamento e ainda aparece pendência? Preciso de um retorno.;financeiro;chat;baixa;treino
ATE-00666;Quero negociar uma pendência financeira. Isso aconteceu antes de enviar outro pedido.;financeiro;telefone;media;validacao
ATE-00667;Preciso falar com a coordenação sobre meu planejamento acadêmico, depois de consultar as orientações disponíveis.;coordenacao;telefone;alta;treino
ATE-00668;Meu nome saiu incorreto em um documento acadêmico. Isso pode ser verificado, por favor?;secretaria_academica;email;media;treino
ATE-00669;Por favor, estou com uma dúvida, a página apresenta erro quando tento acessar? Isso pode ser verificado, por favor?;suporte_tecnico;chat;media;treino
ATE-00670;"Não consigo entrar no portal; situação observada para resolver ainda este mês.";suporte_tecnico;telefone;media;treino
ATE-00671;Só queria entender, também apareceu uma cobrança que não reconheço, mas o que preciso resolver primeiro é que não consigo anexar o arquivo no portal. Como resolvo?;suporte_tecnico;email;media;treino
ATE-00672;O comprovante foi enviado, mas o débito continua aberto. Isso aconteceu na solicitação que abri recentemente.;financeiro;presencial;baixa;treino
ATE-00673;quero entender o procedimento de trancamento, mas tenho ainda outra questão: preciso confirmar um estorno.;secretaria_academica;telefone;media;teste
ATE-00674;"Gente, preciso avaliar uma situação excepcional no meu percurso acadêmico; ao mesmo tempo, uma disciplina não consta no meu registro.";secretaria_academica;email;media;validacao
ATE-00675;Minha senha não funçiona?;suporte_tecnico;chat;media;treino
ATE-00676;quero conversar sobre pré-requisitos e sequência de disciplinas?;coordenacao;presencial;alta;validacao
ATE-00677;"Por favor, olá, o comprovante foi enviado, mas o débito continua aberto; além disso, preciso conferir um livro. Conseguem me orientar?";financeiro;presencial;baixa;treino
ATE-00678;Oi, quero discutir uma decisão acadêmica. Minha solicitação principal é: um livro devolvido ainda aparece comigo.;biblioteca;email;media;treino
ATE-00679;Oi, preciso falar com a coordenacao sobre meu planejamento acadêmico? Obrigado.;coordenacao;presencial;media;treino
ATE-00680;"Quero orientação acadêmica antes de escolher as próximas matérias; além disso, o boleto continua pendente.";coordenacao;portal;alta;teste
ATE-00681;;financeiro;chat;media;treino
ATE-00682;oi, o aplicativo não carrega e, em paralelo, tenho dúvida sobre um pagamento. conseguem me orientar?;suporte_tecnico;portal;alta;treino
ATE-00683;Oi, minha matrícula não aparece corretamente, antes de enviar outro pedido.;secretaria_academica;portal;alta;treino
ATE-00684;Gente, meu pagamento ainda nao foi reconhecido;financeiro;email;media;treino
ATE-00685;Preciso atualizar um documento da matrícula;secretaria_academica;telefone;alta;validacao
ATE-00686;"preciso renovar um livro; além disso, tenho dúvida sobre um pagamento.";biblioteca;telefone;baixa;treino
ATE-00687;Não consigo visualizar o boleto deste mês?;financeiro;chat;alta;treino
ATE-00688;"o aplicativo não carrega; ao mesmo tempo, quero saber sobre a emissão de declaração.";secretaria_academica;telefone;media;treino
ATE-00689;No semestre atual, fiz o pagamento e ainda aparece pendência.;financeiro;presencial;media;validacao
ATE-00690;também preciso de orientação sobre uma disciplina, mas o que preciso resolver primeiro é que n consigo visualizar o boleto deste mês.;financeiro;telefone;alta;treino
ATE-00691;"PRECISO CONFIRMAR UM ESTORNO; ALÉM DISSO, TAMBÉM TENHO UMA PENDÊNCIA DE EMPRÉSTIMO.";financeiro;portal;media;treino
ATE-00692;boa tarde, aparece uma mensagem de erro toda vez que faço login. além disso, preciso confirmar um estorno. podem verificar?;financeiro;presencial;media;validacao
ATE-00693;Gente, nao consigo acessar um artigo pelo portal da biblioteca.;biblioteca;portal;media;treino
ATE-00694;Meu aceso está bloqueado;suporte_tecnico;presencial;media;treino
ATE-00695;não consigo acessar uma tela do sistema, mas o que preciso resolver primeiro é que tenho um problema recorrente em uma turma e preciso de orientação.;coordenacao;telefone;media;treino
ATE-00696;Gostaria de registrar, preciso de informações sobre vencimento e juros? Podem verificar?;financeiro;telefone;media;treino
ATE-00697;Quero confirmar a multa de um empréstimo atrasado;biblioteca;telefone;media;teste
ATE-00698;Gente, queria uma orientação, quero confirmar o status da rematrícula. Conseguem me orientar?;secretaria_academica;email;alta;treino
ATE-00699;meu acesso está bloqueado 😤!;suporte_tecnico;chat;baixa;validacao
ATE-00700;Oi, quero entender o procedimento de trancamento Fico no aguardo.;secretaria_academica;email;media;teste
ATE-00701;Quero saber sobre a emissão de declaração. Isso aconteceu desde ontem.;secretaria_academica;chat;alta;teste
ATE-00702;Gostaria de registrar, tenho um problema recorrente em uma turma e preciso de orientação e, em paralelo, preciso conferir um livro. Como resolvo?;coordenacao;telefone;media;treino
ATE-00703;preciso conferir um livro minha solicitação principal é: preciso de informações sobre vencimento e juros!;financeiro;portal;baixa;teste
ATE-00704;"o aplicativo não carrega; situação observada antes do início das aulas.";suporte_tecnico;chat;baixa;treino
ATE-00705;Gente, quero entender o procedimento de trancamento;secretaria_academica;presencial;alta;treino
ATE-00706;Alguém consegue me ajudar, também tenho uma pendência de empréstimo, mas o que preciso resolver primeiro é que fiz o pagamento e ainda aparece pendência. Fico no aguardo.;financeiro;telefone;baixa;treino
ATE-00707;Preciso de ajuda, o aplicativo não carrega Conseguem me orientar?;suporte_tecnico;presencial;baixa;teste
ATE-00708;Olá, pessoal, fiz o pagamento e ainda aparece pendência Podem verificar?;financeiro;chat;media;treino
ATE-00709;Registro a seguinte situação: boa tarde, o sistema fecha antes de concluir a operação Como resolvo?;suporte_tecnico;presencial;media;validacao
ATE-00710;"Gente, meu pagamento ainda não foi reconhecido; além disso, também preciso confirmar um documento acadêmico.";financeiro;chat;media;treino
ATE-00711;Olá, uma disciplina não consta no meu registro?!;secretaria_academica;telefone;media;treino
ATE-00712;o comprovante foi enviado, mas o débito continua aberto e, em paralelo, o portal também está dando erro.;financeiro;chat;media;teste
ATE-00713;Preciso conversar sobre a organização da minha grade;coordenacao;telefone;media;treino
ATE-00714;meu login falha às vezes, mas o q preciso resolver primeiro é q quero orientação acadêmica antes de escolher as próximas matérias.;coordenacao;email;alta;teste
ATE-00715;alguém consegue me ajudar, não consigo abrir o ambiente virtual agradeço se puderem olhar isso. ...;suporte_tecnico;email;alta;treino
ATE-00716;Preciso consultar uma pendência de empréstimo, antes da próxima aula.;biblioteca;email;media;treino
ATE-00717;Preciso discutir equivalência de conteúdo entre disciplinas, na solicitação que abri recentemente.;coordenacao;telefone;baixa;treino
ATE-00718;o portal também está dando erro, mas o que preciso resolver primeiro é que quero confirmar o status da rematrícula.;secretaria_academica;presencial;alta;treino
ATE-00719;alguém consegue me ajudar, um livro devolvido ainda aparece comigo e, em paralelo, também preciso de orientação sobre uma disciplina. isso pode ser verificado, por favor?;biblioteca;telefone;baixa;treino
ATE-00720;Por favor, um livro devolvido ainda aparece comigo.;biblioteca;chat;alta;treino
ATE-00721;bom dia, preciso conversar sobre a organização da minha grade e também o desconto da mensalidade não apareceu. obrigado.;coordenacao;chat;media;treino
ATE-00722;"Olá, preciso de ajuda, não consigo entrar no portal; além disso, quero discutir uma decisão acadêmica.";suporte_tecnico;email;alta;treino
ATE-00723;;secretaria_academica;telefone;baixa;treino
ATE-00724;Preciso saber o horário de atendimento da biblioteca.;biblioteca;chat;alta;treino
ATE-00725;Olá, quero entender uma cobrança na mensalidade, mas tenho ainda outra questão: quero confirmar a multa de um empréstimo atrasado.;financeiro;telefone;media;treino
ATE-00726;"meu acesso está bloqueado; situação observada desde a última atualização do sistema Podem verificar?";suporte_tecnico;telefone;baixa;teste
ATE-00727;O desconto da mensalidade não apareceu. Isso aconteceu antes da próxima aula.;financeiro;email;baixa;treino
ATE-00728;não consigo abrir o ambiente virtual;suporte_tecnico;email;media;treino
ATE-00729;Alguém consegue me ajudar, o comprovante foi enviado, mas o débito continua aberto? Conseguem me orientar?;financeiro;telefone;media;treino
ATE-00730;Preciso falar com a coordenação sobre meu planejamento acadêmico, antes da próxima aula.;coordenacao;chat;baixa;teste
ATE-00731;;suporte_tecnico;portal;media;treino
ATE-00732;"Pessoal, minha matrícula não aparece corretamente; além disso, meu login falha às vezes.";secretaria_academica;portal;media;treino
ATE-00733;Gente, o aplicativo não carrega Podem verificar?;suporte_tecnico;chat;media;teste
ATE-00734;Preciso saber o horário de atendimnto da biblioteca e, em paralelo, quero discutir uma decisão acadêmica.;biblioteca;presencial;alta;validacao
ATE-00735;bom dia, aparece uma mensagem de erro toda vez que faço login e também preciso discutir equivalência de conteúdo entre disciplinas;suporte_tecnico;telefone;baixa;treino
ATE-00736;Oi, preciso conferir um livro, mas o que preciso resolver primeiro é que uma disciplina não consta no meu registro.;secretaria_academica;telefone;media;validacao
ATE-00737;Olá, preciso da segunda via do boleto. Preciso de um retorno.;financeiro;chat;baixa;treino
ATE-00738;Não consigo visualizar o boleto deste mês e, em paralelo, não consigo acessar uma tela do sistema.;financeiro;presencial;alta;treino
ATE-00739;Então, queria uma orientação, preciso discutir equivalência de conteúdo entre disciplinas Conseguem me orientar?;coordenacao;email;alta;treino
ATE-00740;preciso renovar um livro, mas tenho ainda outra questão: minha matrícula não aparece corretamente.;biblioteca;presencial;media;treino
ATE-00741;Para organizar minha situação, preciso solicitar aproveitamento de documentação já entregue.;secretaria_academica;portal;alta;treino
ATE-00742;"Preciso atualizar um documento da matrícula; além disso, preciso conferir um livro.";secretaria_academica;portal;media;validacao
ATE-00743;preciso de ajuda, quero saber se um título está disponível obrigada. 😤;biblioteca;presencial;media;treino
ATE-00744;Preciso discutir equivalência de conteúdo entre disciplinas!;coordenacao;portal;baixa;teste
ATE-00745;Então, por favor, quero reservar um exemplar? Fico no aguardo.;biblioteca;telefone;media;treino
ATE-00746;uma disciplina não consta no meu registro. Isso aconteceu depois de tentar pelo portal.;secretaria_academica;portal;media;treino
ATE-00747;Por favor, minha senha não funciona?;suporte_tecnico;telefone;baixa;treino
ATE-00748;Quero discutir uma decisão acadêmica, mas o que preciso resolver primeiro é que quero confirmar a multa de um empréstimo atrasado.;biblioteca;chat;media;validacao
ATE-00749;Antes de enviar outro pedido, não consigo acessar um artigo pelo portal da biblioteca.;biblioteca;presencial;media;treino
ATE-00750;Olá, preciso de informações sobre vencimento e juros?;financeiro;chat;baixa;teste
ATE-00751;Só queria entender, preciso conferir um livro. Minha solicitação principal é: o desconto da mensalidade não apareceu. Conseguem me orientar?;financeiro;presencial;alta;treino
ATE-00752;gostaria de registrar, n consigo abrir o ambiente virtual preciso de um retorno.;suporte_tecnico;chat;baixa;treino
ATE-00753;olá, preciso solicitar um histórico escolar como resolvo?!;secretaria_academica;presencial;baixa;treino
ATE-00754;preciso de ajuda, quero orientação acadêmica antes de escolher as próximas matérias. fico no aguardo.;coordenacao;email;baixa;treino
ATE-00755;"Estou com uma dúvida, preciso renovar um livro; além disso, também preciso confirmar um documento acadêmico.";biblioteca;portal;baixa;treino
ATE-00756;Também tenho uma pendência de empréstimo, mas o que preciso resolver primeiro é que preciso confirmar um estorno.;financeiro;chat;media;treino
ATE-00757;Preciso renovar um livro. Fico no aguardo.;biblioteca;email;media;treino
ATE-00758;"Preciso da segunda via do boleto; além disso, o acesso à biblioteca digital falhou.";financeiro;chat;baixa;validacao
ATE-00759;Olá, quero orientação acadêmica antes de escolher as próximas matérias Agradeço se puderem olhar isso.;coordenacao;presencial;alta;treino
ATE-00760;venho informar, a devolução de um livro ainda não foi registrada, mas tenho ainda outra questão: meu acesso está bloqueado. podem verificar?;biblioteca;portal;media;treino
ATE-00761;"Por favor, preciso consultar uma pendência de empréstimo; além disso, também apareceu uma cobrança que não reconheço.";biblioteca;portal;baixa;treino
ATE-00762;Oi, não consigo acessar a base de periódicos Podem verificar?;biblioteca;telefone;media;treino
ATE-00763;"Por favor, só queria entender, meu pagamento ainda não foi reconhecido; além disso, também preciso de orientação sobre uma disciplina. Obrigado.";financeiro;portal;baixa;treino
ATE-00764;O acesso à biblioteca digital falhou. Minha solicitação principal é: preciso falar com a coordenação sobre meu planejamento acadêmico.;coordenacao;email;alta;validacao
ATE-00765;Oi, preciso da segunda via do boleto e também quero confirmar a multa de um empréstimo atrasado.;financeiro;portal;alta;treino
ATE-00766;Olá, não consigo entrar no portal.;suporte_tecnico;portal;alta;treino
ATE-00767;Para conseguir seguir com o processo, uma disciplina não consta no meu registro Podem verificar?;secretaria_academica;email;alta;treino
ATE-00768;Olá, não consigo anexar o arquivo no portal e também preciso de informações sobre vencimento e juros.;suporte_tecnico;chat;alta;validacao
ATE-00769;Meu login falha às vezes, mas o que preciso resolver primeiro é que minha matrícula não aparece corretamente.;secretaria_academica;portal;media;teste
ATE-00770;fiz o pagamento e ainda aparece pendência, depois de tentar pelo portal.;financeiro;portal;media;teste
ATE-00771;o portal também está dando erro. minha solicitação principal é: minha matrícula n aparece corretamente.;secretaria_academica;telefone;baixa;teste
ATE-00772;fiz o pagamento e ainda aparece pendência;financeiro;portal;baixa;treino
ATE-00773;preciso de informações sobre vencimento e juros, para resolver ainda este mês.;financeiro;email;baixa;validacao
ATE-00774;;financeiro;portal;baixa;treino
ATE-00775;"olá, quero discutir uma situação pedagógica com a turma; além disso, o portal também está dando erro. como resolvo?";coordenacao;chat;baixa;teste
ATE-00776;Meu nome saiu incorreto em um documento acadêmico e também um livro devolvido ainda aparece comigo. Podem verificar?;secretaria_academica;telefone;media;treino
ATE-00777;Só queria entender, preciso solicitar um histórico escolar? Obrigada;secretaria_academica;telefone;baixa;teste
ATE-00778;Quero saber sobre a emissão de declaração. Isso aconteceu antes de enviar outro pedido.;secretaria_academica;chat;baixa;treino
ATE-00779;preciso de orientação sobre uma decisão acadêmica que não é apenas cadastral e, em paralelo, o boletoo continua pendente.;coordenacao;telefone;media;treino
ATE-00780;"Gente, minha matrícula não aparece corretamente; além disso, não consigo acessar uma tela do sistema.";secretaria_academica;portal;media;treino
ATE-00781;Então, gostaria de registrar, quero saber sobre a emissão de declaração. Fico no aguardo.;secretaria_academica;portal;alta;treino
ATE-00782;Quero saber se um título está disponível, mas tenho ainda outra questão: o link de recuperação de senha não chega.;biblioteca;chat;media;treino
ATE-00783;"Olá, o sistema fecha antes de concluir a operação; além disso, também preciso de orientação sobre uma disciplina";suporte_tecnico;telefone;media;validacao
ATE-00784;o boleto continua pendente, mas o que preciso resolver primeiro é que não consigo acessar a base de periódicos.;biblioteca;chat;media;treino
ATE-00785;Oi, a página apresenta erro quando tento acessar, mas tenho ainda outra questão: quero saber sobre a emissão de declaração.;suporte_tecnico;portal;alta;teste
ATE-00786;Meu login falha às vezes. Minha solicitação principal é: preciso de informações sobre vencimento e juros.;financeiro;portal;alta;teste
ATE-00787;"Olá, alguém consegue me ajudar, aparece uma mensagem de erro toda vez que faço login; além disso, o acesso à biblioteca digital falhou. Agradeço se puderem olhar isso.";suporte_tecnico;presencial;media;treino
ATE-00788;Gostaria de solicitar apoio: aparece uma mensagem de erro toda vez que faço login;suporte_tecnico;telefone;media;treino
ATE-00789;"Só queria entender, meu pagamento ainda não foi reconhecido; além disso, também preciso de orientação sobre uma disciplina. Obrigado.";financeiro;email;media;treino
ATE-00790;também apareceu uma cobrança que n reconheço, mas o que preciso resolver primeiro é que preciso conversar sobre a organização da minha grade;coordenacao;presencial;media;treino
ATE-00791;Quero negociar uma pendência financeira.;financeiro;chat;media;treino
ATE-00792;alguém consegue me ajudar, quero confirmar o status da rematrícula isso pode ser verificado, por favor;secretaria_academica;telefone;media;validacao
ATE-00793;Gente, preciso corrigir meus dados acadêmicos?;secretaria_academica;email;media;treino
ATE-00794;Olá, o portal também está dando erro. Minha solicitação principal é: quero saber sobre a emissão de declaração!;secretaria_academica;portal;baixa;treino
ATE-00795;QUERIA UMA ORIENTAÇÃO, PRECISO SOLICITAR UM HISTÓRICO ESCOLAR E TAMBÉM PRECISO DE INFORMAÇÕES SOBRE VENCIMENTO E JUROS. COMO RESOLVO?;secretaria_academica;email;media;treino
ATE-00796;Não consigo anexar o arquivo no portal?!;suporte_tecnico;chat;baixa;validacao
ATE-00797;"MEU ACESSO ESTÁ BLOQUEADO; AO MESMO TEMPO, PRECISO CORRIGIR MEUS DADOS ACADÊMICOS.";secretaria_academica;chat;alta;treino
ATE-00798;Olá, também tenho uma pendência de empréstimo. Minha solicitação principal é: não consigo anexar o arquivo no portal!;suporte_tecnico;chat;alta;treino
ATE-00799;Olá, o sistema fecha antes de concluir a operação. Agradeço se puderem olhar isso.;suporte_tecnico;email;baixa;treino
ATE-00800;Preciso discutir equivalência de conteúdo entre disciplinas?;coordenacao;chat;baixa;treino
ATE-00801;Só queria entender, preciso solicitar um histórico escolar? Isso pode ser verificado, por favor?;secretaria_academica;email;media;validacao
ATE-00802;por favor, preciso discutir equivalência de conteúdo entre disciplinas obrigado.;coordenacao;portal;baixa;treino
ATE-00803;No semestre atual, quero entender uma cobrança na mensalidade.;financeiro;email;media;validacao
ATE-00804;O sistema fecha antes de concluir a operação e, em paralelo, também tenho uma pendência de empréstimo.;suporte_tecnico;presencial;baixa;treino
ATE-00805;Também preciso confirmar um documento acadêmico, mas o que preciso resolver primeiro é que a página apresenta erro quando tento acessar. Fico no aguardo.;suporte_tecnico;telefone;media;teste
ATE-00806;Preciso de ajuda, não consigo entrar no portal. Além disso, o comprovante foi enviado, mas o débito continua aberto. Como resolvo?;financeiro;email;alta;treino
ATE-00807;Gente, quero reservar um exemplar e, em paralelo, o boleto continua pendente.;biblioteca;email;baixa;treino
ATE-00808;Gostaria de solicitar apoio: também apareceu uma cobrança que não reconheço. Minha solicitação principal é: preciso de orientação sobre uma decisão acadêmica que não é apenas cadastral. Agradeço se puderem olhar isso.;coordenacao;portal;media;treino
ATE-00809;"A plataforma fica em tela branca; além disso, minha matrícula mostra uma informação estranha.";suporte_tecnico;email;baixa;treino
ATE-00810;Também preciso de orientação sobre uma disciplina, mas o que preciso resolver primeiro é que meu acesso está bloqueado.;suporte_tecnico;email;media;treino
ATE-00811;"Quero saber sobre a emissão de declaração; situação observada antes do prazo informado.";secretaria_academica;email;alta;treino
ATE-00812;"Olá, preciso conversar sobre a organização da minha grade; além disso, preciso conferir um livro.";coordenacao;telefone;media;treino
ATE-00813;Solicito orientação: não consigo acessar uma tela do sistema, mas o que preciso resolver primeiro é que preciso atualizar um documento da matrícula!;secretaria_academica;chat;baixa;teste
ATE-00814;Oi, não consigo acessar um artigo pelo portal da biblioteca e também meu pagamento ainda não foi reconhecido;biblioteca;portal;media;treino
ATE-00815;Para conseguir seguir com o processo, não consigo abrir o ambiente virtual.;suporte_tecnico;email;media;teste
ATE-00816;"Tenho um problema recorrente em uma turma e preciso de orientação; além disso, tenho dúvida sobre um pagamento.";coordenacao;telefone;media;validacao
ATE-00817;Então, preciso conferir um livro, mas o que preciso resolver primeiro é que preciso da segunda via do boleto.;financeiro;chat;baixa;treino
ATE-00818;Por favor, não consigo acessar a base de periódicos;biblioteca;presencial;alta;teste
ATE-00819;Olá, meu nome saiu incorreto em um documento acadêmico, mas tenho ainda outra questão: um livro devolvido ainda aparece comigo. Obrigada.;secretaria_academica;email;media;validacao
ATE-00820;Quero negociar uma pendência financeira e, em paralelo, não consigo acessar uma tela do sistema.;financeiro;chat;media;treino
ATE-00821;Queria uma orientação, o link de recuperação de senha não chega, mas tenho ainda outra questão: quero confirmar o status da rematrícula. Isso pode ser verificado, por favor?;suporte_tecnico;telefone;media;validacao
ATE-00822;"Quero informações sobre calendário de matrícula; além disso, não consigo acessar uma tela do sistema.";secretaria_academica;portal;media;treino
ATE-00823;também apareceu uma cobrança que n reconheço. minha solicitação principal é: n consigo abrir o ambiente virtual.;suporte_tecnico;email;alta;treino
ATE-00824;"Olá, preciso confirmar um estorno; além disso, também preciso de orientação sobre uma disciplina.";financeiro;email;media;validacao
ATE-00825;estou com uma dúvida, tenho um problema recorrente em uma turma e preciso de orientação podem verificar;coordenacao;email;media;treino
ATE-00826;Por favor, o boleto continua pendente. Minha solicitação principal é: não consigo entrar no portal.;suporte_tecnico;telefone;media;validacao
ATE-00827;Meu nome saiu incorreto em um documento acadêmico.;secretaria_academica;email;alta;validacao
ATE-00828;Registro a seguinte situação: oi, tenho dúvida sobre um pagamento. Minha solicitação principal é: preciso saber o horário de atendimento da biblioteca. Isso pode ser verificado, por favor?;biblioteca;telefone;alta;teste
ATE-00829;queria uma orientação, tbm apareceu uma cobrança que não reconheço, mas o que preciso resolver primeiro é que uma disciplina não consta no meu registro. agradeço se puderem olhar isso.;secretaria_academica;chat;media;treino
ATE-00830;"Por favor, o sistema fecha antes de concluir a operação; situação observada desde a última atualização do sistema.";suporte_tecnico;telefone;media;teste
ATE-00831;Preciso atualizar um documento da matrícula. Isso aconteceu na solicitação que abri recentemente.;secretaria_academica;chat;baixa;treino
ATE-00832;Por favor, só queria entender, também tenho uma pendência de empréstimo. Minha solicitação principal é: preciso solicitar um histórico escolar. Agradeço se puderem olhar isso.;secretaria_academica;presencial;alta;treino
ATE-00833;Para resolver ainda este mês, fiz o pagamento e ainda aparece pendência.;financeiro;chat;media;treino
ATE-00834;quero entender uma cobrança na mensalidade.;financeiro;telefone;media;treino
ATE-00835;Preciso de ajuda, há uma questão pedagógica que preciso avaliar, mas o que preciso resolver primeiro é que quero entender uma cobrança na mensalidade. Conseguem me orientar?!;financeiro;chat;baixa;treino
ATE-00836;"Então, quero reservar um exemplar; além disso, meu login falha às vezes.";biblioteca;telefone;baixa;validacao
ATE-00837;Por favor, uma disciplina não consta no meu registro;secretaria_academica;presencial;baixa;teste
ATE-00838;Por favor, preciso solicitar um histórico escolar?;secretaria_academica;portal;alta;treino
ATE-00839;quero discutir uma decisão acadêmica, mas o que preciso resolver primeiro é que preciso solicitar um histórico escolar;secretaria_academica;telefone;media;treino
ATE-00840;Também preciso de orientação sobre uma disciplina, mas o que preciso resolver primeiro é que preciso renovar um livro.;biblioteca;telefone;media;treino
ATE-00841;"preciso confirmar um estorno; situação observada antes do início das aulas.";financeiro;portal;baixa;teste
ATE-00842;Por favor, quero saber sobre a emissão de declaração. Como resolvo?;secretaria_academica;chat;baixa;treino
ATE-00843;Solicito orientação: tenho dúvida sobre um pagamento, mas o que preciso resolver primeiro é que quero orientação sobre uma situação com uma disciplina.;coordenacao;presencial;media;treino
ATE-00844;"A devolução de um livro ainda não foi registrada; situação observada antes da próxima aula.";biblioteca;email;baixa;treino
ATE-00845;preciso de ajuda, preciso conversar sobre a organização da minha grade. além disso, preciso renovar um livro. agradeço se puderem olhar isso.;biblioteca;email;media;treino
ATE-00846;Por favor, não consigo acessar um artigo pelo portal da biblioteca;biblioteca;chat;media;treino
ATE-00847;preciso de ajuda, uma disciplina não consta no meu registro, mas tenho ainda outra questão: quero orientação acadêmica antes de escolher as próximas matérias. agradeço se puderem olhar isso.;secretaria_academica;chat;media;validacao
ATE-00848;Então, preciso conferir um livro. Minha solicitação principal é: quero orientação sobre uma situação com uma disciplina.;coordenacao;chat;media;validacao
ATE-00849;Meu nome saiu incorreto em um documento acadêmico. Isso aconteceu desde o começo da semana.;secretaria_academica;email;media;treino
ATE-00850;Preciso de ajuda, minha matrícula não aparece corretamente Podem verificar?;secretaria_academica;chat;media;treino
ATE-00851;Meu nome saiu incorreto em um documento acadêmico. Além disso, preciso conversar sobre a organização da minha grade.;coordenacao;presencial;alta;teste
ATE-00852;Meu nome saiu incorreto em um documento acadêmico, desde o começo da semana.;secretaria_academica;portal;baixa;treino
ATE-00853;"olá, a devolução de um livro ainda n foi registrada; além disso, n consigo acessar uma tela do sistema. isso pode ser verificado, por favor?";biblioteca;portal;baixa;teste
ATE-00854;por favor, quero reservar um exemplar obrigado;biblioteca;chat;alta;treino
ATE-00855;Bom dia, o desconto da mensalidade não apareceu Obrigada.;financeiro;presencial;media;treino
ATE-00856;"quero conversar sobre pré-requisitos e sequência de disciplinas; ao mesmo tempo, preciso solicitar aproveitamento de documentação já entregue.";secretaria_academica;presencial;alta;treino
ATE-00857;por favor, minha matrícula mostra uma informação estranha. minha solicitação principal é: o desconto da mensalidade não apareceu. obrigada. ...;financeiro;portal;baixa;treino
ATE-00858;"pessoal, quero saber sobre a emissão de declaração; ao mesmo tempo, preciso da segunda via do boleto. agradeço se puderem olhar isso Podem verificar?";financeiro;chat;alta;treino
ATE-00859;O portal também está dando erro. Minha solicitação principal é: meu pagamento ainda não foi reconhecido.;financeiro;presencial;baixa;treino
ATE-00860;"Oi, preciso avaliar uma situação excepcional no meu percurso acadêmico; além disso, também preciso confirmar um documento acadêmico.";coordenacao;chat;media;validacao
ATE-00861;Oi, meu login falha às vezes, mas o que preciso resolver primeiro é que o desconto da mensalidade não apareceu.;financeiro;presencial;alta;treino
ATE-00862;Preciso de ajuda, a plataforma fica em tela branca. Agradeço se puderem olhar isso.;suporte_tecnico;telefone;media;treino
ATE-00863;Então, só queria entender, também tenho uma pendência de empréstimo. Minha solicitação principal é: minha senha não funciona. Como resolvo?;suporte_tecnico;telefone;baixa;validacao
ATE-00864;tenho dúvida sobre um pagamento. minha solicitação principal é: o sistema fecha antes de concluir a operação.;suporte_tecnico;portal;media;treino
ATE-00865;Boa tarde, não consigo anexar o arquivo no portal Fico no aguardo.;suporte_tecnico;chat;alta;teste
ATE-00866;O desconto da mensalidade não apareceu, para organizar minha situação.;financeiro;presencial;baixa;validacao
ATE-00867;Por favor, preciso da segunda via do boleto.;financeiro;presencial;media;treino
ATE-00868;"Solicito orientação: o link de recuperação de senha não chega; além disso, preciso conferir um livro.";suporte_tecnico;portal;media;validacao
ATE-00869;Gente, quero negociar uma pendência financeira e também quero informações sobre calendário de matrícula.;financeiro;portal;media;treino
ATE-00870;Venho informar, preciso solicitar um histórico escolar? Preciso de um retorno.;secretaria_academica;telefone;media;teste
ATE-00871;Antes da próxima aula, preciso saber o horário de atendimento da biblioteca.;biblioteca;email;alta;treino
ATE-00872;"Meu nome saiu incorreto em um documento acadêmico; além disso, também tenho uma pendência de empréstimo";secretaria_academica;presencial;media;treino
ATE-00873;Meu acesso está bloqueado. Isso aconteceu desde o começo da semana.;suporte_tecnico;telefone;alta;validacao
ATE-00874;Solicito orientação: venho informar, quero confirmar o status da rematrícula e, em paralelo, há uma questão pedagógica que preciso avaliar. Conseguem me orientar?;secretaria_academica;telefone;alta;validacao
ATE-00875;Gente, queria uma orientação, quero confirmar o status da rematrícula. Agradeço se puderem olhar isso.;secretaria_academica;presencial;alta;teste
ATE-00876;Solicito orientação: queria uma orientação, quero saber se um título está disponível? Podem verificar?;biblioteca;portal;baixa;treino
ATE-00877;Fiz o pagamento e ainda aparece pendência. Isso aconteceu depois de tentar pelo portal.;financeiro;presencial;alta;treino
ATE-00878;OI, TENHO DÚVIDA SOBRE UM REGISTRO. MINHA SOLICITAÇÃO PRINCIPAL É: QUERO ORIENTAÇÃO ACADÊMICA ANTES DE ESCOLHER AS PRÓXIMAS MATÉRIAS.;coordenacao;portal;media;validacao
ATE-00879;Tenho dúvida sobre um registro. Minha solicitação principal é: quero confirmar a multa de um empréstimo atrasado.;biblioteca;chat;baixa;validacao
ATE-00880;Por favor, olá, preciso atualizar um documento da matrícula Como resolvo?;secretaria_academica;email;baixa;treino
ATE-00881;Gente, não consigo acessar a base de periódicos.;biblioteca;portal;media;teste
ATE-00882;Por favor, a plataforma fica em tela branca? Isso pode ser verificado, por favor?;suporte_tecnico;presencial;alta;validacao
ATE-00883;Oi, o portal também está dando erro, mas o que preciso resolver primeiro é que não consigo acessar a base de periódicos.;biblioteca;telefone;media;treino
ATE-00884;Então, preciso corrigir meus dados acadêmicos, para organizar minha situação.;secretaria_academica;presencial;media;treino
ATE-00885;Oi, preciso de ajuda, também preciso confirmar um documento acadêmico, mas o que preciso resolver primeiro é que tenho um problema recorrente em uma turma e preciso de orientação.;coordenacao;chat;baixa;treino
ATE-00886;Não consigo abrir o ambiente virtual. Além disso, tenho um problema recorrente em uma turma e preciso de orientação.;coordenacao;presencial;media;treino
ATE-00887;Venho informar, preciso falar com a coordenação sobre meu planejamento acadêmico? Como resolvo?;coordenacao;chat;alta;teste
ATE-00888;Boa tarde, preciso de informações sobre vencimento e juros Agradeço se puderem olhar isso;financeiro;portal;media;treino
ATE-00889;Quero saber se um título está disponível. Além disso, quero discutir uma situação pedagógica com a turma.;coordenacao;chat;alta;teste
ATE-00890;Meu login falha às vezes, mas o que preciso resolver primeiro é que um livro devolvido ainda aparece comigo.;biblioteca;portal;media;treino
ATE-00891;BOA TARDE, TENHO UM PROBLEMA RECORRENTE EM UMA TURMA E PRECISO DE ORIENTAÇÃO? OBRIGADO. 😤;coordenacao;portal;media;treino
ATE-00892;meu login falha às vezes, mas o que preciso resolver primeiro é que quero confirmar o status da rematrícula.;secretaria_academica;portal;media;treino
ATE-00893;Então, estou com uma dúvida, tenho um problema recorrente em uma turma e preciso de orientação? Isso pode ser verificado, por favor?;coordenacao;portal;baixa;teste
ATE-00894;Então, minha matricula não aparece corretamente, mas tenho ainda outra questão: não consigo abrir o ambiente virtual.;secretaria_academica;email;baixa;teste
ATE-00895;então, preciso conferir um livro, mas o que preciso resolver primeiro é que não consigo visualizar o boleto deste mês.;financeiro;portal;baixa;treino
ATE-00896;"Olá, o valor da parcela está diferente; situação observada antes do início das aulas.";financeiro;email;media;teste
ATE-00897;Quero conversar sobre pré-requisitos e sequência de disciplinas;coordenacao;chat;media;treino
ATE-00898;Registro a seguinte situação: quero entender uma cobrança na mensalidade!;financeiro;presencial;alta;treino
ATE-00899;Por favor, venho informar, preciso discutir equivalência de conteúdo entre disciplinas e, em paralelo, o portal também está dando erro. Como resolvo?;coordenacao;chat;baixa;teste
ATE-00900;O aplicativo não carrega. Isso aconteceu desde ontem.;suporte_tecnico;email;baixa;treino
ATE-00901;nao consigo acessar um artigo pelo portal da biblioteca?;biblioteca;presencial;media;treino
ATE-00902;preciso solicitar aproveitamento de documentação já entregue, para organizar minha situação.;secretaria_academica;chat;baixa;treino
ATE-00903;Também apareceu uma cobrança que não reconheço, mas o que preciso resolver primeiro é que quero confirmar a multa de um empréstimo atrasado.;biblioteca;chat;baixa;teste
ATE-00904;"Pessoal, quero entender o procedimento de trancamento; ao mesmo tempo, o valor da parcela está diferente. Agradeço se puderem olhar isso.";financeiro;telefone;alta;treino
ATE-00905;Alguém consegue me ajudar, não consigo abrir o ambiente virtual? Agradeço se puderem olhar isso.;suporte_tecnico;presencial;media;treino
ATE-00906;meu nome saiu incorreto em um documento acadêmico e, em paralelo, o portal também está dando erro.;secretaria_academica;email;media;treino
ATE-00907;"Gostaria de solicitar apoio: pessoal, minha senha não funciona; além disso, preciso conferir um livro. Agradeço se puderem olhar isso.";suporte_tecnico;portal;alta;treino
ATE-00908;Antes da próxima aula, quero negociar uma pendência financeira.;financeiro;portal;alta;treino
ATE-00909;pessoal, o comprovante foi enviado, mas o débito continua aberto. conseguem me orientar?;financeiro;telefone;media;treino
ATE-00910;"O aplicativo não carrega; situação observada na solicitação que abri recentemente.";suporte_tecnico;chat;baixa;treino
ATE-00911;Oi, olá, preciso atualizar um documento da matrícula? Podem verificar?;secretaria_academica;presencial;media;treino
ATE-00912;Desde ontem, não consigo anexar o arquivo no portal.;suporte_tecnico;email;baixa;treino
ATE-00913;"O link de recuperação de senha nao chega; situação observada desde a última atualização do sistema.";suporte_tecnico;presencial;media;treino
ATE-00914;preciso de informações sobre vencimento e juros, para organizar minha situação.;financeiro;presencial;baixa;treino
ATE-00915;Gente, pessoal, preciso avaliar uma situação excepcional no meu percurso acadêmico. Além disso, não consigo acessar a base de periódicos. Agradeço se puderem olhar isso.;biblioteca;telefone;alta;treino
ATE-00916;"Não consigo abrir o ambiente virtual; situação observada desde ontem.";suporte_tecnico;telefone;alta;validacao
ATE-00917;Solicito orientação: preciso solicitar um histórico escolar;secretaria_academica;presencial;baixa;teste
ATE-00918;"Preciso conversar sobre a organização da minha grade; situação observada depois de consultar as orientações disponíveis.";coordenacao;telefone;media;treino
ATE-00919;a página apresenta erro quando tento acessar. Isso aconteceu antes de enviar outro pedido.;suporte_tecnico;portal;alta;treino
ATE-00920;Depois de consultar as orientações disponíveis, preciso falar com a coordenação sobre meu planejamento acadêmico.;coordenacao;portal;baixa;treino
ATE-00921;Olá, aparece uma mensagem de erro toda vez que faço login;suporte_tecnico;telefone;media;treino
ATE-00922;quero confirmar o status da rematrícula?;secretaria_academica;portal;media;treino
ATE-00923;Por favor, o sistema fecha antes de concluir a operação, no semestre atual.;suporte_tecnico;portal;media;treino
ATE-00924;Preciso da segunda via do boletoo, para resolver ainda este mês.;financeiro;chat;baixa;validacao
ATE-00925;Preciso solicitar aproveitamento de documentação já entregue?;secretaria_academica;presencial;alta;treino
ATE-00926;pessoal, preciso solicitar aproveitamento de documentação já entregue fico no aguardo.;secretaria_academica;telefone;media;treino
ATE-00927;"Registro a seguinte situação: a devolução de um livro ainda não foi registrada; ao mesmo tempo, preciso avaliar uma situação excepcional no meu percurso acadêmico.";coordenacao;email;media;treino
ATE-00928;"O sistema fecha antes de concluir a operação; situação observada desde o começo da semana.";suporte_tecnico;presencial;media;treino
ATE-00929;Bom dia, quero saber sobre a emissão de declaração? Isso pode ser verificado, por favor?;secretaria_academica;portal;media;validacao
ATE-00930;"TENHO UM PROBLEMA RECORRENTE EM UMA TURMA E PRECISO DE ORIENTAÇÃO; ALÉM DISSO, O BOLETO CONTINUA PENDENTE.";coordenacao;presencial;alta;treino
ATE-00931;O COMPROVANTE FOI ENVIADO, MAS O DÉBITO CONTINUA ABERTO?;financeiro;email;media;validacao
ATE-00932;Então, minha matrícula mostra uma informação estranha. Minha solicitação principal é: não consigo visualizar o boleto deste mês.;financeiro;presencial;alta;teste
ATE-00933;Bom dia, preciso confirmar um estorno Fico no aguardo.;financeiro;portal;media;teste
ATE-00934;No semestre atual, preciso consultar uma pendência de empréstimo.;biblioteca;presencial;alta;treino
ATE-00935;Então, venho informar, quero entender uma cobrança na mensalidade e também preciso falar com a coordenação sobre meu planejamento acadêmico. Fico no aguardo.;financeiro;chat;alta;validacao
ATE-00936;Bom dia, preciso solicitar um histórico escolar Conseguem me orientar?;secretaria_academica;portal;media;teste
ATE-00937;a plataforma fica em tela branca, mas tenho ainda outra questão: preciso discutir equivalência de conteúdo entre disciplinas;suporte_tecnico;portal;media;teste
ATE-00938;"Oi, pessoal, quero orientação acadêmica antes de escolher as próximas matérias; além disso, minha matrícula mostra uma informação estranha. Obrigado.";coordenacao;telefone;media;treino
ATE-00939;preciso solicitar um histórico escolar 😤;secretaria_academica;telefone;media;validacao
ATE-00940;fiz o pagamento e ainda aparece pendência. Isso aconteceu desde ontem.;financeiro;portal;media;treino
ATE-00941;Preciso conferir um livro, mas o que preciso resolver primeiro é que o valor da parcela está diferente.;financeiro;email;alta;treino
ATE-00942;"Quero informações sobre calendário de matrícula; além disso, tenho dúvida sobre um pagamento.";secretaria_academica;email;media;treino
ATE-00943;Então, quero entender o procedimento de trancamento?;secretaria_academica;chat;baixa;validacao
ATE-00944;bom dia, o portal tbm está dando erro minha solicitação principal é: preciso solicitar um histórico escolar fico no aguardo;secretaria_academica;telefone;baixa;treino
ATE-00945;O comprovante foi enviado, mas o débito continua aberto?;financeiro;email;alta;treino
ATE-00946;o portal também está dando erro minha solicitação principal é: quero saber sobre a emissão de declaração;secretaria_academica;portal;baixa;treino
ATE-00947;só queria entender, preciso conversar sobre a organização da minha grade e também a página apresenta erro quando tento acessar. obrigada.;coordenacao;email;alta;treino
ATE-00948;Solicito orientação: quero entender uma cobrança na mensalidade.;financeiro;telefone;alta;treino
ATE-00949;Gente, quero discutir uma decisão acadêmica, mas o que preciso resolver primeiro é que quero entender uma cobrança na mensalidade.;financeiro;email;baixa;teste
ATE-00950;aparece uma mensagem de erro toda vez q faço login, mas tenho ainda outra questão: quero entender o procedimento de trancamento.;suporte_tecnico;presencial;alta;treino
ATE-00951;Gente, bom dia, tenho dúvida sobre um registro, mas o que preciso resolver primeiro é que o comprovante foi enviado, mas o débito continua aberto. Preciso de um retorno.;financeiro;portal;baixa;teste
ATE-00952;por favor, o acesso à biblioteca digital falhou, mas o que preciso resolver primeiro é que quero negociar uma pendência financeira. isso pode ser verificado, por favor?;financeiro;portal;baixa;treino
ATE-00953;Por favor, quero informações sobre calendário de matrícula;secretaria_academica;chat;media;treino
ATE-00954;Oi, minha senha não funciona.;suporte_tecnico;telefone;baixa;treino
ATE-00955;Por favor, preciso conversar sobre a organização da minha grade;coordenacao;portal;media;validacao
ATE-00956;Só queria entender, o sistema fecha antes de concluir a operação. Além disso, o comprovante foi enviado, mas o débito continua aberto. Conseguem me orientar?;financeiro;chat;baixa;treino
ATE-00957;aparece uma mensagem de erro toda vez q faço login ...;suporte_tecnico;email;media;treino
ATE-00958;Olá, não consigo entrar no portal e, em paralelo, o boleto continua pendente.;suporte_tecnico;email;alta;treino
ATE-00959;Pessoal, preciso falar com a coordenação sobre meu planejamento acadêmico? Isso pode ser verificado, por favor?;coordenacao;telefone;baixa;treino
ATE-00960;No semestre atual, o aplicativo não carrega.;suporte_tecnico;presencial;media;treino
ATE-00961;Por favor, preciso da segunda via do boleto;financeiro;portal;media;treino
ATE-00962;quero entender uma cobrança na mensalidade?;financeiro;portal;media;treino
ATE-00963;"Preciso confirmar um estorno; situação observada para conseguir seguir com o processo.";financeiro;presencial;baixa;validacao
ATE-00964;Preciso de ajuda, quero confirmar o status da rematrícula Obrigado!;secretaria_academica;email;baixa;validacao
ATE-00965;Por favor, aparece uma mensagem de erro toda vez que faço login e, em paralelo, o acesso à biblioteca digital falhou.;suporte_tecnico;telefone;media;treino
ATE-00966;Também tenho uma pendência de empréstimo. Minha solicitação principal é: preciso de informações sobre vencimento e juros.;financeiro;email;media;teste
ATE-00967;"alguém consegue me ajudar, preciso discutir equivalência de conteúdo entre disciplinas; ao mesmo tempo, quero saber sobre a emissão de declaração. obrigado.";secretaria_academica;presencial;baixa;treino
ATE-00968;"quero orientação acadêmica antes de escolher as próximas matérias; além disso, o acesso à biblioteca digital falhou.";coordenacao;portal;alta;validacao
ATE-00969;Não consigo acessar a base de periódicos Conseguem me orientar?;biblioteca;email;media;treino
ATE-00970;Alguém consegue me ajudar, fiz o pagamento e ainda aparece pendência. Isso pode ser verificado, por favor?;financeiro;telefone;alta;treino
ATE-00971;Preciso avaliar uma situação excepcional no meu percurso acadêmico. Além disso, o comprovante foi enviado, mas o débito continua aberto.;financeiro;presencial;media;treino
ATE-00972;também preciso de orientação sobre uma disciplina minha solicitação principal é: meu pagamento ainda não foi reconhecido;financeiro;presencial;baixa;validacao
ATE-00973;preciso solicitar aproveitamento de documentação já entregue;secretaria_academica;chat;baixa;validacao
ATE-00974;Depois de tentar pelo portal, meu nome saiu incorreto em um documento acadêmico.;secretaria_academica;telefone;alta;treino
ATE-00975;Pessoal, não consigo abrir o ambiente virtual. Conseguem me orientar?!;suporte_tecnico;telefone;baixa;treino
ATE-00976;Gente, minha senha não funciona.;suporte_tecnico;chat;media;treino
ATE-00977;a devolução de um livro ainda n foi registrada;biblioteca;portal;media;treino
ATE-00978;Uma disciplina não consta no meu registro, mas tenho ainda outra questão: quero orientação sobre uma situação com uma disciplina.;secretaria_academica;portal;media;treino
ATE-00979;Por favor, alguém consegue me ajudar, meu acesso está bloqueado Conseguem me orientar?;suporte_tecnico;email;media;treino
ATE-00980;estou com uma dúvida, quero orientação acadêmica antes de escolher as próximas matérias e, em paralelo, meu login falha às vezes. fico no aguardo.;coordenacao;portal;media;treino
ATE-00981;Por favor, tenho dúvida sobre um pagamento. Minha solicitação principal é: quero entender o procedimento de trancamento. Podem verificar?;secretaria_academica;portal;baixa;teste
ATE-00982;Preciso saber o horário de atendimento da biblioteca e, em paralelo, também apareceu uma cobrança que não reconheço.;biblioteca;telefone;media;treino
ATE-00983;BOM DIA, MINHA MATRICULA NÃO APARECE CORRETAMENTE COMO RESOLVO?;secretaria_academica;presencial;baixa;treino
ATE-00984;OI, PRECISO DE INFORMAÇÕES SOBRE VENCIMENTO E JUROS E, EM PARALELO, TAMBEM PRECISO DE ORIENTAÇÃO SOBRE UMA DISCIPLINA.;financeiro;telefone;baixa;validacao
ATE-00985;"Oi, quero orientação acadêmica antes de escolher as próximas matérias; além disso, meu login falha às vezes.";coordenacao;telefone;alta;treino
ATE-00986;Olá, uma disciplina não consta no meu registro?;secretaria_academica;telefone;alta;validacao
ATE-00987;"Quero conversar sobre pré-requisitos e sequência de disciplinas; situação observada desde a última atualização do sistema.";coordenacao;telefone;baixa;treino
ATE-00988;O aplicativo não carrega e, em paralelo, também preciso confirmar um documento acadêmico.;suporte_tecnico;email;media;treino
ATE-00989;não consigo anexar o arquivo no portal.;suporte_tecnico;portal;baixa;treino
ATE-00990;Depois de tentar pelo portal, o sistema fecha antes de concluir a operação.;suporte_tecnico;email;media;treino
ATE-00991;Só queria entender, minha matrícula mostra uma informação estranha. Minha solicitação principal é: não consigo abrir o ambiente virtual. Conseguem me orientar?;suporte_tecnico;portal;baixa;treino
ATE-00992;Gostaria de solicitar apoio: meu nome saiu incorreto em um documento acadêmico e, em paralelo, tenho dúvida sobre um pagamento. Agradeço se puderem olhar isso.;secretaria_academica;email;media;treino
ATE-00993;Por favor, pessoal, preciso solicitar aproveitamento de documentação já entregue. Agradeço se puderem olhar isso.;secretaria_academica;chat;alta;treino
ATE-00994;Preciso falar com a coordenação sobre meu planejamento acadêmico e, em paralelo, o acesso à biblioteca digital falhou.;coordenacao;email;alta;validacao
ATE-00995;Preciso conversar sobre a organização da minha grade?;coordenacao;presencial;media;treino
ATE-00996;Gente, também apareceu uma cobrança que não reconheço, mas o que preciso resolver primeiro é que quero confirmar a multa de um empréstimo atrasado.;biblioteca;email;alta;treino
ATE-00997;Olá, a página apresenta erro quando tento acessar;suporte_tecnico;presencial;media;treino
ATE-00998;"Boa tarde, quero confirmar o status da rematrícula e também o desconto da mensalidade não apareceu; preciso de retorno.";secretaria_academica;portal;baixa;treino
ATE-00999;gostaria de solicitar apoio: quero conversar sobre pré-requisitos e sequência de disciplinas?;coordenacao;email;media;teste
ATE-01000;"um livro devolvido ainda aparece comigo; além disso, tenho dúvida sobre um pagamento.";biblioteca;chat;media;validacao
ATE-01001;Meu nome saiu incorreto em um documento acadêmico? Fico no aguardo.;secretaria_academica;portal;baixa;validacao
ATE-01002;Preciso corrigir meus dados acadêmicos, depois de consultar as orientações disponíveis.;secretaria_academica;telefone;alta;treino
ATE-01003;Então, gostaria de registrar, há uma questão pedagógica que preciso avaliar, mas o que preciso resolver primeiro é que quero confirmar o status da rematricula.;secretaria_academica;presencial;baixa;treino
ATE-01004;o boleto continua pendente, mas o q preciso resolver primeiro é q n consigo abrir o ambiente virtual;suporte_tecnico;email;alta;treino
ATE-01005;Oi, preciso solicitar um histórico escolar;secretaria_academica;chat;baixa;treino
ATE-01006;"Por favor, quero confirmar o status da rematrícula; ao mesmo tempo, quero entender uma cobrança na mensalidade. Obrigada.";financeiro;presencial;media;treino
ATE-01007;Por favor, minha matrícula mostra uma informação estranha, mas o que preciso resolver primeiro é que o aplicativo não carrega.;suporte_tecnico;telefone;baixa;teste
ATE-01008;Oi, minha matrícula não aparece corretamente e, em paralelo, o portal também está dando erro.;secretaria_academica;portal;alta;teste
ATE-01009;APARECE UMA MENSAGEM DE ERRO TODA VEZ QUE FAÇO LOGIN.;suporte_tecnico;chat;baixa;teste
ATE-01010;não consigo anexar o arquivo no portal?;suporte_tecnico;telefone;alta;validacao
ATE-01011;olá, um livro devolvido ainda aparece comigo agradeço se puderem olhar isso.;biblioteca;chat;media;treino
ATE-01012;Gostaria de solicitar apoio: pessoal, preciso consultar uma pendência de empréstimo Obrigada.;biblioteca;portal;alta;treino
ATE-01013;Pessoal, tenho dúvida sobre um pagamento. Minha solicitação principal é: preciso solicitar aproveitamento de documentação já entregue. Agradeço se puderem olhar isso.;secretaria_academica;email;baixa;treino
ATE-01014;Preciso consultar uma pendência de empréstimo. Isso aconteceu desde a última atualização do sistema.;biblioteca;telefone;alta;treino
ATE-01015;"a página apresenta erro quando tento acessar; situação observada antes da próxima aula.";suporte_tecnico;portal;media;validacao
ATE-01016;Por favor, preciso de ajuda, meu acesso está bloqueado como resolvo.;suporte_tecnico;portal;media;treino
ATE-01017;Minha senha não funciona e, em paralelo, o boleto continua pendente.;suporte_tecnico;telefone;media;treino
ATE-01018;Depois de tentar pelo portal, quero entender o procedimento de trancamento.;secretaria_academica;telefone;alta;treino
ATE-01019;Oi, só queria entender, quero entender o procedimento de trancamento. Obrigado.;secretaria_academica;chat;baixa;teste
ATE-01020;Por favor, queria uma orientação, não consigo acessar uma tela do sistema, mas o que preciso resolver primeiro é que não consigo acessar um artigo pelo portal da biblioteca. Agradeço se puderem olhar isso.;biblioteca;email;media;validacao
ATE-01021;Aparece uma mensagem de erro toda vez que faço login.;suporte_tecnico;portal;media;treino
ATE-01022;Olá, quero conversar sobre pré-requisitos e sequência de disciplinas e, em paralelo, também apareceu uma cobrança que nao reconheço.;coordenacao;telefone;alta;treino
ATE-01023;O desconto da mensalidade não apareceu, mas tenho ainda outra questão: minha matrícula não aparece corretamente.;financeiro;email;baixa;treino
ATE-01024;Estou com uma dúvida, minha matrícula mostra uma informação estranha. Minha solicitação principal é: preciso saber o horário de atendimento da biblioteca. Obrigado.;biblioteca;chat;media;treino
ATE-01025;olá, quero informações sobre calendário de matrícula?;secretaria_academica;chat;baixa;treino
ATE-01026;Preciso avaliar uma situação excepcional no meu percurso acadêmico e, em paralelo, o acesso à biblioteca digital falhou.;coordenacao;chat;baixa;treino
ATE-01027;gostaria de registrar, preciso solicitar aproveitamento de documentação já entregue obrigada;secretaria_academica;chat;baixa;validacao
ATE-01028;Por favor, aparece uma mensagem de erro toda vez que faço login?;suporte_tecnico;portal;media;treino
ATE-01029;quero negociar uma pendência financeira?;financeiro;portal;baixa;treino
ATE-01030;Olá, quero conversar sobre pré-requisitos e sequência de disciplinas.;coordenacao;telefone;alta;treino
ATE-01031;venho informar, quero discutir uma decisão acadêmica, mas o que preciso resolver primeiro é que quero confirmar o status da rematrícula. isso pode ser verificado, por favor?;secretaria_academica;email;baixa;validacao
ATE-01032;Preciso corrigir meus dados acadêmicos?;secretaria_academica;telefone;baixa;treino
ATE-01033;"Gostaria de solicitar apoio: fiz o pagamento e ainda aparece pendência; além disso, tenho dúvida sobre um registro.";financeiro;email;alta;treino
ATE-01034;Olá, aparece uma mensagem de erro toda vez que faço login e, em paralelo, há uma questão pedagógica que preciso avaliar. Obrigada.;suporte_tecnico;chat;baixa;treino
ATE-01035;Oi, preciso conversar sobre a organização da minha grade;coordenacao;portal;media;treino
ATE-01036;Só queria entender, o portal também está dando erro. Minha solicitação principal é: o comprovante foi enviado, mas o débito continua aberto. Fico no aguardo Podem verificar?;financeiro;portal;alta;treino
ATE-01037;não consigo acessar um artigo pelo portal da biblioteca e, em paralelo, minha matrícula mostra uma informação estranha.;biblioteca;email;media;teste
ATE-01038;Estou com uma dúvida, uma disciplina não consta no meu registro. Conseguem me orientar?;secretaria_academica;presencial;media;treino
ATE-01039;O acesso à biblioteca digital falhou, mas o que preciso resolver primeiro é que o desconto da mensalidade não apareceu.;financeiro;chat;baixa;validacao
ATE-01040;o acesso à biblioteca digital falhou. minha solicitação principal é: quero entender o procedimento de trancamento. 😕;secretaria_academica;portal;baixa;treino
ATE-01041;Pessoal, não consigo entrar no portal Como resolvo?;suporte_tecnico;portal;baixa;treino
ATE-01042;estou com uma dúvida, quero informações sobre calendário de matrícula além disso, quero orientação acadêmica antes de escolher as próximas matérias obrigada;coordenacao;chat;media;validacao
ATE-01043;n consigo anexar o arquivo no portal.;suporte_tecnico;telefone;media;treino
ATE-01044;O acesso à biblioteca digital falhou. Minha solicitação principal é: o comprovante foi enviado, mas o débito continua aberto.;financeiro;portal;baixa;treino
ATE-01045;"Quero saber sobre a emissão de declaração; além disso, o portal também está dando erro";secretaria_academica;email;media;teste
ATE-01046;queria uma orientação, o comprovante foi enviado, mas o débito continua aberto, mas tenho ainda outra questão: não consigo anexar o arquivo no portal. obrigado.;financeiro;telefone;baixa;treino
ATE-01047;Preciso de orientação sobre uma decisão acadêmica que não é apenas cadastral e também preciso consultar uma pendência de empréstimo.;coordenacao;portal;baixa;treino
ATE-01048;Oi, também apareceu uma cobrança que não reconheço. Minha solicitação principal é: preciso saber o horário de atendimento da biblioteca.;biblioteca;telefone;baixa;treino
ATE-01049;o desconto da mensalidade não apareceu e também tenho um problema recorrente em uma turma e preciso de orientação;financeiro;email;media;treino
ATE-01050;BOM DIA, NÃO CONSIGO ENTRAR NO PORTAL CONSEGUEM ME ORIENTAR?;suporte_tecnico;presencial;alta;teste
ATE-01051;estou com uma dúvida, preciso confirmar um estorno agradeço se puderem olhar isso.;financeiro;chat;media;validacao
ATE-01052;tenho dúvida sobre um pagamento, mas o que preciso resolver primeiro é que preciso atualizar um documento da matrícula;secretaria_academica;telefone;media;treino
ATE-01053;Olá, preciso avaliar uma situação excepcional no meu percurso acadêmico. Obrigado.;coordenacao;presencial;media;treino
ATE-01054;preciso solicitar aproveitamento de documentação já entregue!!!;secretaria_academica;email;media;treino
ATE-01055;Então, alguém consegue me ajudar, preciso solicitar aproveitamento de documentação já entregue. Agradeço se puderem olhar isso;secretaria_academica;email;media;validacao
ATE-01056;"Por favor, quero confirmar o status da rematricula; além disso, o portal também está dando erro.";secretaria_academica;portal;media;treino
ATE-01057;Não consigo entrar no portal;suporte_tecnico;chat;media;treino
ATE-01058;por favor, quero orientação sobre uma situação com uma disciplina fico no aguardo.;coordenacao;portal;media;teste
ATE-01059;Gostaria de registrar, o comprovante foi enviado, mas o débito continua aberto Podem verificar?;financeiro;presencial;media;treino
ATE-01060;Gostaria de solicitar apoio: estou com uma dúvida, a devolução de um livro ainda não foi registrada. Preciso de um retorno.;biblioteca;presencial;media;teste
ATE-01061;A devolução de um livro ainda não foi registrada. Isso aconteceu desde o começo da semana.;biblioteca;portal;baixa;treino
ATE-01062;Antes de enviar outro pedido, não consigo anexar o arquivo no portal.;suporte_tecnico;email;media;validacao
ATE-01063;Por favor, olá, quero saber sobre a emissão de declaração. Obrigado.;secretaria_academica;presencial;media;treino
ATE-01064;"quero orientação sobre uma situação com uma disciplina; além disso, também apareceu uma cobrança que não reconheço.";coordenacao;email;media;treino
ATE-01065;Pessoal, preciso de informações sobre vencimento e juros? Preciso de um retorno.;financeiro;portal;baixa;teste
ATE-01066;Oi, por favor, preciso de orientação sobre uma decisão acadêmica que não é apenas cadastral.;coordenacao;telefone;media;treino
ATE-01067;"não consigo abrir o ambiente virtual; ao mesmo tempo, o desconto da mensalidade não apareceu. 🙂";financeiro;portal;alta;treino
ATE-01068;Venho informar, quero reservar um exemplar;biblioteca;telefone;media;treino
ATE-01069;"Quero discutir uma decisão acadêmica. Minha solicitação principal é: preciso consultar uma pendência de empréstimo; situação observada nesta semana.";biblioteca;portal;baixa;treino
ATE-01070;Oi, olá, meu acesso está bloqueado? Podem verificar?;suporte_tecnico;email;media;teste
ATE-01071;Tenho um problema recorrente em uma turma e preciso de orientação. Isso aconteceu nesta semana.;coordenacao;telefone;media;validacao
ATE-01072;Desde a última atualização do sistema, quero confirmar a multa de um empréstimo atrasado.;biblioteca;chat;media;treino
ATE-01073;Solicito orientação: pessoal, o sistema fecha antes de concluir a operação Fico no aguardo.;suporte_tecnico;telefone;media;treino
ATE-01074;Pessoal, quero confirmar o status da rematrícula. Podem verificar?;secretaria_academica;telefone;media;teste
ATE-01075;Boa tarde, quero orientação acadêmica antes de escolher as próximas matérias? Obrigado.;coordenacao;chat;baixa;treino
ATE-01076;meu pagamento ainda não foi reconhecido e também a página apresenta erro quando tento acessar fico no aguardo!;financeiro;telefone;alta;treino
ATE-01077;Alguém consegue me ajudar, tenho dúvida sobre um pagamento. Minha solicitação principal é: não consigo acessar um artigo pelo portal da biblioteca. Agradeço se puderem olhar isso.;biblioteca;telefone;baixa;treino
ATE-01078;Oi, não consigo visualizar o boleto deste mês e, em paralelo, também preciso de orientação sobre uma disciplina. Conseguem me orientar?;financeiro;presencial;media;teste
ATE-01079;O portal também está dando erro, mas o que preciso resolver primeiro é que preciso consultar uma pendência de empréstimo!;biblioteca;telefone;media;treino
ATE-01080;Fiz o pagamento e ainda aparece pendência;financeiro;chat;media;treino
ATE-01081;"Preciso solicitar um histórico escolar; situação observada para organizar minha situação.";secretaria_academica;presencial;alta;validacao
ATE-01082;A devolução de um livro ainda não foi registrada.;biblioteca;presencial;alta;validacao
ATE-01083;Gostaria de solicitar apoio: preciso atualizar um documento da matrícula e, em paralelo, meu login falha às vezes.;secretaria_academica;email;baixa;treino
ATE-01084;"Por favor, preciso falar com a coordenação sobre meu planejamento acadêmico; ao mesmo tempo, quero reservar um exemplar. Obrigado.";biblioteca;email;baixa;treino
ATE-01085;O portal também está dando erro, mas o que preciso resolver primeiro é que preciso solicitar um histórico escolar. Isso pode ser verificado, por favor?;secretaria_academica;portal;media;treino
ATE-01086;"Meu nome saiu incorreto em um documento acadêmico; além disso, meu login falha às vezes.";secretaria_academica;telefone;media;treino
ATE-01087;só queria entender, a plataforma fica em tela branca? obrigado!;suporte_tecnico;presencial;alta;teste
ATE-01088;quero saber sobre a emissão de declaração e também minha senha não funciona.;secretaria_academica;email;alta;validacao
ATE-01089;"gostaria de registrar, quero informações sobre calendário de matrícula; além disso, também tenho uma pendência de empréstimo. isso pode ser verificado, por favor?";secretaria_academica;chat;baixa;treino
ATE-01090;O BOLETO CONTINUA PENDENTE. MINHA SOLICITAÇÃO PRINCIPAL É: UMA DISCIPLINA NÃO CONSTA NO MEU REGISTRO!;secretaria_academica;email;media;treino
ATE-01091;meu pagamento ainda não foi reconhecido e, em paralelo, também preciso de orientação sobre uma disciplina.;financeiro;portal;baixa;teste
ATE-01092;Quero entender o procedimento de trancamento e também não consigo entrar no portal.;secretaria_academica;telefone;media;validacao
ATE-01093;Gente, tenho dúvida sobre um registro. Minha solicitação principal é: o desconto da mensalidade não apareceu!;financeiro;telefone;media;treino
ATE-01094;Preciso da segunda via do boleto, desde a última atualização do sistema.;financeiro;email;media;treino
ATE-01095;Quero negociar uma pendência financeira, mas tenho ainda outra questão: preciso avaliar uma situação excepcional no meu percurso acadêmico.;financeiro;portal;media;treino
ATE-01096;Olá, bom dia, preciso conversar sobre a organização da minha grade e, em paralelo, o acesso à biblioteca digital falhou. Preciso de um retorno.;coordenacao;email;media;treino
ATE-01097;Por favor, preciso de informações sobre vencimento e juros;financeiro;email;baixa;treino
ATE-01098;preciso saber o horário de atendimento da biblioteca. além disso, o comprovante foi enviado, mas o débito continua aberto.;financeiro;presencial;baixa;treino
ATE-01099;Quero entender o procedimento de trancamento, depois de consultar as orientações disponíveis.;secretaria_academica;telefone;alta;treino
ATE-01100;"Preciso avaliar uma situação excepcional no meu percurso acadêmico; situação observada nesta semana.";coordenacao;telefone;baixa;treino
ATE-01101;Preciso avaliar uma situação excepcional no meu percurso acadêmico. Isso aconteceu na solicitação que abri recentemente.;coordenacao;presencial;alta;treino
ATE-01102;um livro devolvido ainda aparece comigo.;biblioteca;telefone;baixa;teste
ATE-01103;oi, a plataforma fica em tela branca? conseguem me orientar?;suporte_tecnico;chat;alta;treino
ATE-01104;gostaria de registrar, minha matrícula não aparece corretamente. preciso de um retorno.;secretaria_academica;portal;media;treino
ATE-01105;Não consigo visualizar o boleto deste mês e também quero conversar sobre pré-requisitos e sequência de disciplinas;financeiro;presencial;media;treino
ATE-01106;queria uma orientação, tenho um problema recorrente em uma turma e preciso de orientação agradeço se puderem olhar isso;coordenacao;telefone;baixa;treino
ATE-01107;Não consigo visualizar o boleto deste mês;financeiro;portal;alta;validacao
ATE-01108;"Gostaria de registrar, quero reservar um exemplar; além disso, não consigo acessar uma tela do sistema. Podem verificar?";biblioteca;portal;alta;treino
ATE-01109;O desconto da mensalidade não apareceu?;financeiro;chat;alta;validacao
ATE-01110;quero saber sobre a emissão de declaração e, em paralelo, o acesso à biblioteca digital falhou.;secretaria_academica;telefone;baixa;validacao
ATE-01111;oi, o portal também está dando erro. minha solicitação principal é: meu nome saiu incorreto em um documento acadêmico.;secretaria_academica;portal;media;treino
ATE-01112;"Gente, olá, preciso de informações sobre vencimento e juros; além disso, também preciso confirmar um documento acadêmico. Obrigado.";financeiro;chat;media;validacao
ATE-01113;quero orientação acadêmica antes de escolher as próximas matérias além disso, meu acesso está bloqueado;suporte_tecnico;portal;media;treino
ATE-01114;o acesso à biblioteca digital falhou minha solicitação principal é: quero discutir uma situação pedagógica com a turma;coordenacao;telefone;baixa;treino
ATE-01115;Preciso conversar sobre a organização da minha grade. Isso aconteceu antes do prazo informado.;coordenacao;portal;media;treino
ATE-01116;Oi, não consigo abrir o ambiente virtual Obrigado.;suporte_tecnico;presencial;baixa;treino
ATE-01117;Quero reservar um exemplar.;biblioteca;telefone;alta;treino
ATE-01118;"Uma disciplina não consta no meu registro; situação observada antes do início das aulas.";secretaria_academica;chat;media;validacao
ATE-01119;Também tenho uma pendência de empréstimo, mas o que preciso resolver primeiro é que o comprovante foi enviado, mas o débito continua aberto.;financeiro;portal;alta;treino
ATE-01120;Preciso avaliar uma situação excepcional no meu percurso acadêmico, depois de tentar pelo portal.;coordenacao;email;media;teste
ATE-01121;Oi, não consigo acessar um artigo pelo portal da biblioteca?;biblioteca;portal;media;treino
ATE-01122;Então, por favor, quero negociar uma pendência financeira. Agradeço se puderem olhar isso.;financeiro;portal;alta;teste
ATE-01123;"Quero orientação sobre uma situação com uma disciplina; ao mesmo tempo, meu pagamento ainda não foi reconhecido.";financeiro;presencial;baixa;validacao
ATE-01124;Oi, quero discutir uma situação pedagógica com a turma?!;coordenacao;chat;media;teste
ATE-01125;Preciso corrigir meus dados acadêmicos. Isso aconteceu para resolver ainda este mês.;secretaria_academica;email;media;validacao
ATE-01126;Então, uma disciplina não consta no meu registro?;secretaria_academica;portal;media;treino
ATE-01127;Quero saber sobre a emissão de declaração, depois de consultar as orientações disponíveis.;secretaria_academica;presencial;baixa;treino
ATE-01128;preciso falar com a coordenação sobre meu planejamento acadêmico?;coordenacao;email;media;treino
ATE-01129;Oi, meu acesso está bloqueado Preciso de um retorno.;suporte_tecnico;email;media;treino
ATE-01130;Venho informar, a plataforma fica em tela branca? Preciso de um retorno.;suporte_tecnico;presencial;baixa;validacao
ATE-01131;Quero reservar um exemplar, mas tenho ainda outra questão: meu pagamento ainda não foi reconhecido.;biblioteca;telefone;alta;treino
ATE-01132;Olá, quero informações sobre calendário de matrícula, mas tenho ainda outra questão: o comprovante foi enviado, mas o débito continua aberto.;secretaria_academica;telefone;media;treino
ATE-01133;Quero confirmar o status da rematrícula e também meu pagamento ainda não foi reconhecido.;secretaria_academica;email;baixa;treino
ATE-01134;preciso discutir equivalência de conteúdo entre disciplinas e, em paralelo, também tenho uma pendência de empréstimo.!!!;coordenacao;chat;baixa;treino
ATE-01135;Gostaria de registrar, não consigo entrar no portal Conseguem me orientar?;suporte_tecnico;chat;baixa;treino
ATE-01136;quero reservar um exemplar?;biblioteca;telefone;baixa;teste
ATE-01137;Preciso de informações sobre vencimento e juros e também quero entender o procedimento de trancamento.;financeiro;presencial;media;validacao
ATE-01138;olá, a plataforma fica em tela branca além disso, o desconto da mensalidade não apareceu obrigada;financeiro;chat;baixa;teste
ATE-01139;quero negociar uma pendência financeira;financeiro;email;media;teste
ATE-01140;Para conseguir seguir com o processo, meu pagamento ainda não foi reconhecido.;financeiro;portal;media;treino
ATE-01141;Minha matrícula mostra uma informação estranha. Minha solicitação principal é: tenho um problema recorrente em uma turma e preciso de orientação.;coordenacao;chat;baixa;treino
ATE-01142;Para resolver ainda este mês, por favor, preciso solicitar um histórico escolar.;secretaria_academica;presencial;media;treino
ATE-01143;Quero entender uma cobrança na mensalidade, antes de enviar outro pedido.;financeiro;telefone;baixa;teste
ATE-01144;Olá, preciso discutir equivalência de conteúdo entre disciplinas?;coordenacao;chat;baixa;treino
ATE-01145;"a página apresenta erro quando tento acessar; situação observada antes do início das aulas.";suporte_tecnico;presencial;media;validacao
ATE-01146;Gente, preciso confirmar um estorno;financeiro;chat;baixa;treino
ATE-01147;"Então, meu acesso está bloqueado; além disso, o boleto continua pendente.";suporte_tecnico;telefone;alta;treino
ATE-01148;preciso solicitar um histórico escolar;secretaria_academica;telefone;alta;treino
ATE-01149;olá, preciso solicitar um histórico escolar, mas tenho ainda outra questão: tenho um problema recorrente em uma turma e preciso de orientação.;secretaria_academica;chat;media;treino
ATE-01150;boa tarde, quero saber se um título está disponível? isso pode ser verificado, por favor?;biblioteca;presencial;alta;treino
ATE-01151;Oi, não consigo abrir o ambiente virtual;suporte_tecnico;chat;baixa;treino
ATE-01152;"Preciso falar com a coordenação sobre meu planejamento acadêmico; além disso, o portal também está dando erro.";coordenacao;email;baixa;treino
ATE-01153;preciso saber o horário de atendimento da biblioteca?;biblioteca;telefone;baixa;teste
ATE-01154;Preciso solicitar aproveitamento de documentação ja entregue?;secretaria_academica;telefone;baixa;treino
ATE-01155;Por favor, uma disciplina não consta no meu registro. Obrigada.;secretaria_academica;telefone;media;treino
ATE-01156;Então, preciso conversar sobre a organização da minha grade!;coordenacao;portal;media;treino
ATE-01157;Meu login falha às vezes. Minha solicitação principal é: minha matrícula não aparece corretamente!;secretaria_academica;email;alta;treino
ATE-01158;O boleto continua pendente. Minha solicitação principal é: não consigo anexar o arquivo no portal.;suporte_tecnico;presencial;baixa;treino
ATE-01159;"Solicito orientação: por favor, o valor da parcela está diferente; além disso, tenho dúvida sobre um registro. Obrigada.";financeiro;presencial;alta;treino
ATE-01160;Olá, o valor da parcela está diferente.;financeiro;telefone;media;teste
ATE-01161;Por favor, o comprovante foi enviado, mas o débito continua aberto. Isso aconteceu desde o começo da semana.;financeiro;email;alta;treino
ATE-01162;Oi, há uma questão pedagógica que preciso avaliar, mas o que preciso resolver primeiro é que o desconto da mensalidade não apareceu.;financeiro;presencial;media;treino
ATE-01163;NÃO CONSIGO ACESSAR A BASE DE PERIÓDICOS.;biblioteca;portal;media;treino
ATE-01164;O comprovante foi enviado, mas o débito continua aberto e, em paralelo, quero discutir uma decisão acadêmica!;financeiro;portal;alta;treino
ATE-01165;Alguém consegue me ajudar, quero confirmar o status da rematrícula e, em paralelo, o portal também está dando erro. Como resolvo?;secretaria_academica;telefone;media;validacao
ATE-01166;O acesso à biblioteca digital falhou, mas o que preciso resolver primeiro é que preciso solicitar um histórico escolar.;secretaria_academica;presencial;media;treino
ATE-01167;"Preciso solicitar um histórico escolar; além disso, também apareceu uma cobrança que não reconheço.";secretaria_academica;email;media;teste
ATE-01168;Pessoal, o acesso à biblioteca digital falhou, mas o que preciso resolver primeiro é que quero confirmar o status da rematrícula. Agradeço se puderem olhar isso.;secretaria_academica;presencial;baixa;treino
ATE-01169;Solicito orientação: preciso da segunda via do boleto, mas tenho ainda outra questão: quero discutir uma situação pedagógica com a turma.;financeiro;presencial;alta;validacao
ATE-01170;O comprovante foi enviado, mas o débito continua aberto, na solicitação que abri recentemente.;financeiro;telefone;baixa;treino
ATE-01171;Oi, fiz o pagamento e ainda aparece pendência;financeiro;chat;media;treino
ATE-01172;Não consigo acessar um artigo pelo portal da biblioteca.;biblioteca;telefone;media;treino
ATE-01173;"Quero orientação sobre uma situação com uma disciplina; situação observada para resolver ainda este mês.";coordenacao;telefone;alta;teste
ATE-01174;Por favor, olá, preciso atualizar um documento da matrícula e, em paralelo, quero discutir uma decisão acadêmica. Obrigada.;secretaria_academica;presencial;baixa;treino
ATE-01175;Boa tarde, quero entender o procedimento de trancamento Fico no aguardo.;secretaria_academica;telefone;baixa;treino
ATE-01176;Há uma questão pedagógica que preciso avaliar. Minha solicitação principal é: não consigo visualizar o boleto deste mês;financeiro;chat;media;treino
ATE-01177;O aplicativo não carrega e, em paralelo, minha matrícula mostra uma informação estranha.;suporte_tecnico;portal;baixa;treino
ATE-01178;"o link de recuperação de senha não chega; situação observada antes de enviar outro pedido.";suporte_tecnico;email;baixa;treino
ATE-01179;Por favor, por favor, a plataforma fica em tela branca. Obrigada.;suporte_tecnico;chat;baixa;treino
ATE-01180;Não consigo acessar a base de periódicos.;biblioteca;email;media;validacao
ATE-01181;preciso da segunda via do boleto;financeiro;presencial;baixa;treino
ATE-01182;Por favor, antes da próxima aula, quero entender uma cobrança na mensalidade.;financeiro;presencial;baixa;treino
ATE-01183;por favor, meu nome saiu incorreto em um documento acadêmico podem verificar;secretaria_academica;telefone;media;validacao
ATE-01184;Quero negociar uma pendência financeira, mas tenho ainda outra questão: preciso avaliar uma situação excepcional no meu percurso acadêmico Podem verificar?;financeiro;email;alta;treino
ATE-01185;Meu login falha às vezes, mas o que preciso resolver primeiro é que fiz o pagamento e ainda aparece pendência.;financeiro;telefone;baixa;treino
ATE-01186;Meu login falha às vezes. Minha solicitação principal é: meu pagamento ainda não foi reconhecido, no semestre atual.;financeiro;telefone;media;teste
ATE-01187;quero orientação acadêmica antes de escolher as próximas matérias. Isso aconteceu na solicitação que abri recentemente.;coordenacao;email;media;validacao
ATE-01188;Aparece uma mensagem de erro toda vez que faço login?;suporte_tecnico;telefone;alta;treino
ATE-01189;Não consigo abrir o ambiente virtual?!;suporte_tecnico;portal;media;treino
ATE-01190;bom dia, preciso da segunda via do boleto. conseguem me orientar?;financeiro;portal;alta;treino
ATE-01191;tenho dúvida sobre um registro. minha solicitação principal é: quero negociar uma pendência financeira;financeiro;email;media;validacao
ATE-01192;Preciso saber o horário de atendimento da biblioteca, para organizar minha situação.;biblioteca;chat;alta;treino
ATE-01193;Minha matrícula mostra uma informação estranha. Minha solicitação principal é: quero orientação acadêmica antes de escolher as próximas matérias.;coordenacao;portal;media;treino
ATE-01194;Gostaria de solicitar apoio: quero discutir uma decisão acadêmica, mas o que preciso resolver primeiro é que aparece uma mensagem de erro toda vez que faço login.;suporte_tecnico;presencial;media;teste
ATE-01195;Meu acesso está bloqueado. Isso aconteceu desde ontem.;suporte_tecnico;portal;media;treino
ATE-01196;Preciso discutir equivalência de conteúdo entre disciplinas.;coordenacao;email;media;treino
ATE-01197;Meu nome saiu incorreto em um documento acadêmico e, em paralelo, o acesso à biblioteca digital falhou. Agradeço se puderem olhar isso.;secretaria_academica;chat;media;treino
ATE-01198;Registro a seguinte situação: estou com uma dúvida, quero entender uma cobrança na mensalidade? Como resolvo?;financeiro;chat;media;treino
ATE-01199;O boleto continua pendente. Minha solicitação principal é: não consigo entrar no portal!;suporte_tecnico;portal;media;treino
ATE-01200;Quero entender uma cobrança na mensalidade, mas tenho ainda outra questão: quero entender o procedimento de trancamento.;financeiro;email;alta;validacao
ATE-01201;pessoal, quero saber se um título está disponível como resolvo?;biblioteca;email;media;teste
ATE-01202;Por favor, preciso solicitar um histórico escolar.;secretaria_academica;presencial;media;teste
ATE-01203;Por favor, estou com uma dúvida, preciso solicitar um histórico escolar;secretaria_academica;email;baixa;treino
ATE-01204;"Preciso solicitar um histórico escolar; situação observada para conseguir seguir com o processo.";secretaria_academica;presencial;media;treino
ATE-01205;Oi, tenho um problema recorrente em uma turma e preciso de orientação. Além disso, nao consigo acessar um artigo pelo portal da biblioteca.;biblioteca;telefone;media;treino
ATE-01206;Para conseguir seguir com o processo, fiz o pagamento e ainda aparece pendência.;financeiro;chat;baixa;treino
ATE-01207;Olá, preciso avaliar uma situação excepcional no meu percurso acadêmico.;coordenacao;portal;alta;treino
ATE-01208;Quero informações sobre calendário de matrícula!;secretaria_academica;portal;alta;teste
ATE-01209;Preciso consultar uma pendência de empréstimo e, em paralelo, também preciso confirmar um documento acadêmico.;biblioteca;portal;alta;validacao
ATE-01210;Olá, preciso de orientação sobre uma decisão acadêmica que não é apenas cadastral.;coordenacao;chat;media;treino
ATE-01211;"Não consigo visualizar o boleto deste mês; além disso, também preciso de orientação sobre uma disciplina.";financeiro;presencial;baixa;teste
ATE-01212;por favor, também preciso de orientação sobre uma disciplina. minha solicitação principal é: preciso saber o horário de atendimento da biblioteca. obrigada!;biblioteca;presencial;alta;treino
ATE-01213;o aplicativo não carrega e, em paralelo, o boleto continua pendente.;suporte_tecnico;telefone;baixa;teste
ATE-01214;Meu pagamento ainda não foi reconhecido e também quero orientação acadêmica antes de escolher as próximas matérias.;financeiro;chat;alta;treino
ATE-01215;Oi, queria uma orientação, preciso avaliar uma situação excepcional no meu percurso acadêmico. Como resolvo?;coordenacao;chat;media;treino
ATE-01216;Desde ontem, o aplicativo não carrega.;suporte_tecnico;telefone;alta;validacao
ATE-01217;não consigo acessar a base de periódicos e, em paralelo, quero discutir uma decisão acadêmica.;biblioteca;portal;media;treino
ATE-01218;"Por favor, a plataforma fica em tela branca; ao mesmo tempo, o valor da parcela está diferente.";financeiro;chat;alta;treino
ATE-01219;Pessoal, quero discutir uma situação pedagógica com a turma. Além disso, o sistema fecha antes de concluir a operação. Obrigada!;suporte_tecnico;presencial;alta;teste
ATE-01220;Preciso conversar sobre a organização da minha grade, para organizar minha situação.;coordenacao;presencial;alta;treino
ATE-01221;a plataforma fica em tela branca? ...;suporte_tecnico;email;media;treino
ATE-01222;Por favor, não consigo abrir o ambiente virtual?;suporte_tecnico;presencial;baixa;treino
ATE-01223;"Quero conversar sobre pré-requisitos e sequência de disciplinas; situação observada depois de consultar as orientações disponíveis.";coordenacao;portal;media;treino
ATE-01224;Então, boa tarde, fiz o pagamento e ainda aparece pendência e, em paralelo, o portal também está dando erro. Isso pode ser verificado, por favor?;financeiro;email;baixa;treino
ATE-01225;O portal também está dando erro. Minha solicitação principal é: preciso de informações sobre vencimento e juros.;financeiro;presencial;media;treino
ATE-01226;"Um livro devolvido ainda aparece comigo; situação observada antes do prazo informado.";biblioteca;email;alta;treino
ATE-01227;Também tenho uma pendência de empréstimo. Minha solicitação principal é: quero entender uma cobrança na mensalidade.;financeiro;telefone;media;teste
ATE-01228;Olá, meu login falha às vezes, mas o que preciso resolver primeiro é que quero informações sobre calendário de matrícula.;secretaria_academica;telefone;baixa;treino
ATE-01229;"A plataforma fica em tela branca; além disso, quero discutir uma decisão acadêmica.";suporte_tecnico;presencial;media;treino
ATE-01230;quero entender o procedimento de trancamento!;secretaria_academica;portal;alta;treino
ATE-01231;"Gostaria de solicitar apoio: preciso atualizar um documento da matrícula; além disso, preciso conferir um livro.";secretaria_academica;portal;baixa;treino
ATE-01232;preciso de ajuda, o boleto continua pendente, mas o que preciso resolver primeiro é que não consigo acessar um artigo pelo portal da biblioteca. preciso de um retorno;biblioteca;chat;alta;treino
ATE-01233;Oi, meu login falha às vezes, mas o que preciso resolver primeiro é que não consigo acessar a base de periódicos. Agradeço se puderem olhar isso.;biblioteca;email;media;treino
ATE-01234;n consigo abrir o ambiente virtual.;suporte_tecnico;email;baixa;treino
ATE-01235;Estou com uma dúvida, não consigo entrar no portal e, em paralelo, também preciso de orientação sobre uma disciplina. Fico no aguardo.;suporte_tecnico;portal;baixa;treino
ATE-01236;Gostaria de solicitar apoio: bom dia, a plataforma fica em tela branca.;suporte_tecnico;telefone;media;treino
ATE-01237;Por favor, não consigo acessar a base de periódicos.;biblioteca;presencial;media;treino
ATE-01238;Por favor, olá, preciso discutir equivalência de conteúdo entre disciplinas.;coordenacao;presencial;media;treino
ATE-01239;Registro a seguinte situação: alguém consegue me ajudar, quero entender uma cobrança na mensalidade? Obrigada.;financeiro;email;baixa;teste
ATE-01240;Solicito orientação: venho informar, meu login falha às vezes, mas o que preciso resolver primeiro é que quero confirmar a multa de um empréstimo atrasado. Podem verificar?;biblioteca;portal;baixa;treino
ATE-01241;Preciso de orientação sobre uma decisão acadêmica que não é apenas cadastral. Isso aconteceu desde a última atualização do sistema.;coordenacao;presencial;media;teste
ATE-01242;"Estou com uma dúvida, aparece uma mensagem de erro toda vez que faço login; além disso, há uma questão pedagógica que preciso avaliar. Podem verificar?";suporte_tecnico;telefone;media;validacao
ATE-01243;;suporte_tecnico;telefone;baixa;treino
ATE-01244;Então, não consigo visualizar o boleto deste mês.;financeiro;portal;baixa;teste
ATE-01245;boa tarde, o comprovante foi enviado, mas o débito continua aberto? podem verificar?;financeiro;portal;media;treino
ATE-01246;quero saber se um título está disponível. além disso, preciso falar com a coordenação sobre meu planejamento acadêmico.;coordenacao;telefone;media;treino
ATE-01247;Um livro devolvido ainda aparece comigo;biblioteca;presencial;media;teste
ATE-01248;Então, tenho dúvida sobre um registro, mas o que preciso resolver primeiro é que tenho um problema recorrente em uma turma e preciso de orientação.;coordenacao;portal;baixa;treino
ATE-01249;Não consigo anexar o arquivo no portal, mas tenho ainda outra questão: quero reservar um exemplar.;suporte_tecnico;presencial;media;treino
ATE-01250;Oi, venho informar, a plataforma fica em tela branca Agradeço se puderem olhar isso.;suporte_tecnico;chat;media;treino
ATE-01251;Meu login falha às vezes. Minha solicitação principal é: quero discutir uma situação pedagógica com a turma.;coordenacao;telefone;alta;treino
ATE-01252;"Oi, o comprovante foi enviado, mas o débito continua aberto; situação observada antes do início das aulas.";financeiro;presencial;baixa;validacao
ATE-01253;não consigo acessar a base de periódicos.;biblioteca;presencial;media;treino
ATE-01254;Preciso de informações sobre vencimento e juros, desde o começo da semana.;financeiro;email;media;treino
ATE-01255;"Meu pagamento ainda não foi reconhecido; situação observada antes da próxima aula.";financeiro;telefone;media;teste
ATE-01256;Quero orientação acadêmica antes de escolher as próximas matérias?;coordenacao;telefone;media;teste
ATE-01257;Preciso renovar um livro?;biblioteca;chat;baixa;treino
ATE-01258;Também preciso de orientação sobre uma disciplina. Minha solicitação principal é: quero informações sobre calendário de matrícula.;secretaria_academica;presencial;alta;treino
ATE-01259;Por favor, preciso conferir um livro. Minha solicitação principal é: preciso solicitar aproveitamento de documentação já entregue!;secretaria_academica;telefone;alta;treino
ATE-01260;Minha matrícula mostra uma informação estranha, mas o que preciso resolver primeiro é que o comprovante foi enviado, mas o débito continua aberto.;financeiro;presencial;media;treino
ATE-01261;preciso renovar um livro, mas tenho ainda outra questão: o sistema fecha antes de concluir a operação;biblioteca;email;media;teste
ATE-01262;Boa tarde, quero conversar sobre pré-requisitos e sequência de disciplinas Preciso de um retorno.;coordenacao;chat;alta;treino
ATE-01263;A plataforma fica em tela branca e, em paralelo, preciso conferir um livro.;suporte_tecnico;email;media;validacao
ATE-01264;o comprovante foi enviado, mas o débito continua aberto.;financeiro;telefone;baixa;treino
ATE-01265;Oi, minha matrícula não aparece corretamente.;secretaria_academica;presencial;alta;validacao
ATE-01266;uma disciplina não consta no meu registro, para conseguir seguir com o processo.;secretaria_academica;presencial;alta;treino
ATE-01267;Quero confirmar o status da rematrícula. Isso aconteceu desde a última atualização do sistema.;secretaria_academica;telefone;media;teste
ATE-01268;"Solicito orientação: boa tarde, quero conversar sobre pré-requisitos e sequência de disciplinas; além disso, não consigo acessar uma tela do sistema. Obrigada.";coordenacao;telefone;alta;teste
ATE-01269;"O sistema fecha antes de concluir a operação; além disso, o acesso à biblioteca digital falhou.";suporte_tecnico;chat;alta;teste
ATE-01270;preciso de orientação sobre uma decisão acadêmica que não é apenas cadastral e, em paralelo, o acesso à biblioteca digital falhou;coordenacao;portal;media;teste
ATE-01271;pessoal, não consigo entrar no portal fico no aguardo.;suporte_tecnico;telefone;baixa;treino
ATE-01272;Por favor, pessoal, quero saber sobre a emissão de declaração? Obrigada!;secretaria_academica;chat;media;treino
ATE-01273;o link de recuperação de senha não chega e, em paralelo, o boleto continua pendente!;suporte_tecnico;telefone;alta;treino
ATE-01274;oi, o valor da parcela está diferente e, em paralelo, não consigo acessar uma tela do sistema podem verificar!;financeiro;email;baixa;treino
ATE-01275;"O comprovante foi enviado, mas o débito continua aberto; além disso, não consigo acessar uma tela do sistema.";financeiro;chat;media;treino
ATE-01276;Gostaria de registrar, também preciso confirmar um documento acadêmico. Minha solicitação principal é: quero negociar uma pendência financeira. Obrigada!;financeiro;chat;media;treino
ATE-01277;"quero reservar um exemplar; situação observada no semestre atual.";biblioteca;chat;media;treino
ATE-01278;Registro a seguinte situação: oi, preciso solicitar um histórico escolar. Conseguem me orientar?;secretaria_academica;presencial;alta;treino
ATE-01279;"Olá, preciso confirmar um estorno; ao mesmo tempo, meu nome saiu incorreto em um documento acadêmico. Podem verificar?";secretaria_academica;presencial;alta;validacao
ATE-01280;Gostaria de solicitar apoio: preciso consultar uma pendência de empréstimo, desde a última atualização do sistema.;biblioteca;portal;baixa;treino
ATE-01281;Uma disciplina não consta no meu registro, mas tenho ainda outra questão: quero reservar um exemplar.;secretaria_academica;presencial;media;treino
ATE-01282;gente, preciso de ajuda, quero saber se um título está disponível. obrigado.;biblioteca;chat;alta;treino
ATE-01283;Minha matrícula nao aparece corretamente?;secretaria_academica;presencial;media;validacao
ATE-01284;Então, preciso consultar uma pendência de empréstimo;biblioteca;portal;alta;teste
ATE-01285;"A devolução de um livro ainda não foi registrada; situação observada desde ontem.";biblioteca;telefone;baixa;treino
ATE-01286;Gostaria de solicitar apoio: olá, meu nome saiu incorreto em um documento acadêmico? Isso pode ser verificado, por favor?;secretaria_academica;chat;media;treino
ATE-01287;Também apareceu uma cobrança que não reconheço, mas o que preciso resolver primeiro é que a plataforma fica em tela branca.;suporte_tecnico;portal;media;validacao
ATE-01288;Só queria entender, preciso atualizar um documento da matrícula. Obrigada.;secretaria_academica;email;baixa;teste
ATE-01289;também tenho uma pendência de empréstimo. minha solicitação principal é: tenho um problema recorrente em uma turma e preciso de orientação.;coordenacao;portal;media;treino
ATE-01290;Meu pagamento ainda não foi reconhecido e também quero confirmar o status da rematrícula Podem verificar?;financeiro;chat;media;validacao
ATE-01291;Oi, tenho dúvida sobre um pagamento, mas o que preciso resolver primeiro é que a página apresenta erro quando tento acessar.;suporte_tecnico;email;media;treino
ATE-01292;quero confirmar o status da rematricula;secretaria_academica;presencial;media;treino
ATE-01293;Olá, quero informações sobre calendário de matrícula. Isso aconteceu depois de consultar as orientações disponíveis.;secretaria_academica;telefone;alta;teste
ATE-01294;Então, uma disciplina não consta no meu registro. Isso aconteceu desde o começo da semana.;secretaria_academica;portal;baixa;treino
ATE-01295;O aplicativo não carrega. Isso aconteceu desde o começo da semana.;suporte_tecnico;portal;baixa;treino
ATE-01296;Só queria entender, não consigo entrar no portal? Preciso de um retorno.;suporte_tecnico;chat;baixa;teste
ATE-01297;Registro a seguinte situação: quero conversar sobre pré-requisitos e sequência de disciplinas.;coordenacao;portal;media;treino
ATE-01298;Preciso de informações sobre vencimento e juros e também preciso solicitar um histórico escolar.;financeiro;portal;baixa;treino
ATE-01299;Também preciso confirmar um documento acadêmico. Minha solicitação principal é: não consigo anexar o arquivo no portal.;suporte_tecnico;portal;baixa;treino
ATE-01300;"Só queria entender, preciso renovar um livro; além disso, também preciso confirmar um documento acadêmico. Fico no aguardo.";biblioteca;email;media;treino
ATE-01301;Gente, também preciso confirmar um documento acadêmico. Minha solicitação principal é: quero orientação acadêmica antes de escolher as próximas matérias.;coordenacao;portal;media;teste
ATE-01302;quero orientação acadêmica antes de escolher as próximas matérias;coordenacao;email;media;treino
ATE-01303;o sistema fecha antes de concluir a operação e, em paralelo, há uma questão pedagógica que preciso avaliar.;suporte_tecnico;portal;baixa;validacao
ATE-01304;Preciso avaliar uma situação excepcional no meu percurso acadêmico? Podem verificar?;coordenacao;telefone;baixa;treino
ATE-01305;a página apresenta erro quando tento acessar e também quero saber se um título está disponível.;suporte_tecnico;email;alta;treino
ATE-01306;Também preciso confirmar um documento acadêmico. Minha solicitação principal é: preciso avaliar uma situação excepcional no meu percurso acadêmico.;coordenacao;chat;baixa;treino
ATE-01307;"Fiz o pagamento e ainda aparece pendência; além disso, também preciso de orientação sobre uma disciplina.";financeiro;telefone;baixa;treino
ATE-01308;também tenho uma pendência de empréstimo, mas o que preciso resolver primeiro é que o aplicativo n carrega;suporte_tecnico;presencial;baixa;treino
ATE-01309;Oi, um livro devolvido ainda aparece comigo e também quero saber sobre a emissão de declaração.;biblioteca;chat;alta;treino
ATE-01310;Então, quero confirmar o status da rematrícula e também preciso de informações sobre vencimento e juros.;secretaria_academica;telefone;media;treino
ATE-01311;o comprovante foi enviado, mas o débito continua aberto e, em paralelo, o acesso à biblioteca digital falhou;financeiro;portal;media;treino
ATE-01312;Olá, oi, quero reservar um exemplar. Agradeço se puderem olhar isso.;biblioteca;email;baixa;validacao
ATE-01313;gostaria de registrar, também preciso de orientação sobre uma disciplina, mas o que preciso resolver primeiro é que meu nome saiu incorreto em um documento acadêmico. agradeço se puderem olhar isso.;secretaria_academica;chat;baixa;teste
ATE-01314;quero discutir uma decisão acadêmica, mas o que preciso resolver primeiro é que a plataforma fica em tela branca;suporte_tecnico;telefone;alta;validacao
ATE-01315;meu acesso está bloqueado? 😤;suporte_tecnico;email;alta;validacao
ATE-01316;O aceso à biblioteca digital falhou, mas o que preciso resolver primeiro é que preciso de orientação sobre uma decisão acadêmica que não é apenas cadastral.;coordenacao;email;media;treino
ATE-01317;Por favor, também preciso de orientação sobre uma disciplina, mas o que preciso resolver primeiro é que não consigo entrar no portal.;suporte_tecnico;email;baixa;treino
ATE-01318;Gente, fiz o pagamento e ainda aparece pendência;financeiro;email;baixa;treino
ATE-01319;não consigo abrir o ambiente virtual, mas tenho ainda outra questão: preciso falar com a coordenação sobre meu planejamento acadêmico.;suporte_tecnico;email;baixa;treino
ATE-01320;Então, olá, quero saber se um título está disponível e também meu acesso está bloqueado. Podem verificar?;biblioteca;telefone;media;treino
ATE-01321;Queria uma orientação, preciso da segunda via do boleto;financeiro;portal;baixa;treino
ATE-01322;"Por favor, preciso solicitar um histórico escolar; situação observada depois de tentar pelo portal.";secretaria_academica;presencial;baixa;validacao
ATE-01323;Preciso de ajuda, quero entender o procedimento de trancamento Fico no aguardo.;secretaria_academica;portal;baixa;teste
ATE-01324;o comprovante foi enviado, mas o débito continua aberto. Isso aconteceu para conseguir seguir com o processo.;financeiro;presencial;baixa;treino
ATE-01325;A devolução de um livro ainda não foi registrada. Além disso, o sistema fecha antes de concluir a operação.;suporte_tecnico;chat;media;teste
ATE-01326;estou com uma dúvida, preciso discutir equivalência de conteúdo entre disciplinas? conseguem me orientar?;coordenacao;chat;media;teste
ATE-01327;"quero discutir uma situação pedagógica com a turma; além disso, também apareceu uma cobrança que não reconheço.";coordenacao;presencial;baixa;treino
ATE-01328;Solicito orientação: quero discutir uma decisão acadêmica, mas o que preciso resolver primeiro é que meu pagamento ainda nao foi reconhecido.;financeiro;telefone;baixa;validacao
ATE-01329;Um livro devolvido ainda aparece comigo?;biblioteca;portal;media;treino
ATE-01330;Olá, também preciso de orientação sobre uma disciplina, mas o que preciso resolver primeiro é que quero entender uma cobrança na mensalidade. Podem verificar?;financeiro;telefone;media;validacao
ATE-01331;Preciso conferir um livro, mas o que preciso resolver primeiro é que quero entender o procedimento de trancamento.;secretaria_academica;telefone;media;treino
ATE-01332;pessoal, quero saber se um título está disponível. podem verificar? 😕;biblioteca;portal;media;treino
ATE-01333;venho informar, quero confirmar o status da rematrícula? fico no aguardo.;secretaria_academica;portal;media;treino
ATE-01334;Gente, quero orientação sobre uma situação com uma disciplina, mas tenho ainda outra questão: quero entender uma cobrança na mensalidade.;coordenacao;presencial;alta;treino
ATE-01335;Preciso de informações sobre vencimento e juros e, em paralelo, minha matricula mostra uma informação estranha.;financeiro;chat;baixa;validacao
ATE-01336;A página apresenta erro quando tento acessar;suporte_tecnico;email;alta;treino
ATE-01337;"Meu nome saiu incorreto em um documento acadêmico; além disso, também preciso de orientação sobre uma disciplina; situação observada antes do início das aulas.";secretaria_academica;portal;baixa;treino
ATE-01338;Preciso de ajuda, também tenho uma pendência de empréstimo. Minha solicitação principal é: quero entender o procedimento de trancamento. Obrigada.;secretaria_academica;email;alta;treino
ATE-01339;Olá, quero confirmar o status da rematrícula. Além disso, tenho um problema recorrente em uma turma e preciso de orientação.;coordenacao;presencial;baixa;treino
ATE-01340;Por favor, preciso de orientação sobre uma decisão acadêmica que não é apenas cadastral?;coordenacao;presencial;media;treino
ATE-01341;REGISTRO A SEGUINTE SITUAÇÃO: QUERO SABER SE UM TÍTULO ESTÁ DISPONÍVEL;biblioteca;presencial;media;treino
ATE-01342;PESSOAL, PRECISO CONSULTAR UMA PENDÊNCIA DE EMPRÉSTIMO. ALÉM DISSO, MINHA MATRÍCULA N APARECE CORRETAMENTE. PODEM VERIFICAR?;secretaria_academica;presencial;baixa;treino
ATE-01343;Olá, quero discutir uma decisão acadêmica. Minha solicitação principal é: o valor da parcela está diferente. Podem verificar?;financeiro;telefone;alta;treino
ATE-01344;Oi, preciso avaliar uma situação excepcional no meu percurso acadêmico.;coordenacao;portal;alta;validacao
ATE-01345;Gente, preciso de ajuda, a página apresenta erro quando tento acessar Fico no aguardo.;suporte_tecnico;email;media;treino
ATE-01346;Então, preciso discutir equivalência de conteúdo entre disciplinas?;coordenacao;telefone;media;treino
ATE-01347;não consigo abrir o ambiente virtual. além disso, quero discutir uma situação pedagógica com a turma.;coordenacao;telefone;baixa;treino
ATE-01348;preciso discutir equivalência de conteúdo entre disciplinas;coordenacao;email;baixa;teste
ATE-01349;Olá, preciso renovar um livro? Obrigado.;biblioteca;telefone;media;treino
ATE-01350;"Não consigo acessar um artigo pelo portal da biblioteca; situação observada depois de tentar pelo portal.";biblioteca;email;alta;teste
ATE-01351;QUERO ORIENTAÇÃO SOBRE UMA SITUAÇÃO COM UMA DISCIPLINA E TAMBÉM NÃO CONSIGO ENTRAR NO PORTAL.;coordenacao;email;media;treino
ATE-01352;Oi, quero discutir uma decisão acadêmica, mas o que preciso resolver primeiro é que não consigo acessar a base de periódicos.;biblioteca;email;baixa;treino
ATE-01353;"Gente, venho informar, preciso confirmar um estorno; além disso, não consigo acessar uma tela do sistema. Obrigado.";financeiro;telefone;media;treino
ATE-01354;minha matrícula não aparece corretamente. Isso aconteceu depois de tentar pelo portal.;secretaria_academica;presencial;media;treino
ATE-01355;Gostaria de solicitar apoio: a plataforma fica em tela branca.;suporte_tecnico;email;baixa;treino
ATE-01356;Olá, o link de recuperação de senha não chega Preciso de um retorno.;suporte_tecnico;email;media;treino
ATE-01357;aparece uma mensagem de erro toda vez q faço login;suporte_tecnico;portal;baixa;treino
ATE-01358;Preciso consultar uma pendência de empréstimo?;biblioteca;email;media;treino
ATE-01359;quero negociar uma pendência financeira. Isso aconteceu para conseguir seguir com o processo.;financeiro;email;media;treino
ATE-01360;"Quero saber sobre a emissão de declaração; ao mesmo tempo, preciso confirmar um estorno.";financeiro;chat;alta;teste
ATE-01361;Quero informações sobre calendário de matrícula. Conseguem me orientar?!;secretaria_academica;portal;media;treino
ATE-01362;Então, pessoal, tenho dúvida sobre um pagamento, mas o que preciso resolver primeiro é que não consigo entrar no portal. Obrigado.;suporte_tecnico;portal;alta;treino
ATE-01363;Gente, minha matrícula não aparece corretamente!;secretaria_academica;email;baixa;treino
ATE-01364;Olá, meu acesso esta bloqueado;suporte_tecnico;email;baixa;treino
ATE-01365;"Preciso de ajuda, quero saber se um título está disponível; além disso, o boleto continua pendente. Obrigada.";biblioteca;telefone;baixa;treino
ATE-01366;"oi, o aplicativo não carrega; além disso, também apareceu uma cobrança que não reconheço.";suporte_tecnico;presencial;alta;validacao
ATE-01367;Antes do prazo informado, minha matrícula não aparece corretamente.;secretaria_academica;chat;alta;treino
ATE-01368;há uma questão pedagógica q preciso avaliar, mas o q preciso resolver primeiro é q quero confirmar a multa de um empréstimo atrasado. ...;biblioteca;presencial;alta;treino
ATE-01369;oi, preciso solicitar um histórico escolar além disso, não consigo entrar no portal agradeço se puderem olhar isso;suporte_tecnico;telefone;baixa;validacao
ATE-01370;Registro a seguinte situação: preciso atualizar um documento da matrícula!;secretaria_academica;portal;baixa;teste
ATE-01371;Bom dia, o aplicativo não carrega. Preciso de um retorno.;suporte_tecnico;chat;alta;treino
ATE-01372;Gente, não consigo acessar a base de periódicos e, em paralelo, tenho dúvida sobre um registro.;biblioteca;email;media;treino
ATE-01373;Minha matrícula não aparece corretamente e também quero discutir uma situação pedagógica com a turma.;secretaria_academica;portal;alta;treino
ATE-01374;Então, minha senha não funciona Podem verificar?;suporte_tecnico;chat;media;teste
ATE-01375;SOLICITO ORIENTAÇÃO: A PLATAFORMA FICA EM TELA BRANCA?;suporte_tecnico;email;baixa;treino
ATE-01376;Solicito orientação: fiz o pagamento e ainda aparece pendência?;financeiro;email;media;validacao
ATE-01377;Olá, o aplicativo não carrega. Além disso, não consigo acessar um artigo pelo portal da biblioteca.;biblioteca;chat;media;treino
ATE-01378;Preciso saber o horário de atendimento da biblioteca, depois de tentar pelo portal.;biblioteca;portal;alta;validacao
ATE-01379;"Olá, preciso renovar um livro; ao mesmo tempo, quero conversar sobre pré-requisitos e sequência de disciplinas.";coordenacao;telefone;media;teste
ATE-01380;OI, TENHO DÚVIDA SOBRE UM PAGAMENTO. MINHA SOLICITAÇÃO PRINCIPAL É: QUERO ORIENTAÇÃO ACADÊMICA ANTES DE ESCOLHER AS PRÓXIMAS MATÉRIAS.;coordenacao;presencial;media;treino
ATE-01381;preciso confirmar um estorno? 😤;financeiro;email;alta;validacao
ATE-01382;"Meu acesso está bloqueado; ao mesmo tempo, fiz o pagamento e ainda aparece pendência.";financeiro;presencial;alta;treino
ATE-01383;Venho informar, preciso atualizar um documento da matrícula?;secretaria_academica;portal;media;treino
ATE-01384;Registro a seguinte situação: quero entender uma cobrança na mensalidade;financeiro;chat;media;treino
ATE-01385;OLÁ, QUERO INFORMAÇÕES SOBRE CALENDÁRIO DE MATRÍCULA OBRIGADA.;secretaria_academica;chat;media;treino
ATE-01386;"O desconto da mensalidade não apareceu; além disso, quero discutir uma decisão acadêmica.";financeiro;presencial;baixa;treino
ATE-01387;Tenho dúvida sobre um registro. Minha solicitação principal é: preciso conversar sobre a organização da minha grade.;coordenacao;email;baixa;treino
ATE-01388;Quero discutir uma decisão acadêmica. Minha solicitação principal é: uma disciplina não consta no meu registro.;secretaria_academica;chat;baixa;treino
ATE-01389;Preciso confirmar um estorno;financeiro;presencial;alta;validacao
ATE-01390;Então, venho informar, preciso confirmar um estorno? Agradeço se puderem olhar isso.;financeiro;portal;media;validacao
ATE-01391;Preciso de orientação sobre uma decisão acadêmica que não é apenas cadastral, depois de consultar as orientações disponíveis.;coordenacao;chat;media;validacao
ATE-01392;Uma disciplina não consta no meu registro?;secretaria_academica;telefone;media;treino
ATE-01393;o portal também está dando erro. minha solicitação principal é: preciso saber o horário de atendimento da biblioteca.;biblioteca;telefone;media;validacao
ATE-01394;"Estou com uma dúvida, fiz o pagamento e ainda aparece pendência; além disso, o portal também está dando erro. Agradeço se puderem olhar isso.";financeiro;portal;alta;validacao
ATE-01395;"O comprovante foi enviado, mas o débito continua aberto; situação observada depois de consultar as orientações disponíveis.";financeiro;presencial;alta;treino
ATE-01396;Para conseguir seguir com o processo, quero entender o procedimento de trancamento.;secretaria_academica;portal;baixa;treino
ATE-01397;O boleto continua pendente, mas o que preciso resolver primeiro é que minha matrícula não aparece corretamente.;secretaria_academica;presencial;baixa;validacao
ATE-01398;Preciso confirmar um estorno e, em paralelo, quero discutir uma decisão acadêmica!;financeiro;email;baixa;treino
ATE-01399;Gente, meu acesso está bloqueado Podem verificar?;suporte_tecnico;presencial;alta;treino
ATE-01400;Só queria entender, quero negociar uma pendência financeira Isso pode ser verificado, por favor?;financeiro;chat;alta;validacao
ATE-01401;Registro a seguinte situação: o link de recuperação de senha não chega. Além disso, preciso consultar uma pendência de empréstimo.;biblioteca;portal;media;treino
ATE-01402;Só queria entender, quero reservar um exemplar. Preciso de um retorno.;biblioteca;portal;media;teste
ATE-01403;Oi, o link de recuperação de senha não chega e também a devolução de um livro ainda não foi registrada.;suporte_tecnico;email;media;teste
ATE-01404;Olá, só queria entender, o comprovante foi enviado, mas o débito continua aberto Como resolvo?;financeiro;telefone;media;treino
ATE-01405;Para resolver ainda este mês, registro a seguinte situação: preciso confirmar um estorno.;financeiro;telefone;media;treino
ATE-01406;"quero confirmar o status da rematrícula; situação observada para conseguir seguir com o processo.";secretaria_academica;chat;media;treino
ATE-01407;Antes da próxima aula, o desconto da mensalidade não apareceu.;financeiro;presencial;baixa;teste
ATE-01408;boa tarde, quero negociar uma pendência financeira conseguem me orientar;financeiro;telefone;media;treino
ATE-01409;Quero saber se um título está disponível, mas tenho ainda outra questão: meu nome saiu incorreto em um documento acadêmico.;biblioteca;email;media;treino
ATE-01410;Então, o link de recuperação de senha não chega e, em paralelo, o acesso à biblioteca digital falhou!;suporte_tecnico;presencial;alta;treino
ATE-01411;o desconto da mensalidade não apareceu.;financeiro;chat;alta;treino
ATE-01412;Antes do prazo informado, quero saber sobre a emissão de declaração.;secretaria_academica;presencial;baixa;validacao
ATE-01413;"Quero saber sobre a emissão de declaração; além disso, o boleto continua pendente.";secretaria_academica;chat;media;treino
ATE-01414;Oi, meu login falha às vezes. Minha solicitação principal é: não consigo acessar um artigo pelo portal da biblioteca.;biblioteca;presencial;baixa;treino
ATE-01415;Gostaria de solicitar apoio: também preciso de orientação sobre uma disciplina. Minha solicitação principal é: uma disciplina não consta no meu registro.;secretaria_academica;presencial;media;treino
ATE-01416;PRECISO DE AJUDA, PRECISO CORRIGIR MEUS DADOS ACADÊMICOS AGRADEÇO SE PUDEREM OLHAR ISSO.;secretaria_academica;email;baixa;treino
ATE-01417;Uma disciplina não consta no meu registro. Isso aconteceu antes de enviar outro pedido.;secretaria_academica;presencial;media;treino
ATE-01418;Não consigo acessar uma tela do sistema, mas o que preciso resolver primeiro é que meu pagamento ainda não foi reconhecido. Isso aconteceu desde a última atualização do sistema.;financeiro;chat;alta;teste
ATE-01419;"quero reservar um exemplar; além disso, há uma questão pedagógica que preciso avaliar.";biblioteca;email;baixa;treino
ATE-01420;o boleto continua pendente, mas o que preciso resolver primeiro é que quero discutir uma situação pedagógica com a turma!;coordenacao;portal;baixa;treino
ATE-01421;Então, quero entender uma cobrança na mensalidade;financeiro;presencial;media;validacao
ATE-01422;Para conseguir seguir com o processo, registro a seguinte situação: quero conversar sobre pré-requisitos e sequência de disciplinas.;coordenacao;email;alta;teste
ATE-01423;Tenho dúvida sobre um registro. Minha solicitação principal é: não consigo acessar a base de periódicos.;biblioteca;portal;media;treino
ATE-01424;Estou com uma dúvida, o boleto continua pendente. Minha solicitação principal é: preciso solicitar aproveitamento de documentação já entregue. Agradeço se puderem olhar isso.;secretaria_academica;presencial;media;treino
ATE-01425;"Preciso de informações sobre vencimento e juros, depois de consultar as orientações disponíveis; preciso de retorno.";financeiro;portal;baixa;validacao
ATE-01426;Desde o começo da semana, o desconto da mensalidade não apareceu.;financeiro;portal;baixa;treino
ATE-01427;"Quero reservar um exemplar; situação observada antes de enviar outro pedido.";biblioteca;chat;media;treino
ATE-01428;Preciso da segunda via do boleto. Isso aconteceu antes do início das aulas.;financeiro;email;baixa;treino
ATE-01429;Olá, minha matrícula não aparece corretamente. Além disso, preciso confirmar um estorno.;financeiro;chat;media;treino
ATE-01430;Por favor, alguém consegue me ajudar, fiz o pagamento e ainda aparece pendência Preciso de um retorno.;financeiro;chat;baixa;treino
ATE-01431;Gente, minha matrícula mostra uma informação estranha, mas o que preciso resolver primeiro é que quero discutir uma situação pedagógica com a turma.;coordenacao;chat;media;teste
ATE-01432;boa tarde, a devoluçao de um livro ainda não foi registrada como resolvo;biblioteca;chat;alta;treino
ATE-01433;"preciso saber o horário de atendimento da biblioteca; situação observada nesta semana.";biblioteca;portal;baixa;treino
ATE-01434;uma disciplina não consta no meu registro e, em paralelo, o boletoo continua pendente.;secretaria_academica;portal;baixa;treino
ATE-01435;"Então, preciso consultar uma pendência de empréstimo; além disso, quero discutir uma decisão acadêmica.";biblioteca;presencial;alta;treino
ATE-01436;Não consigo acessar uma tela do sistema. Minha solicitação principal é: quero conversar sobre pré-requisitos e sequência de disciplinas. Isso aconteceu antes do início das aulas.;coordenacao;telefone;baixa;treino
ATE-01437;Só queria entender, aparece uma mensagem de erro toda vez que faço login e, em paralelo, o acesso à biblioteca digital falhou. Obrigado.;suporte_tecnico;email;baixa;teste
ATE-01438;"Gente, preciso solicitar um histórico escolar; ao mesmo tempo, o comprovante foi enviado, mas o débito continua aberto.";financeiro;telefone;alta;treino
ATE-01439;"Quero reservar um exemplar; além disso, não consigo acessar uma tela do sistema.";biblioteca;telefone;baixa;treino
ATE-01440;Gostaria de registrar, tenho dúvida sobre um registro. Minha solicitação principal é: preciso consultar uma pendência de empréstimo. Obrigada.;biblioteca;presencial;media;treino
ATE-01441;Venho informar, o aplicativo não carrega e, em paralelo, também apareceu uma cobrança que não reconheço. Como resolvo?;suporte_tecnico;chat;baixa;teste
ATE-01442;Gente, estou com uma dúvida, preciso conversar sobre a organização da minha grade. Fico no aguardo.;coordenacao;presencial;baixa;treino
ATE-01443;O comprovante foi enviado, mas o débito continua aberto. Além disso, uma disciplina não consta no meu registro. Conseguem me orientar?;secretaria_academica;telefone;alta;validacao
ATE-01444;"Olá, o link de recuperação de senha não chega; ao mesmo tempo, quero orientação sobre uma situação com uma disciplina.";coordenacao;telefone;alta;treino
ATE-01445;meu pagamento ainda não foi reconhecido, no semestre atual.;financeiro;telefone;alta;treino
ATE-01446;"Gente, alguém consegue me ajudar, quero conversar sobre pré-requisitos e sequência de disciplinas; além disso, o acesso à biblioteca digital falhou. Preciso de um retorno.";coordenacao;chat;alta;treino
ATE-01447;"a devolução de um livro ainda não foi registrada; ao mesmo tempo, quero confirmar o status da rematrícula.";secretaria_academica;portal;baixa;treino
ATE-01448;Quero negociar uma pendência financeira. Além disso, aparece uma mensagem de erro toda vez que faço login.;suporte_tecnico;presencial;alta;treino
ATE-01449;Preciso de orientação sobre uma decisão acadêmica que não é apenas cadastral. Isso aconteceu nesta semana.;coordenacao;email;alta;treino
ATE-01450;"pessoal, não consigo abrir o ambiente virtual; além disso, o boleto continua pendente obrigado";suporte_tecnico;chat;media;treino
ATE-01451;Então, quero conversar sobre pré-requisitos e sequência de disciplinas.;coordenacao;presencial;baixa;validacao
ATE-01452;Não consigo anexar o arquivo no portal.;suporte_tecnico;chat;media;validacao
ATE-01453;quero conversar sobre pré-requisitos e sequência de disciplinas;coordenacao;portal;alta;treino
ATE-01454;Oi, gostaria de registrar, tenho dúvida sobre um registro, mas o que preciso resolver primeiro é que não consigo visualizar o boleto deste mês. Podem verificar?;financeiro;telefone;media;treino
ATE-01455;Estou com uma dúvida, o comprovante foi enviado, mas o débito continua aberto e também não consigo acessar a base de periódicos. Obrigada!;financeiro;portal;media;treino
ATE-01456;por favor, não consigo acessar uma tela do sistema. minha solicitação principal é: o desconto da mensalidade não apareceu.;financeiro;telefone;alta;treino
ATE-01457;"preciso saber o horário de atendimento da biblioteca; situação observada para conseguir seguir com o processo.";biblioteca;chat;alta;teste
ATE-01458;tenho dúvida sobre um pagamento, mas o que preciso resolver primeiro é que preciso corrigir meus dados acadêmicos;secretaria_academica;portal;media;treino
ATE-01459;Preciso confirmar um estorno. Isso aconteceu antes do prazo informado.;financeiro;chat;alta;treino
ATE-01460;O valor da parcela está diferente, no semestre atual.;financeiro;portal;media;treino
ATE-01461;boa tarde, o aplicativo nao carrega? podem verificar?!;suporte_tecnico;email;baixa;validacao
ATE-01462;Quero saber se um título esta disponível;biblioteca;presencial;baixa;treino
ATE-01463;OI, QUERO ORIENTAÇÃO SOBRE UMA SITUAÇÃO COM UMA DISCIPLINA E, EM PARALELO, O PORTAL TBM ESTÁ DANDO ERRO. OBRIGADA.;coordenacao;telefone;alta;validacao
ATE-01464;venho informar, também preciso de orientação sobre uma disciplina, mas o que preciso resolver primeiro é que preciso saber o horário de atendimento da biblioteca conseguem me orientar;biblioteca;presencial;baixa;treino
ATE-01465;Gostaria de solicitar apoio: gostaria de registrar, fiz o pagamento e ainda aparece pendência. Obrigado.;financeiro;portal;media;treino
ATE-01466;"Registro a seguinte situação: alguém consegue me ajudar, o sistema fecha antes de concluir a operação; além disso, preciso conferir um livro. Preciso de um retorno.";suporte_tecnico;chat;alta;treino
ATE-01467;QUERO CONFIRMAR A MULTA DE UM EMPRÉSTIMO ATRASADO;biblioteca;presencial;baixa;teste
ATE-01468;"Quero entender uma cobrança na mensalidade; além disso, preciso conferir um livro!";financeiro;portal;media;treino
ATE-01469;o portal também está dando erro minha solicitação principal é: não consigo acessar um artigo pelo portal da biblioteca;biblioteca;presencial;baixa;treino
ATE-01470;Então, preciso da segunda via do boleto?;financeiro;presencial;alta;treino
ATE-01471;Um livro devolvido ainda aparece comigo. Isso aconteceu depois de consultar as orientações disponíveis.;biblioteca;email;baixa;treino
ATE-01472;"Meu nome saiu incorreto em um documento acadêmico; além disso, há uma questão pedagógica que preciso avaliar.";secretaria_academica;presencial;media;validacao
ATE-01473;A plataforma fica em tela branca.;suporte_tecnico;chat;media;teste
ATE-01474;Oi, preciso conversar sobre a organização da minha grade?;coordenacao;portal;baixa;treino
ATE-01475;"Preciso renovar um livro; além disso, não consigo acessar uma tela do sistema.";biblioteca;portal;media;treino
ATE-01476;venho informar, o valor da parcela está diferente além disso, preciso saber o horário de atendimento da biblioteca agradeço se puderem olhar isso;biblioteca;chat;alta;teste
ATE-01477;quero discutir uma decisão acadêmica. minha solicitação principal é: preciso solicitar um histórico escolar.;secretaria_academica;portal;baixa;treino
ATE-01478;Só queria entender, preciso confirmar um estorno? Fico no aguardo;financeiro;portal;media;teste
ATE-01479;alguém consegue me ajudar, quero entender uma cobrança na mensalidade podem verificar;financeiro;chat;baixa;treino
ATE-01480;"Gostaria de solicitar apoio: preciso atualizar um documento da matrícula; além disso, preciso conferir um livro Podem verificar?";secretaria_academica;chat;media;treino
ATE-01481;Gente, venho informar, o boleto continua pendente. Minha solicitação principal é: preciso solicitar um histórico escolar. Agradeço se puderem olhar isso.;secretaria_academica;telefone;alta;treino
ATE-01482;"Solicito orientação: não consigo anexar o arquivo no portal; além disso, quero discutir uma decisão acadêmica.";suporte_tecnico;telefone;baixa;validacao
ATE-01483;"O boleto continua pendente. Minha solicitação principal é: não consigo acessar a base de periódicos; situação observada antes do início das aulas.";biblioteca;chat;media;teste
ATE-01484;"O desconto da mensalidade não apareceu; situação observada para conseguir seguir com o processo.";financeiro;presencial;alta;treino
ATE-01485;Depois de tentar pelo portal, o link de recuperação de senha não chega.;suporte_tecnico;portal;alta;treino
ATE-01486;Só queria entender, o portal também está dando erro. Minha solicitação principal é: minha matrícula não aparece corretamente. Obrigada.;secretaria_academica;chat;baixa;treino
ATE-01487;Solicito orientação: não consigo entrar no portal?;suporte_tecnico;presencial;media;treino
ATE-01488;Só queria entender, preciso renovar um livro? Obrigado.;biblioteca;presencial;media;treino
ATE-01489;o desconto da mensalidade não apareceu e, em paralelo, também preciso confirmar um documento acadêmico.;financeiro;email;alta;validacao
ATE-01490;BOM DIA, QUERO ORIENTAÇÃO ACADÊMICA ANTES DE ESCOLHER AS PRÓXIMAS MATÉRIAS PRECISO DE UM RETORNO;coordenacao;portal;baixa;treino
ATE-01491;Então, minha senha não funciona. Fico no aguardo.;suporte_tecnico;email;media;teste
ATE-01492;o boletoo continua pendente, mas o que preciso resolver primeiro é que quero orientação sobre uma situação com uma disciplina;coordenacao;portal;baixa;treino
ATE-01493;Gente, gostaria de registrar, quero informações sobre calendário de matrícula e, em paralelo, há uma questão pedagógica que preciso avaliar. Obrigada.;secretaria_academica;portal;media;validacao
ATE-01494;"Oi, o comprovante foi enviado, mas o débito continua aberto; além disso, há uma questão pedagógica que preciso avaliar.";financeiro;portal;baixa;treino
ATE-01495;Preciso corrigir meus dados acadêmicos. Além disso, um livro devolvido ainda aparece comigo.;biblioteca;email;baixa;treino
ATE-01496;Olá, preciso da segunda via do boleto. Além disso, o link de recuperação de senha não chega. Obrigado.;suporte_tecnico;chat;baixa;treino
ATE-01497;Só queria entender, também tenho uma pendência de empréstimo. Minha solicitação principal é: minha matrícula não aparece corretamente. Obrigada.;secretaria_academica;chat;baixa;treino
ATE-01498;gente, bom dia, fiz o pagamento e ainda aparece pendência. agradeço se puderem olhar isso.;financeiro;chat;baixa;treino
ATE-01499;nao consigo acessar um artigo pelo portal da biblioteca e, em paralelo, também preciso confirmar um documento acadêmico.;biblioteca;chat;baixa;treino
ATE-01500;Olá, preciso consultar uma pendência de empréstimo? Podem verificar?;biblioteca;chat;baixa;treino
ATE-01501;Solicito orientação: a plataforma fica em tela branca?;suporte_tecnico;email;media;treino
ATE-01502;Nesta semana, quero orientação acadêmica antes de escolher as próximas matérias.;coordenacao;email;media;treino
ATE-01503;Gente, meu login falha às vezes, mas o que preciso resolver primeiro é que quero confirmar o status da rematrícula.;secretaria_academica;chat;media;treino
ATE-01504;Olá, uma disciplina não consta no meu registro Podem verificar?;secretaria_academica;portal;baixa;treino
ATE-01505;preciso atualizar um documento da matrícula, desde o começo da semana.;secretaria_academica;email;baixa;treino
ATE-01506;Preciso consultar uma pendência de empréstimo. Além disso, preciso falar com a coordenação sobre meu planejamento acadêmico.;coordenacao;chat;media;treino
ATE-01507;o link de recuperação de senha não chega e, em paralelo, quero discutir uma decisão acadêmica.;suporte_tecnico;email;alta;treino
ATE-01508;a plataforma fica em tela branca?;suporte_tecnico;chat;baixa;treino
ATE-01509;Não consigo acessar uma tela do sistema, mas o que preciso resolver primeiro é que quero entender o procedimento de trancamento!;secretaria_academica;telefone;baixa;treino
ATE-01510;GOSTARIA DE REGISTRAR, O APLICATIVO NÃO CARREGA;suporte_tecnico;portal;baixa;treino
ATE-01511;Gente, oi, preciso atualizar um documento da matrícula e, em paralelo, há uma questão pedagógica que preciso avaliar. Obrigado;secretaria_academica;portal;alta;teste
ATE-01512;Minha matrícula não aparece corretamente!;secretaria_academica;chat;media;validacao
ATE-01513;preciso corrigir meus dados acadêmicos!;secretaria_academica;chat;media;validacao
ATE-01514;o sistema fecha antes de concluir a operação e tbm quero confirmar a multa de um empréstimo atrasado;suporte_tecnico;telefone;baixa;treino
ATE-01515;preciso saber o horário de atendimento da biblioteca, desde ontem.;biblioteca;chat;baixa;treino
ATE-01516;"Olá, aparece uma mensagem de erro toda vez que faço login; além disso, o boleto continua pendente.";suporte_tecnico;chat;media;treino
ATE-01517;"Quero negociar uma pendência financeira; situação observada para conseguir seguir com o processo.";financeiro;presencial;alta;treino
ATE-01518;Preciso avaliar uma situação excepcional no meu percurso acadêmico?;coordenacao;chat;alta;treino
ATE-01519;Olá, preciso solicitar aproveitamento de documentação já entregue e, em paralelo, não consigo acessar uma tela do sistema.;secretaria_academica;email;media;teste
ATE-01520;Gostaria de registrar, tenho dúvida sobre um pagamento. Minha solicitação principal é: meu acesso está bloqueado. Obrigado.;suporte_tecnico;email;alta;treino
ATE-01521;;financeiro;presencial;media;treino
ATE-01522;"quero confirmar a multa de um empréstimo atrasado; situação observada para resolver ainda este mês.";biblioteca;telefone;media;treino
ATE-01523;estou com uma dúvida, o boleto continua pendente. minha solicitação principal é: preciso falar com a coordenação sobre meu planejamento acadêmico. conseguem me orientar?!!!;coordenacao;email;media;treino
ATE-01524;Antes do início das aulas, preciso saber o horário de atendimento da biblioteca.;biblioteca;email;media;treino
ATE-01525;"Meu nome saiu incorreto em um documento acadêmico; ao mesmo tempo, preciso discutir equivalência de conteúdo entre disciplinas.";coordenacao;telefone;baixa;treino
ATE-01526;Preciso avaliar uma situação excepcional no meu percurso acadêmico. Isso aconteceu para organizar minha situação.;coordenacao;email;media;validacao
ATE-01527;Venho informar, preciso de orientação sobre uma decisão acadêmica que não é apenas cadastral? Como resolvo?;coordenacao;portal;baixa;treino
ATE-01528;Gente, não consigo entrar no portal?;suporte_tecnico;presencial;baixa;teste
ATE-01529;quero discutir uma situação pedagógica com a turma.;coordenacao;presencial;media;treino
ATE-01530;Registro a seguinte situação: preciso saber o horário de atendimento da biblioteca, mas tenho ainda outra questão: o valor da parcela está diferente;biblioteca;chat;media;treino
ATE-01531;Há uma questão pedagógica que preciso avaliar. Minha solicitação principal é: preciso solicitar aproveitamento de documentação já entregue.;secretaria_academica;telefone;baixa;validacao
ATE-01532;Registro a seguinte situação: o aplicativo não carrega e, em paralelo, o boleto continua pendente.;suporte_tecnico;presencial;media;treino
ATE-01533;pessoal, preciso saber o horário de atendimento da biblioteca. como resolvo?;biblioteca;presencial;alta;treino
ATE-01534;Olá, preciso conferir um livro. Minha solicitação principal é: preciso solicitar aproveitamento de documentação já entregue.;secretaria_academica;chat;media;validacao
ATE-01535;Gente, preciso corrigir meus dados acadêmicos;secretaria_academica;telefone;alta;validacao
ATE-01536;"Preciso corrigir meus dados acadêmicos; além disso, preciso conferir um livro.";secretaria_academica;telefone;media;validacao
ATE-01537;Então, meu acesso está bloqueado;suporte_tecnico;telefone;baixa;treino
ATE-01538;Não consigo visualizar o boleto deste mês.;financeiro;portal;baixa;treino
ATE-01539;não consigo visualizar o boletoo deste mês.;financeiro;email;media;treino
ATE-01540;Então, não consigo abrir o ambiente virtual!;suporte_tecnico;telefone;media;treino
ATE-01541;"olá, preciso corrigir meus dados acadêmicos; além disso, tenho dúvida sobre um pagamento. obrigado";secretaria_academica;email;alta;teste
ATE-01542;Por favor, também apareceu uma cobrança que não reconheço. Minha solicitação principal é: não consigo abrir o ambiente virtual.;suporte_tecnico;presencial;media;validacao
ATE-01543;alguém consegue me ajudar, preciso de orientação sobre uma decisão acadêmica que não é apenas cadastral e também aparece uma mensagem de erro toda vez que faço login agradeço se puderem olhar isso;coordenacao;chat;baixa;treino
ATE-01544;olá, preciso renovar um livro;biblioteca;portal;baixa;treino
ATE-01545;venho informar, preciso de informações sobre vencimento e juros? preciso de um retorno.;financeiro;presencial;baixa;teste
ATE-01546;Pessoal, quero confirmar o status da rematrícula Obrigada.;secretaria_academica;chat;baixa;treino
ATE-01547;Também apareceu uma cobrança que não reconheço, mas o que preciso resolver primeiro é que preciso renovar um livro.;biblioteca;portal;alta;treino
ATE-01548;Olá, o link de recuperação de senha não chega;suporte_tecnico;chat;media;treino
ATE-01549;Também preciso confirmar um documento acadêmico, mas o que preciso resolver primeiro é que um livro devolvido ainda aparece comigo.;biblioteca;presencial;media;treino
ATE-01550;quero entender o procedimento de trancamento. Isso aconteceu depois de tentar pelo portal.;secretaria_academica;chat;baixa;treino
ATE-01551;Quero discutir uma situação pedagógica com a turma. Isso aconteceu para organizar minha situação.;coordenacao;email;baixa;treino
ATE-01552;Por favor, bom dia, a plataforma fica em tela branca. Obrigada;suporte_tecnico;telefone;baixa;treino
ATE-01553;"Preciso de ajuda, não consigo visualizar o boletoo deste mês; ao mesmo tempo, tenho um problema recorrente em uma turma e preciso de orientação. Isso pode ser verificado, por favor?";coordenacao;chat;baixa;teste
ATE-01554;Solicito orientação: quero saber se um título está disponível.;biblioteca;telefone;baixa;treino
ATE-01555;Também tenho uma pendência de empréstimo, mas o que preciso resolver primeiro é que preciso de informações sobre vencimento e juros.;financeiro;telefone;media;treino
ATE-01556;estou com uma dúvida, meu nome saiu incorreto em um documento acadêmico e, em paralelo, o boleto continua pendente.;secretaria_academica;email;alta;treino
ATE-01557;Preciso de ajuda, quero orientação acadêmica antes de escolher as próximas matérias. Além disso, quero entender uma cobrança na mensalidade. Obrigado.;financeiro;portal;media;treino
ATE-01558;Gostaria de solicitar apoio: venho informar, fiz o pagamento e ainda aparece pendência. Obrigado.;financeiro;presencial;media;treino
ATE-01559;"Não consigo entrar no portal; situação observada antes da próxima aula.";suporte_tecnico;email;media;treino
ATE-01560;Alguém consegue me ajudar, o link de recuperação de senha não chega? Obrigado.;suporte_tecnico;portal;media;treino
ATE-01561;Então, também preciso de orientação sobre uma disciplina. Minha solicitação principal é: a devolução de um livro ainda não foi registrada.;biblioteca;presencial;baixa;validacao
ATE-01562;Antes do início das aulas, quero orientação sobre uma situação com uma disciplina Podem verificar?;coordenacao;telefone;alta;treino
ATE-01563;Então, quero saber se um título está disponível?;biblioteca;portal;baixa;treino
ATE-01564;"Gostaria de solicitar apoio: minha matrícula não aparece corretamente; ao mesmo tempo, o link de recuperação de senha não chega.";suporte_tecnico;presencial;media;treino
ATE-01565;O boleto continua pendente. Minha solicitação principal é: minha matrícula não aparece corretamente.;secretaria_academica;portal;baixa;treino
ATE-01566;tenho dúvida sobre um registro minha solicitação principal é: um livro devolvido ainda aparece comigo;biblioteca;presencial;media;teste
ATE-01567;Alguém consegue me ajudar, quero saber sobre a emissão de declaração? Obrigada.;secretaria_academica;portal;media;treino
ATE-01568;Olá, o sistema fecha antes de concluir a operação, desde a última atualização do sistema.;suporte_tecnico;presencial;media;treino
ATE-01569;Por favor, olá, o link de recuperação de senha não chega e, em paralelo, tenho dúvida sobre um registro. Fico no aguardo.;suporte_tecnico;presencial;alta;validacao
ATE-01570;o comprovante foi enviado, mas o débito continua aberto. fico no aguardo.;financeiro;telefone;media;validacao
ATE-01571;Só queria entender, uma disciplina não consta no meu registro. Conseguem me orientar?;secretaria_academica;telefone;baixa;treino
ATE-01572;Antes de enviar outro pedido, preciso saber o horário de atendimento da biblioteca.;biblioteca;email;media;treino
ATE-01573;o acesso à biblioteca digital falhou. minha solicitação principal é: minha senha não funciona.;suporte_tecnico;portal;alta;treino
ATE-01574;Pessoal, não consigo anexar o arquivo no portal Podem verificar?;suporte_tecnico;email;media;teste
ATE-01575;o sistema fecha antes de concluir a operação e, em paralelo, também preciso de orientação sobre uma disciplina.;suporte_tecnico;presencial;media;treino
ATE-01576;Gostaria de solicitar apoio: gostaria de registrar, preciso renovar um livro. Conseguem me orientar?;biblioteca;email;alta;treino
ATE-01577;Solicito orientação: alguém consegue me ajudar, o valor da parcela está diferente? Como resolvo?;financeiro;chat;baixa;treino
ATE-01578;Oi, o desconto da mensalidade não apareceu.;financeiro;portal;media;treino
ATE-01579;Não consigo acessar a base de periódicos. Além disso, preciso discutir equivalência de conteúdo entre disciplinas.;coordenacao;presencial;baixa;validacao
ATE-01580;Oi, o comprovante foi enviado, mas o débito continua aberto?;financeiro;telefone;media;treino
ATE-01581;Olá, minha matrícula nao aparece corretamente e, em paralelo, nao consigo acessar uma tela do sistema. Isso pode ser verificado, por favor?;secretaria_academica;presencial;media;teste
ATE-01582;Pessoal, uma disciplina não consta no meu registro e, em paralelo, há uma questão pedagógica que preciso avaliar. Obrigado.;secretaria_academica;presencial;baixa;treino
ATE-01583;Quero entender uma cobrança na mensalidade. Obrigada.;financeiro;chat;media;treino
ATE-01584;preciso consultar uma pendência de empréstimo, depois de tentar pelo portal.;biblioteca;chat;baixa;teste
ATE-01585;"Quero orientação acadêmica antes de escolher as próximas matérias; situação observada desde o começo da semana.";coordenacao;presencial;media;treino
ATE-01586;Também apareceu uma cobrança que não reconheço, mas o que preciso resolver primeiro é que preciso atualizar um documento da matrícula.;secretaria_academica;telefone;baixa;teste
ATE-01587;o link de recuperação de senha não chega e, em paralelo, também tenho uma pendência de empréstimo.;suporte_tecnico;portal;media;treino
ATE-01588;Olá, preciso solicitar um histórico escolar;secretaria_academica;email;alta;validacao
ATE-01589;Queria uma orientação, preciso corrigir meus dados acadêmicos e também meu acesso está bloqueado. Preciso de um retorno;secretaria_academica;email;media;treino
ATE-01590;"Quero conversar sobre pré-requisitos e sequência de disciplinas; além disso, também apareceu uma cobrança que não reconheço.";coordenacao;presencial;baixa;treino
ATE-01591;Olá, o comprovante foi enviado, mas o débito continua aberto. Como resolvo?!;financeiro;telefone;media;treino
ATE-01592;GENTE, O VALOR DA PARCELA ESTÁ DIFERENTE.;financeiro;portal;media;treino
ATE-01593;olá, minha matrícula não aparece corretamente. preciso de um retorno.;secretaria_academica;presencial;baixa;teste
ATE-01594;o link de recuperação de senha n chega. 😕;suporte_tecnico;portal;media;treino
ATE-01595;Também apareceu uma cobrança que não reconheço, mas o que preciso resolver primeiro é que preciso de orientação sobre uma decisão acadêmica que não é apenas cadastral.;coordenacao;presencial;baixa;treino
ATE-01596;"Um livro devolvido ainda aparece comigo; situação observada desde o começo da semana.";biblioteca;telefone;media;validacao
ATE-01597;tenho dúvida sobre um registro. minha solicitação principal é: a página apresenta erro quando tento acessar. ...;suporte_tecnico;email;baixa;validacao
ATE-01598;Gostaria de solicitar apoio: o portal também está dando erro. Minha solicitação principal é: quero entender uma cobrança na mensalidade.;financeiro;portal;media;teste
ATE-01599;Boa tarde, quero orientação sobre uma situação com uma disciplina. Preciso de um retorno.;coordenacao;telefone;media;validacao
ATE-01600;Quero informações sobre calendário de matrícula e, em paralelo, o aceso à biblioteca digital falhou.;secretaria_academica;chat;alta;treino
ATE-01601;"Queria uma orientação, uma disciplina não consta no meu registro; além disso, o boleto continua pendente.";secretaria_academica;email;alta;validacao
ATE-01602;Solicito orientação: a página apresenta erro quando tento acessar?;suporte_tecnico;presencial;baixa;treino
ATE-01603;"Preciso falar com a coordenação sobre meu planejamento acadêmico; além disso, também tenho uma pendência de empréstimo.";coordenacao;telefone;media;validacao
ATE-01604;Gostaria de solicitar apoio: preciso de informações sobre vencimento e juros!;financeiro;chat;media;treino
ATE-01605;quero saber sobre a emissão de declaração?!;secretaria_academica;telefone;baixa;treino
ATE-01606;"Não consigo acessar a base de periódicos; ao mesmo tempo, preciso confirmar um estorno.";financeiro;portal;alta;treino
ATE-01607;Gente, preciso solicitar um histórico escolar?;secretaria_academica;presencial;baixa;treino
ATE-01608;Oi, meu pagamento ainda não foi reconhecido.;financeiro;presencial;media;teste
ATE-01609;Boa tarde, preciso solicitar aproveitamento de documentação já entregue. Obrigado.;secretaria_academica;telefone;media;teste
ATE-01610;preciso atualizar um documento da matrícula!;secretaria_academica;telefone;media;validacao
ATE-01611;"Meu nome saiu incorreto em um documento acadêmico; situação observada antes do início das aulas.";secretaria_academica;presencial;baixa;treino
ATE-01612;Há uma questão pedagógica que preciso avaliar, mas o que preciso resolver primeiro é que meu pagamento ainda não foi reconhecido. Como resolvo?;financeiro;email;media;treino
ATE-01613;Não consigo acessar uma tela do sistema, mas o que preciso resolver primeiro é que quero reservar um exemplar.;biblioteca;telefone;media;treino
ATE-01614;Pessoal, minha senha não funciona e também não consigo acessar um artigo pelo portal da biblioteca. Como resolvo?;suporte_tecnico;presencial;baixa;treino
ATE-01615;Tenho dúvida sobre um pagamento. Minha solicitação principal é: preciso solicitar um histórico escolar.;secretaria_academica;presencial;media;treino
ATE-01616;"Por favor, preciso renovar um livro; ao mesmo tempo, preciso da segunda via do boletoo.";financeiro;telefone;media;treino
ATE-01617;"o valor da parcela está diferente; situação observada no semestre atual.";financeiro;chat;media;treino
ATE-01618;tenho dúvida sobre um pagamento, mas o que preciso resolver primeiro é que preciso atualizar um documento da matricula!;secretaria_academica;portal;media;validacao
ATE-01619;OLÁ, A DEVOLUÇÃO DE UM LIVRO AINDA NÃO FOI REGISTRADA. ALÉM DISSO, QUERO CONVERSAR SOBRE PRÉ-REQUISITOS E SEQUÊNCIA DE DISCIPLINAS.;coordenacao;chat;media;treino
ATE-01620;Solicito orientação: preciso de informações sobre vencimento e juros e também quero orientação acadêmica antes de escolher as próximas matérias.;financeiro;portal;baixa;treino
ATE-01621;Oi, também apareceu uma cobrança que não reconheço. Minha solicitação principal é: preciso de orientação sobre uma decisão acadêmica que não é apenas cadastral.;coordenacao;portal;media;treino
ATE-01622;Por favor, preciso de informações sobre vencimento e juros e também preciso saber o horário de atendimento da biblioteca!;financeiro;presencial;baixa;treino
ATE-01623;Meu login falha às vezes. Minha solicitação principal é: preciso renovar um livro.;biblioteca;telefone;baixa;validacao
ATE-01624;preciso saber o horário de atendimento da biblioteca. Isso aconteceu antes de enviar outro pedido.;biblioteca;chat;alta;treino
ATE-01625;quero discutir uma decisão acadêmica. minha solicitação principal é: preciso confirmar um estorno.;financeiro;portal;alta;treino
ATE-01626;Antes de enviar outro pedido, mEU NOME SAIU INCORRETO EM UM DOCUMENTO ACADÊMICO.;secretaria_academica;telefone;alta;treino
ATE-01627;Então, preciso atualizar um documento da matrícula?;secretaria_academica;presencial;media;treino
ATE-01628;Preciso saber o horário de atendimento da biblioteca!;biblioteca;telefone;media;treino
ATE-01629;Um livro devolvido ainda aparece comigo e também uma disciplina não consta no meu registro.;biblioteca;telefone;alta;validacao
ATE-01630;"Então, alguém consegue me ajudar, preciso conversar sobre a organização da minha grade; ao mesmo tempo, minha senha não funciona. Obrigada.";suporte_tecnico;presencial;alta;treino
ATE-01631;Venho informar, o desconto da mensalidade não apareceu e, em paralelo, há uma questão pedagógica que preciso avaliar. Isso pode ser verificado, por favor?;financeiro;portal;media;validacao
ATE-01632;Preciso de ajuda, preciso confirmar um estorno Agradeço se puderem olhar isso.;financeiro;presencial;baixa;validacao
ATE-01633;quero saber sobre a emissão de declaração.;secretaria_academica;chat;media;treino
ATE-01634;a plataforma fica em tela branca.;suporte_tecnico;presencial;media;treino
ATE-01635;Então, a plataforma fica em tela branca?;suporte_tecnico;email;media;treino
ATE-01636;Preciso avaliar uma situação excepcional no meu percurso acadêmico. Isso aconteceu para conseguir seguir com o processo.;coordenacao;presencial;media;treino
ATE-01637;"QUERO CONVERSAR SOBRE PRÉ-REQUISITOS E SEQUÊNCIA DE DISCIPLINAS; situação observada depois de tentar pelo portal.";coordenacao;telefone;media;treino
ATE-01638;pessoal, uma disciplina não consta no meu registro e, em paralelo, não consigo acessar uma tela do sistema isso pode ser verificado, por favor 😤;secretaria_academica;chat;media;treino
ATE-01639;Gostaria de solicitar apoio: bom dia, não consigo acessar a base de periódicos? Isso pode ser verificado, por favor?;biblioteca;telefone;baixa;teste
ATE-01640;Oi, preciso corrigir meus dados acadêmicos e, em paralelo, não consigo acessar uma tela do sistema.;secretaria_academica;email;media;treino
ATE-01641;preciso atualizar um documento da matrícula?;secretaria_academica;portal;baixa;validacao
ATE-01642;Gente, preciso de ajuda, uma disciplina não consta no meu registro e também quero negociar uma pendência financeira;secretaria_academica;email;media;validacao
ATE-01643;Então, quero orientação acadêmica antes de escolher as próximas matérias.;coordenacao;chat;baixa;teste
ATE-01644;Solicito orientação: também apareceu uma cobrança que não reconheço, mas o que preciso resolver primeiro é que a página apresenta erro quando tento acessar.;suporte_tecnico;presencial;baixa;treino
ATE-01645;Quero entender o procedimento de trancamento. Isso aconteceu para conseguir seguir com o processo.;secretaria_academica;telefone;baixa;treino
ATE-01646;Quero discutir uma decisão acadêmica. Minha solicitação principal é: não consigo acessar um artigo pelo portal da biblioteca.;biblioteca;telefone;alta;treino
ATE-01647;Por favor, tenho dúvida sobre um pagamento, mas o que preciso resolver primeiro é que não consigo acessar a base de periódicos.;biblioteca;telefone;baixa;teste
ATE-01648;Por favor, nao consigo visualizar o boleto deste mês?;financeiro;email;baixa;treino
ATE-01649;Alguém consegue me ajudar, tenho dúvida sobre um pagamento. Minha solicitação principal é: quero saber sobre a emissão de declaração. Podem verificar?;secretaria_academica;portal;media;treino
ATE-01650;tbm tenho uma pendência de empréstimo, mas o que preciso resolver primeiro é que nao consigo abrir o ambiente virtual.;suporte_tecnico;email;media;treino
ATE-01651;o boleto continua pendente. minha solicitação principal é: quero discutir uma situação pedagógica com a turma.;coordenacao;chat;media;validacao
ATE-01652;Não consigo visualizar o boleto deste mês, para resolver ainda este mês.;financeiro;portal;alta;treino
ATE-01653;"O link de recuperação de senha não chega; além disso, quero discutir uma decisão acadêmica.";suporte_tecnico;chat;baixa;validacao
ATE-01654;quero entender o procedimento de trancamento, desde a última atualização do sistema.;secretaria_academica;email;baixa;treino
ATE-01655;Estou com uma dúvida, o sistema fecha antes de concluir a operação. Agradeço se puderem olhar isso.;suporte_tecnico;email;alta;treino
ATE-01656;Preciso de orientação sobre uma decisão acadêmica que não é apenas cadastral;coordenacao;telefone;media;treino
ATE-01657;Solicito orientação: só queria entender, também tenho uma pendência de empréstimo, mas o que preciso resolver primeiro é que quero saber sobre a emissão de declaração. Conseguem me orientar?;secretaria_academica;presencial;media;treino
ATE-01658;"GOSTARIA DE REGISTRAR, PRECISO CORRIGIR MEUS DADOS ACADÊMICOS; ALÉM DISSO, QUERO DISCUTIR UMA DECISÃO ACADÊMICA. OBRIGADO. 😕";secretaria_academica;portal;media;validacao
ATE-01659;Na solicitação que abri recentemente, quero discutir uma situação pedagógica com a turma.;coordenacao;telefone;baixa;validacao
ATE-01660;Bom dia, quero informações sobre calendário de matricula, mas tenho ainda outra questão: quero confirmar a multa de um empréstimo atrasado. Podem verificar?;secretaria_academica;chat;alta;treino
ATE-01661;"preciso da segunda via do boleto; além disso, o portal tbm está dando erro.";financeiro;chat;media;teste
ATE-01662;Quero orientação acadêmica antes de escolher as próximas matérias, mas tenho ainda outra questão: a devolução de um livro ainda não foi registrada.;coordenacao;chat;alta;validacao
ATE-01663;Preciso confirmar um estorno. Isso aconteceu depois de consultar as orientações disponíveis.;financeiro;email;alta;treino
ATE-01664;Então, preciso atualizar um documento da matrícula;secretaria_academica;telefone;baixa;treino
ATE-01665;Gostaria de solicitar apoio: minha senha nao funçiona.;suporte_tecnico;chat;alta;validacao
ATE-01666;PRECISO DA SEGUNDA VIA DO BOLETO;financeiro;portal;alta;treino
ATE-01667;Na solicitação que abri recentemente, preciso corrigir meus dados acadêmicos.;secretaria_academica;presencial;media;treino
ATE-01668;Registro a seguinte situação: uma disciplina não consta no meu registro?;secretaria_academica;email;alta;treino
ATE-01669;Preciso de ajuda, também apareceu uma cobrança que não reconheço. Minha solicitação principal é: preciso falar com a coordenação sobre meu planejamento acadêmico. Preciso de um retorno.;coordenacao;portal;media;validacao
ATE-01670;"A página apresenta erro quando tento acessar; ao mesmo tempo, preciso corrigir meus dados acadêmicos!";secretaria_academica;presencial;media;treino
ATE-01671;"O valor da parcela está diferente; situação observada depois de consultar as orientações disponíveis.";financeiro;chat;alta;treino
ATE-01672;Quero saber sobre a emissão de declaração e, em paralelo, o portal também está dando erro.;secretaria_academica;presencial;baixa;treino
ATE-01673;Gente, o valor da parcela está diferente!;financeiro;portal;media;validacao
ATE-01674;Então, gostaria de registrar, o valor da parcela está diferente Obrigado.;financeiro;chat;media;treino
ATE-01675;aparece uma mensagem de erro toda vez que faço login, mas tenho ainda outra questão: preciso solicitar um histórico escolar.;suporte_tecnico;chat;baixa;treino
ATE-01676;venho informar, o boleto continua pendente, mas o que preciso resolver primeiro é que a página apresenta erro quando tento acessar. fico no aguardo.;suporte_tecnico;chat;alta;treino
ATE-01677;O comprovante foi enviado, mas o débito continua aberto. Além disso, quero saber se um título está disponível!;biblioteca;chat;alta;validacao
ATE-01678;preciso confirmar um estorno e também meu acesso está bloqueado.;financeiro;portal;alta;treino
ATE-01679;Só queria entender, preciso discutir equivalência de conteúdo entre disciplinas? Podem verificar?;coordenacao;presencial;media;treino
ATE-01680;Gente, por favor, o valor da parcela está diferente? Isso pode ser verificado, por favor?;financeiro;portal;alta;treino
ATE-01681;preciso avaliar uma situação excepcional no meu percurso acadêmico e, em paralelo, também tenho uma pendência de empréstimo.;coordenacao;portal;baixa;treino
ATE-01682;Um livro devolvido ainda aparece comigo. Além disso, quero saber sobre a emissão de declaração.;secretaria_academica;email;baixa;treino
ATE-01683;estou com uma dúvida, não consigo entrar no portal. obrigada.;suporte_tecnico;chat;media;treino
ATE-01684;Só queria entender, a página apresenta erro quando tento acessar Fico no aguardo.;suporte_tecnico;email;baixa;validacao
ATE-01685;Oi, a página apresenta erro quando tento acessar, mas tenho ainda outra questão: preciso conversar sobre a organização da minha grade.;suporte_tecnico;email;alta;treino
ATE-01686;Gostaria de solicitar apoio: preciso solicitar aproveitamento de documentação já entregue.;secretaria_academica;portal;baixa;treino
ATE-01687;queria uma orientação, não consigo acessar uma tela do sistema. minha solicitação principal é: minha matrícula não aparece corretamente. obrigada. 😕;secretaria_academica;presencial;baixa;treino
ATE-01688;OI, PRECISO DE AJUDA, O BOLETO CONTINUA PENDENTE. MINHA SOLICITAÇÃO PRINCIPAL É: PRECISO ATUALIZAR UM DOCUMENTO DA MATRÍCULA. PRECISO DE UM RETORNO.;secretaria_academica;portal;baixa;teste
ATE-01689;"Solicito orientação: olá, preciso renovar um livro; ao mesmo tempo, minha senha não funciona. Fico no aguardo.";suporte_tecnico;telefone;media;treino
ATE-01690;Bom dia, quero informações sobre calendário de matrícula? Conseguem me orientar?;secretaria_academica;telefone;media;treino
ATE-01691;Então, gostaria de registrar, preciso solicitar um histórico escolar? Agradeço se puderem olhar isso.;secretaria_academica;telefone;alta;treino
ATE-01692;"A página apresenta erro quando tento acessar; além disso, também tenho uma pendência de empréstimo.";suporte_tecnico;presencial;alta;treino
ATE-01693;A página apresenta erro quando tento acessar, depois de consultar as orientações disponíveis.;suporte_tecnico;chat;media;treino
ATE-01694;tenho dúvida sobre um registro, mas o q preciso resolver primeiro é q a página apresenta erro quando tento acessar.;suporte_tecnico;portal;baixa;treino
ATE-01695;Preciso confirmar um estorno e também preciso conversar sobre a organização da minha grade.;financeiro;chat;media;treino
ATE-01696;"Oi, quero informações sobre calendário de matrícula; além disso, o portal também está dando erro.";secretaria_academica;presencial;baixa;treino
ATE-01697;não consigo visualizar o boleto deste mês?;financeiro;presencial;media;treino
ATE-01698;Oi, pessoal, quero saber se um título está disponível? Conseguem me orientar?;biblioteca;chat;baixa;treino
ATE-01699;Solicito orientação: quero confirmar o status da rematrícula.;secretaria_academica;telefone;alta;teste
ATE-01700;preciso de ajuda, quero confirmar o status da rematricula? fico no aguardo.;secretaria_academica;telefone;media;treino
ATE-01701;Meu pagamento ainda não foi reconhecido, mas tenho ainda outra questão: preciso conversar sobre a organização da minha grade.;financeiro;chat;alta;validacao
ATE-01702;"Por favor, o aplicativo não carrega; ao mesmo tempo, fiz o pagamento e ainda aparece pendência. Obrigada.";financeiro;email;media;treino
ATE-01703;Quero entender o procedimento de trancamento;secretaria_academica;presencial;alta;teste
ATE-01704;Oi, meu nome saiu incorreto em um documento acadêmico? Obrigado.;secretaria_academica;presencial;media;validacao
ATE-01705;Por favor, preciso consultar uma pendência de empréstimo.;biblioteca;presencial;alta;treino
ATE-01706;Registro a seguinte situação: preciso atualizar um documento da matrícula e, em paralelo, tenho dúvida sobre um pagamento!;secretaria_academica;telefone;baixa;treino
ATE-01707;Quero entender o procedimento de trancamento.;secretaria_academica;email;alta;teste
ATE-01708;por favor, preciso renovar um livro podem verificar;biblioteca;presencial;baixa;treino
ATE-01709;Solicito orientação: preciso conferir um livro, mas o que preciso resolver primeiro é que preciso falar com a coordenação sobre meu planejamento acadêmico.;coordenacao;chat;alta;treino
ATE-01710;Registro a seguinte situação: a devolução de um livro ainda não foi registrada;biblioteca;chat;baixa;validacao
ATE-01711;Por favor, tenho dúvida sobre um pagamento. Minha solicitação principal é: minha matrícula não aparece corretamente.;secretaria_academica;portal;media;treino
ATE-01712;"Olá, quero reservar um exemplar; ao mesmo tempo, quero discutir uma situação pedagógica com a turma.";coordenacao;presencial;baixa;treino
ATE-01713;Antes da próxima aula, preciso corrigir meus dados acadêmicos.;secretaria_academica;chat;media;validacao
ATE-01714;"Olá, a página apresenta erro quando tento acessar; além disso, minha matrícula mostra uma informação estranha.";suporte_tecnico;portal;media;teste
ATE-01715;Antes do prazo informado, quero discutir uma situação pedagógica com a turma.;coordenacao;presencial;baixa;treino
ATE-01716;O aplicativo não carrega, nesta semana.;suporte_tecnico;email;alta;treino
ATE-01717;Olá, o link de recuperação de senha não chega?;suporte_tecnico;telefone;alta;treino
ATE-01718;Oi, há uma questão pedagógica que preciso avaliar, mas o que preciso resolver primeiro é que não consigo entrar no portal. Obrigado.;suporte_tecnico;presencial;media;treino
ATE-01719;Preciso de ajuda, tenho dúvida sobre um pagamento, mas o que preciso resolver primeiro é que não consigo acessar um artigo pelo portal da biblioteca. Como resolvo?;biblioteca;portal;media;treino
ATE-01720;Registro a seguinte situação: quero conversar sobre pré-requisitos e sequência de disciplinas?;coordenacao;email;media;treino
ATE-01721;também apareceu uma cobrança que não reconheço, mas o que preciso resolver primeiro é que preciso atualizar um documento da matrícula.;secretaria_academica;portal;media;treino
ATE-01722;Preciso atualizar um documento da matrícula, antes do início das aulas.;secretaria_academica;email;alta;teste
ATE-01723;"Não consigo acessar a base de periódicos; situação observada antes de enviar outro pedido.";biblioteca;presencial;media;treino
ATE-01724;Oi, preciso falar com a coordenação sobre meu planejamento acadêmico e, em paralelo, meu login falha às vezes. Isso pode ser verificado, por favor?;coordenacao;presencial;alta;treino
ATE-01725;Olá, tenho um problema recorrente em uma turma e preciso de orientação. Além disso, preciso solicitar aproveitamento de documentação já entregue.;secretaria_academica;portal;media;treino
ATE-01726;preciso conferir um livro. minha solicitação principal é: preciso da segunda via do boleto.;financeiro;email;baixa;treino
ATE-01727;gostaria de registrar, preciso confirmar um estorno podem verificar?;financeiro;chat;media;validacao
ATE-01728;O comprovante foi enviado, mas o débito continua aberto, desde o começo da semana.;financeiro;portal;alta;treino
ATE-01729;Também preciso confirmar um documento acadêmico. Minha solicitação principal é: quero conversar sobre pré-requisitos e sequência de disciplinas.;coordenacao;chat;media;treino
ATE-01730;"fiz o pagamento e ainda aparece pendência; situação observada desde a última atualização do sistema.";financeiro;portal;alta;validacao
ATE-01731;Quero reservar um exemplar;biblioteca;presencial;baixa;treino
ATE-01732;Solicito orientação: boa tarde, também tenho uma pendência de empréstimo. Minha solicitação principal é: o aplicativo não carrega. Preciso de um retorno.;suporte_tecnico;presencial;media;treino
ATE-01733;queria uma orientação, quero informações sobre calendário de matrícula e, em paralelo, quero discutir uma decisão acadêmica. podem verificar?;secretaria_academica;telefone;media;validacao
ATE-01734;Estou com uma dúvida, o desconto da mensalidade não apareceu? Obrigado.;financeiro;chat;alta;treino
ATE-01735;meu pagamento ainda não foi reconhecido e, em paralelo, também preciso confirmar um documento acadêmico. obrigada.;financeiro;portal;baixa;validacao
ATE-01736;registro a seguinte situação: também apareceu uma cobrança que não reconheço, mas o que preciso resolver primeiro é que não consigo abrir o ambiente virtual.;suporte_tecnico;presencial;baixa;treino
ATE-01737;Por favor, preciso corrigir meus dados acadêmicos e também não consigo acessar um artigo pelo portal da biblioteca. Preciso de um retorno.;secretaria_academica;portal;baixa;treino
ATE-01738;Desde o começo da semana, fiz o pagamento e ainda aparece pendência.;financeiro;chat;baixa;treino
ATE-01739;Preciso da segunda via do boletoo;financeiro;presencial;baixa;validacao
ATE-01740;"Olá, queria uma orientação, quero conversar sobre pré-requisitos e sequência de disciplinas; além disso, meu login falha às vezes. Obrigada.";coordenacao;presencial;baixa;treino
ATE-01741;Venho informar, quero discutir uma situação pedagógica com a turma. Obrigada!;coordenacao;email;media;treino
ATE-01742;Antes de enviar outro pedido, preciso corrigir meus dados acadêmicos.;secretaria_academica;portal;media;treino
ATE-01743;a devolução de um livro ainda não foi registrada;biblioteca;chat;alta;treino
ATE-01744;meu pagamento ainda não foi reconhecido, antes do início das aulas.;financeiro;presencial;alta;treino
ATE-01745;não consigo visualizar o boleto deste mês e, em paralelo, há uma questão pedagógica que preciso avaliar.;financeiro;telefone;alta;treino
ATE-01746;preciso discutir equivalência de conteúdo entre disciplinas. além disso, quero entender uma cobrança na mensalidade. 🙂;financeiro;email;media;treino
ATE-01747;"Registro a seguinte situação: não consigo acessar um artigo pelo portal da biblioteca; ao mesmo tempo, não consigo anexar o arquivo no portal.";suporte_tecnico;portal;alta;validacao
ATE-01748;"Registro a seguinte situação: estou com uma dúvida, preciso discutir equivalência de conteúdo entre disciplinas. Além disso, quero confirmar o status da rematrícula. Fico no aguardo; preciso de retorno.";secretaria_academica;chat;alta;treino
ATE-01749;Preciso conversar sobre a organização da minha grade, na solicitação que abri recentemente.;coordenacao;presencial;baixa;treino
ATE-01750;Gente, quero orientação acadêmica antes de escolher as próximas matérias.;coordenacao;telefone;alta;treino
ATE-01751;Então, alguém consegue me ajudar, também preciso confirmar um documento acadêmico. Minha solicitação principal é: aparece uma mensagem de erro toda vez que faço login. Isso pode ser verificado, por favor?;suporte_tecnico;chat;alta;teste
ATE-01752;"minha matrícula não aparece corretamente; ao mesmo tempo, preciso confirmar um estorno.";financeiro;portal;alta;treino
ATE-01753;então, estou com uma dúvida, preciso de informações sobre vencimento e juros e, em paralelo, não consigo acessar uma tela do sistema. como resolvo?;financeiro;chat;baixa;treino
ATE-01754;"Então, meu acesso está bloqueado. Além disso, fiz o pagamento e ainda aparece pendência; preciso de retorno.";financeiro;chat;media;treino
ATE-01755;quero confirmar a multa de um empréstimo atrasado e, em paralelo, há uma questão pedagógica q preciso avaliar;biblioteca;telefone;baixa;treino
ATE-01756;Então, venho informar, não consigo acessar uma tela do sistema, mas o que preciso resolver primeiro é que quero conversar sobre pré-requisitos e sequência de disciplinas.;coordenacao;chat;media;treino
ATE-01757;o aplicativo não carrega, antes do prazo informado.;suporte_tecnico;chat;baixa;treino
ATE-01758;Na solicitação que abri recentemente, preciso da segunda via do boleto.;financeiro;chat;media;treino
ATE-01759;O portal também está dando erro. Minha solicitação principal é: o comprovante foi enviado, mas o débito continua aberto.;financeiro;presencial;media;treino
ATE-01760;Solicito orientação: olá, minha matrícula não aparece corretamente e, em paralelo, há uma questão pedagógica que preciso avaliar. Como resolvo?;secretaria_academica;email;media;teste
ATE-01761;Antes do início das aulas, oi, a devolução de um livro ainda não foi registrada.;biblioteca;telefone;alta;validacao
ATE-01762;"O aplicativo não carrega e, em paralelo, também preciso de orientação sobre uma disciplina; preciso de retorno.";suporte_tecnico;portal;baixa;treino
ATE-01763;preciso atualizar um documento da matrícula, antes de enviar outro pedido.;secretaria_academica;email;baixa;treino
ATE-01764;"Preciso renovar um livro; situação observada antes de enviar outro pedido.";biblioteca;telefone;media;treino
ATE-01765;Quero negociar uma pendência financeira, desde a última atualização do sistema.;financeiro;email;alta;treino
ATE-01766;"Gostaria de solicitar apoio: preciso solicitar aproveitamento de documentação já entregue; além disso, nao consigo acessar uma tela do sistema.";secretaria_academica;chat;alta;treino
ATE-01767;por favor, quero saber sobre a emissão de declaração? isso pode ser verificado, por favor?;secretaria_academica;telefone;baixa;validacao
ATE-01768;Por favor, quero saber sobre a emissão de declaração.;secretaria_academica;presencial;alta;treino
ATE-01769;"Alguém consegue me ajudar, aparece uma mensagem de erro toda vez que faço login; além disso, quero discutir uma decisão acadêmica. Agradeço se puderem olhar isso.";suporte_tecnico;email;media;treino
ATE-01770;Oi, só queria entender, preciso consultar uma pendência de empréstimo. Como resolvo?;biblioteca;portal;media;validacao
ATE-01771;Gostaria de registrar, o aplicativo não carrega? Como resolvo?;suporte_tecnico;presencial;media;treino
ATE-01772;tenho dúvida sobre um registro minha solicitação principal é: minha senha n funciona 😕;suporte_tecnico;email;alta;treino
ATE-01773;Solicito orientação: pessoal, fiz o pagamento e ainda aparece pendência? Fico no aguardo.;financeiro;chat;media;treino
ATE-01774;Preciso corrigir meus dados acadêmicos e, em paralelo, também apareceu uma cobrança que não reconheço.;secretaria_academica;chat;baixa;treino
ATE-01775;Oi, o comprovante foi enviado, mas o débito continua aberto e, em paralelo, o acesso à biblioteca digital falhou.;financeiro;email;baixa;treino
ATE-01776;queria uma orientação, quero entender o procedimento de trancamento. isso pode ser verificado, por favor?;secretaria_academica;portal;baixa;teste
ATE-01777;Preciso confirmar um estorno?;financeiro;chat;baixa;treino
ATE-01778;Preciso consultar uma pendência de empréstimo e, em paralelo, meu login falha às vezes.;biblioteca;email;media;treino
ATE-01779;Estou com uma dúvida, tenho um problema recorrente em uma turma e preciso de orientação e também o valor da parcela está diferente. Agradeço se puderem olhar isso.;coordenacao;email;alta;treino
ATE-01780;Também apareceu uma cobrança que não reconheço. Minha solicitação principal é: minha matrícula não aparece corretamente.;secretaria_academica;telefone;media;treino
ATE-01781;Boa tarde, o boleto continua pendente. Minha solicitação principal é: meu nome saiu incorreto em um documento acadêmico.;secretaria_academica;portal;baixa;treino
ATE-01782;Por favor, uma disciplina não consta no meu registro.;secretaria_academica;email;alta;treino
ATE-01783;meu nome saiu incorreto em um documento acadêmico, antes de enviar outro pedido.;secretaria_academica;telefone;media;teste
ATE-01784;Queria uma orientação, preciso corrigir meus dados acadêmicos e também meu acesso está bloqueado. Preciso de um retorno;secretaria_academica;presencial;media;treino
ATE-01785;estou com uma dúvida, quero entender uma cobrança na mensalidade obrigada;financeiro;email;baixa;treino
ATE-01786;Desde ontem, a plataforma fica em tela branca.;suporte_tecnico;presencial;media;treino
ATE-01787;gente, preciso renovar um livro, mas tenho ainda outra questão: o valor da parcela está diferente.;biblioteca;telefone;media;treino
ATE-01788;Olá, o valor da parcela está diferente?;financeiro;email;baixa;treino
ATE-01789;POR FAVOR, QUERO NEGOCIAR UMA PENDÊNCIA FINANCEIRA.;financeiro;portal;media;teste
ATE-01790;"n consigo acessar um artigo pelo portal da biblioteca; ao mesmo tempo, quero informações sobre calendário de matrícula. 😕";secretaria_academica;portal;baixa;validacao
ATE-01791;meu acesso esta bloqueado;suporte_tecnico;presencial;baixa;treino
ATE-01792;Antes da próxima aula, preciso de orientação sobre uma decisão acadêmica que não é apenas cadastral.;coordenacao;telefone;alta;treino
ATE-01793;Gente, por favor, tenho um problema recorrente em uma turma e preciso de orientação. Além disso, preciso renovar um livro. Como resolvo?;biblioteca;portal;baixa;teste
ATE-01794;Então, preciso discutir equivalência de conteúdo entre disciplinas.;coordenacao;presencial;alta;treino
ATE-01795;Oi, preciso saber o horário de atendimento da biblioteca.;biblioteca;chat;media;validacao
ATE-01796;Também preciso confirmar um documento acadêmico. Minha solicitação principal é: o aplicativo não carrega!;suporte_tecnico;email;media;treino
ATE-01797;Por favor, também apareceu uma cobrança que não reconheço, mas o que preciso resolver primeiro é que aparece uma mensagem de erro toda vez que faço login.;suporte_tecnico;presencial;media;treino
ATE-01798;Olá, quero entender o procedimento de trancamento? Podem verificar?;secretaria_academica;presencial;media;validacao
ATE-01799;Por favor, alguém consegue me ajudar, a devolução de um livro ainda não foi registrada. Obrigado.;biblioteca;chat;baixa;treino
ATE-01800;olá, tenho dúvida sobre um pagamento. minha solicitação principal é: preciso solicitar um histórico escolar. podem verificar?!;secretaria_academica;chat;media;validacao
ATE-01801;Por favor, queria uma orientação, quero negociar uma pendência financeira e tbm quero discutir uma situação pedagógica com a turma.;financeiro;portal;baixa;teste
ATE-01802;;secretaria_academica;portal;baixa;treino
ATE-01803;Por favor, preciso conversar sobre a organização da minha grade. Isso aconteceu depois de consultar as orientações disponíveis.;coordenacao;portal;media;treino
ATE-01804;"Gostaria de solicitar apoio: quero saber sobre a emissão de declaração; além disso, tenho dúvida sobre um pagamento.";secretaria_academica;telefone;media;treino
ATE-01805;"quero saber se um título está disponível; ao mesmo tempo, quero negociar uma pendência financeira.";financeiro;presencial;media;treino
ATE-01806;"Quero negociar uma pendência financeira; além disso, o portal também está dando erro.";financeiro;portal;alta;treino
ATE-01807;"venho informar, n consigo acessar a base de periódicos; além disso, também apareceu uma cobrança que n reconheço. conseguem me orientar?";biblioteca;telefone;media;treino
ATE-01808;Gostaria de solicitar apoio: o desconto da mensalidade não apareceu!;financeiro;email;baixa;teste
ATE-01809;Registro a seguinte situação: quero saber sobre a emissão de declaração Fico no aguardo.;secretaria_academica;email;media;treino
ATE-01810;"Gente, quero negociar uma pendência financeira; situação observada para organizar minha situação.";financeiro;presencial;baixa;treino
ATE-01811;"Gente, não consigo visualizar o boleto deste mês; além disso, meu login falha às vezes.";financeiro;telefone;baixa;teste
ATE-01812;Gostaria de solicitar apoio: não consigo entrar no portal?;suporte_tecnico;presencial;baixa;treino
ATE-01813;Olá, não consigo acessar uma tela do sistema, mas o que preciso resolver primeiro é que preciso solicitar aproveitamento de documentação já entregue.;secretaria_academica;telefone;media;treino
ATE-01814;Olá, queria uma orientação, não consigo entrar no portal, mas tenho ainda outra questão: preciso da segunda via do boleto. Fico no aguardo.;suporte_tecnico;presencial;alta;treino
ATE-01815;"Minha matrícula não aparece corretamente; situação observada antes da próxima aula.";secretaria_academica;email;media;validacao
ATE-01816;Gostaria de solicitar apoio: o aplicativo não carrega.;suporte_tecnico;telefone;media;treino
ATE-01817;estou com uma dúvida, meu pagamento ainda não foi reconhecido agradeço se puderem olhar isso.;financeiro;email;alta;treino
ATE-01818;Por favor, preciso conferir um livro. Minha solicitação principal é: preciso solicitar aproveitamento de documentação ja entregue.;secretaria_academica;chat;media;treino
ATE-01819;preciso de ajuda, fiz o pagamento e ainda aparece pendência e, em paralelo, também preciso de orientação sobre uma disciplina. obrigada.;financeiro;telefone;media;treino
ATE-01820;Desde o começo da semana, preciso da segunda via do boleto.;financeiro;portal;alta;treino
ATE-01821;Olá, não consigo acessar a base de periódicos. Preciso de um retorno.;biblioteca;portal;media;treino
ATE-01822;;coordenacao;chat;media;treino
ATE-01823;"Gente, pessoal, preciso de informações sobre vencimento e juros; além disso, também preciso confirmar um documento acadêmico. Podem verificar?";financeiro;email;alta;treino
ATE-01824;;suporte_tecnico;portal;media;treino
ATE-01825;"Gente, preciso atualizar um documento da matrícula; além disso, também tenho uma pendência de empréstimo.";secretaria_academica;presencial;media;treino
ATE-01826;boa tarde, preciso falar com a coordenação sobre meu planejamento acadêmico.;coordenacao;telefone;media;treino
ATE-01827;alguém consegue me ajudar, aparece uma mensagem de erro toda vez q faço login e, em paralelo, tambem preciso confirmar um documento acadêmico. isso pode ser verificado, por favor? 😤;suporte_tecnico;chat;media;treino
ATE-01828;Olá, quero confirmar a multa de um empréstimo atrasado e, em paralelo, há uma questão pedagógica que preciso avaliar.;biblioteca;telefone;alta;treino
ATE-01829;"Preciso de informações sobre vencimento e juros; ao mesmo tempo, não consigo acessar a base de periódicos.";biblioteca;portal;media;teste
ATE-01830;"Olá, gostaria de registrar, não consigo acessar um artigo pelo portal da biblioteca; além disso, também preciso de orientação sobre uma disciplina";biblioteca;portal;media;treino
ATE-01831;Olá, só queria entender, aparece uma mensagem de erro toda vez que faço login? Agradeço se puderem olhar isso.;suporte_tecnico;presencial;media;treino
ATE-01832;Oi, preciso corrigir meus dados acadêmicos?;secretaria_academica;email;media;teste
ATE-01833;Para resolver ainda este mês, meu nome saiu incorreto em um documento acadêmico.;secretaria_academica;email;baixa;treino
ATE-01834;Não consigo abrir o ambiente virtual. Isso aconteceu depois de tentar pelo portal.;suporte_tecnico;portal;baixa;treino
ATE-01835;"Então, queria uma orientação, não consigo acessar um artigo pelo portal da biblioteca; ao mesmo tempo, preciso solicitar um histórico escolar. Fico no aguardo.";secretaria_academica;presencial;baixa;treino
ATE-01836;bom dia, preciso confirmar um estorno e tbm quero orientação sobre uma situação com uma disciplina.;financeiro;chat;baixa;treino
ATE-01837;queria uma orientação, meu pagamento ainda n foi reconhecido;financeiro;email;baixa;validacao
ATE-01838;"Então, preciso avaliar uma situação excepcional no meu percurso acadêmico; ao mesmo tempo, o comprovante foi enviado, mas o débito continua aberto.";financeiro;portal;alta;validacao
ATE-01839;"o sistema fecha antes de concluir a operação; além disso, também preciso confirmar um documento acadêmico. 😤";suporte_tecnico;telefone;baixa;treino
ATE-01840;Também preciso confirmar um documento acadêmico, mas o que preciso resolver primeiro é que preciso de orientação sobre uma decisão acadêmica que não é apenas cadastral.;coordenacao;portal;baixa;treino
ATE-01841;Oi, meu login falha às vezes. Minha solicitação principal é: quero confirmar a multa de um empréstimo atrasado.;biblioteca;chat;media;teste
ATE-01842;Estou com uma dúvida, preciso corrigir meus dados acadêmicos.;secretaria_academica;chat;baixa;validacao
ATE-01843;Então, boa tarde, minha senha não funciona Conseguem me orientar?;suporte_tecnico;portal;baixa;treino
ATE-01844;A página apresenta erro quando tento acessar, mas tenho ainda outra questão: quero reservar um exemplar.;suporte_tecnico;portal;baixa;teste
ATE-01845;"preciso solicitar um histórico escolar; ao mesmo tempo, preciso avaliar uma situação excepcional no meu percurso acadêmico.";coordenacao;portal;baixa;treino
ATE-01846;"Gente, boa tarde, preciso atualizar um documento da matrícula; ao mesmo tempo, não consigo visualizar o boleto deste mês. Fico no aguardo";financeiro;portal;baixa;treino
ATE-01847;"Alguém consegue me ajudar, quero negociar uma pendência financeira; além disso, tenho dúvida sobre um registro. Obrigado.";financeiro;presencial;baixa;teste
ATE-01848;"Oi, preciso de orientação sobre uma decisão acadêmica que não é apenas cadastral; ao mesmo tempo, o sistema fecha antes de concluir a operação.";suporte_tecnico;presencial;media;treino
ATE-01849;"Gente, minha matrícula nao aparece corretamente; além disso, o boleto continua pendente.";secretaria_academica;chat;media;treino
ATE-01850;por favor, fiz o pagamento e ainda aparece pendência e também quero discutir uma situação pedagógica com a turma.;financeiro;chat;media;validacao
ATE-01851;preciso de informações sobre vencimento e juros 😕;financeiro;telefone;media;treino
ATE-01852;"Registro a seguinte situação: preciso conversar sobre a organização da minha grade; ao mesmo tempo, a plataforma fica em tela branca.";suporte_tecnico;portal;baixa;validacao
ATE-01853;Preciso consultar uma pendência de empréstimo e também meu pagamento ainda não foi reconhecido.;biblioteca;chat;alta;treino
ATE-01854;a página apresenta erro quando tento acessar, depois de consultar as orientações disponíveis.;suporte_tecnico;email;baixa;treino
ATE-01855;Meu login falha às vezes. Minha solicitação principal é: preciso discutir equivalência de conteúdo entre disciplinas.;coordenacao;presencial;media;treino
ATE-01856;"Estou com uma dúvida, não consigo entrar no portal; além disso, tenho dúvida sobre um registro. Como resolvo?";suporte_tecnico;email;baixa;treino
ATE-01857;"Uma disciplina não consta no meu registro; situação observada antes do prazo informado.";secretaria_academica;email;alta;treino
ATE-01858;"Gente, o valor da parcela está diferente; além disso, meu login falha às vezes.";financeiro;email;media;treino
ATE-01859;nao consigo anexar o arquivo no portal, mas tenho ainda outra questão: preciso saber o horário de atendimnto da biblioteca.;suporte_tecnico;portal;alta;validacao
ATE-01860;Quero entender o procedimento de trancamento e, em paralelo, também preciso de orientação sobre uma disciplina.;secretaria_academica;portal;media;treino
ATE-01861;Pessoal, meu pagamento ainda não foi reconhecido e também quero confirmar o status da rematrícula.;financeiro;presencial;media;validacao
ATE-01862;Então, o aplicativo não carrega;suporte_tecnico;chat;alta;validacao
ATE-01863;Por favor, não consigo visualizar o boleto deste mês?;financeiro;chat;alta;validacao
ATE-01864;Também preciso confirmar um documento acadêmico. Minha solicitação principal é: aparece uma mensagem de erro toda vez que faço login.;suporte_tecnico;portal;baixa;treino
ATE-01865;Não consigo abrir o ambiente virtual e, em paralelo, minha matrícula mostra uma informação estranha.;suporte_tecnico;portal;baixa;teste
ATE-01866;Por favor, preciso conferir um livro. Minha solicitação principal é: não consigo anexar o arquivo no portal.;suporte_tecnico;telefone;media;validacao
ATE-01867;Queria uma orientação, quero reservar um exemplar? Como resolvo?;biblioteca;portal;baixa;treino
ATE-01868;Então, preciso falar com a coordenacao sobre meu planejamento acadêmico.;coordenacao;presencial;baixa;teste
ATE-01869;Preciso conferir um livro, mas o que preciso resolver primeiro é que quero confirmar o status da rematrícula.;secretaria_academica;telefone;media;teste
ATE-01870;"o desconto da mensalidade não apareceu; situação observada desde o começo da semana.";financeiro;telefone;baixa;treino
ATE-01871;Olá, não consigo acessar um artigo pelo portal da biblioteca?;biblioteca;telefone;media;teste
ATE-01872;"preciso solicitar um histórico escolar; situação observada antes do prazo informado.";secretaria_academica;chat;media;treino
ATE-01873;ENTÃO, FIZ O PAGAMENTO E AINDA APARECE PENDÊNCIA.;financeiro;chat;media;validacao
ATE-01874;preciso solicitar um histórico escolar, antes do prazo informado.;secretaria_academica;presencial;baixa;treino
ATE-01875;Então, tenho um problema recorrente em uma turma e preciso de orientação e, em paralelo, tenho dúvida sobre um pagamento. Como resolvo?;coordenacao;presencial;baixa;treino
ATE-01876;"Quero orientação sobre uma situação com uma disciplina; situação observada desde a última atualização do sistema.";coordenacao;presencial;baixa;treino
ATE-01877;Por favor, preciso solicitar aproveitamento de documentação já entregue.;secretaria_academica;telefone;media;treino
ATE-01878;Olá, quero reservar um exemplar.;biblioteca;telefone;media;treino
ATE-01879;Registro a seguinte situação: preciso de informações sobre vencimento e juros.;financeiro;presencial;baixa;teste
ATE-01880;Depois de consultar as orientações disponíveis, a página apresenta erro quando tento acessar.;suporte_tecnico;presencial;media;validacao
ATE-01881;Quero entender uma cobrança na mensalidade?;financeiro;telefone;baixa;treino
ATE-01882;QUERO DISCUTIR UMA SITUAÇÃO PEDAGÓGICA COM A TURMA;coordenacao;telefone;baixa;treino
ATE-01883;Minha senha não funciona;suporte_tecnico;telefone;media;teste
ATE-01884;também apareceu uma cobrança q não reconheço, mas o q preciso resolver primeiro é q minha matrícula não aparece corretamente.;secretaria_academica;email;media;treino
ATE-01885;Também preciso confirmar um documento acadêmico, mas o que preciso resolver primeiro é que não consigo abrir o ambiente virtual, desde o começo da semana.;suporte_tecnico;telefone;media;treino
ATE-01886;n consigo acessar a base de periódicos, mas tenho ainda outra questão: quero informações sobre calendário de matrícula;biblioteca;email;baixa;treino
ATE-01887;No semestre atual, meu acesso está bloqueado.;suporte_tecnico;presencial;baixa;treino
ATE-01888;"QUERO NEGOCIAR UMA PENDÊNCIA FINANCEIRA; ALÉM DISSO, HÁ UMA QUESTÃO PEDAGÓGICA QUE PRECISO AVALIAR.";financeiro;email;baixa;treino
ATE-01889;"Oi, oi, meu pagamento ainda nao foi reconhecido; além disso, quero discutir uma decisão acadêmica. Conseguem me orientar?";financeiro;portal;media;validacao
ATE-01890;Por favor, quero entender uma cobrança na mensalidade? Conseguem me orientar?;financeiro;presencial;media;treino
ATE-01891;quero negociar uma pendência financeira, depois de tentar pelo portal.;financeiro;telefone;alta;teste
ATE-01892;Alguém consegue me ajudar, também preciso de orientação sobre uma disciplina, mas o que preciso resolver primeiro é que a devolução de um livro ainda não foi registrada. Podem verificar?;biblioteca;email;alta;treino
ATE-01893;Por favor, quero entender o procedimento de trancamento. além disso, tenho um problema recorrente em uma turma e preciso de orientação.;coordenacao;telefone;media;treino
ATE-01894;Não consigo anexar o arquivo no portal e, em paralelo, também preciso de orientação sobre uma disciplina.;suporte_tecnico;telefone;media;treino
ATE-01895;Por favor, preciso confirmar um estorno e, em paralelo, não consigo acessar uma tela do sistema. Fico no aguardo.;financeiro;presencial;media;validacao
ATE-01896;Por favor, preciso renovar um livro?;biblioteca;chat;baixa;treino
ATE-01897;gostaria de registrar, preciso confirmar um estorno obrigado.;financeiro;email;media;treino
ATE-01898;Para resolver ainda este mês, minha senha não funciona.;suporte_tecnico;telefone;baixa;validacao
ATE-01899;Oi, alguém consegue me ajudar, preciso saber o horário de atendimento da biblioteca, mas tenho ainda outra questão: minha senha nao funciona. Preciso de um retorno.;biblioteca;portal;alta;teste
ATE-01900;Depois de tentar pelo portal, tenho um problema recorrente em uma turma e preciso de orientação.;coordenacao;email;baixa;treino
ATE-01901;Quero negociar uma pendência financeira. Isso aconteceu depois de tentar pelo portal.;financeiro;presencial;baixa;teste
ATE-01902;Alguém consegue me ajudar, quero reservar um exemplar;biblioteca;telefone;baixa;treino
ATE-01903;"Solicito orientação: alguém consegue me ajudar, meu pagamento ainda não foi reconhecido; além disso, tenho dúvida sobre um registro. Como resolvo?";financeiro;email;baixa;treino
ATE-01904;n consigo entrar no portal;suporte_tecnico;telefone;baixa;treino
ATE-01905;Por favor, preciso de ajuda, preciso falar com a coordenação sobre meu planejamento acadêmico e também preciso da segunda via do boleto. Como resolvo?;coordenacao;chat;baixa;treino
ATE-01906;Gostaria de solicitar apoio: por favor, a página apresenta erro quando tento acessar e, em paralelo, também apareceu uma cobrança que não reconheço. Conseguem me orientar?;suporte_tecnico;telefone;baixa;treino
ATE-01907;quero negociar uma pendência financeira. ...;financeiro;portal;media;teste
ATE-01908;Alguém consegue me ajudar, o desconto da mensalidade não apareceu. Conseguem me orientar?;financeiro;telefone;baixa;treino
ATE-01909;"O comprovante foi enviado, mas o débito continua aberto; além disso, o portal também está dando erro; situação observada antes do prazo informado.";financeiro;chat;baixa;teste
ATE-01910;"Preciso renovar um livro; situação observada desde ontem.";biblioteca;portal;alta;treino
ATE-01911;O boleto continua pendente, mas o que preciso resolver primeiro é que meu acesso está bloqueado.;suporte_tecnico;chat;baixa;validacao
ATE-01912;Venho informar, preciso da segunda via do boleto?;financeiro;email;alta;treino
ATE-01913;minha matrícula mostra uma informação estranha, mas o que preciso resolver primeiro é que preciso saber o horário de atendimento da biblioteca.;biblioteca;telefone;baixa;treino
ATE-01914;Registro a seguinte situação: olá, preciso saber o horário de atendimento da biblioteca Agradeço se puderem olhar isso;biblioteca;telefone;media;treino
ATE-01915;Para resolver ainda este mês, quero confirmar o status da rematrícula.;secretaria_academica;portal;media;treino
ATE-01916;Gente, meu nome saiu incorreto em um documento acadêmico?;secretaria_academica;email;media;treino
ATE-01917;Por favor, não consigo anexar o arquivo no portal e, em paralelo, também preciso confirmar um documento acadêmico.;suporte_tecnico;telefone;media;validacao
ATE-01918;"tenho um problema recorrente em uma turma e preciso de orientação; além disso, não consigo acessar uma tela do sistema";coordenacao;chat;media;treino
ATE-01919;venho informar, tenho dúvida sobre um registro, mas o que preciso resolver primeiro é que não consigo abrir o ambiente virtual.;suporte_tecnico;telefone;media;treino
ATE-01920;Gente, quero entender o procedimento de trancamento?;secretaria_academica;telefone;baixa;validacao
ATE-01921;Olá, preciso saber o horário de atendimento da biblioteca. Obrigado.;biblioteca;presencial;baixa;treino
ATE-01922;O SISTEMA FECHA ANTES DE CONCLUIR A OPERAÇÃO, MAS TENHO AINDA OUTRA QUESTÃO: PRECISO SOLICITAR APROVEITAMENTO DE DOCUMENTAÇÃO JÁ ENTREGUE.;suporte_tecnico;email;alta;validacao
ATE-01923;O link de recuperação de senha não chega e também quero saber sobre a emissão de declaração.;suporte_tecnico;email;media;validacao
ATE-01924;"Boa tarde, não consigo acessar a base de periódicos; além disso, há uma questão pedagógica que preciso avaliar. Fico no aguardo.";biblioteca;chat;media;treino
ATE-01925;Oi, minha matrícula não aparece corretamente?;secretaria_academica;telefone;media;treino
ATE-01926;;secretaria_academica;portal;media;treino
ATE-01927;O boleto continua pendente. Minha solicitação principal é: quero confirmar o status da rematrícula.;secretaria_academica;presencial;baixa;teste
ATE-01928;Por favor, o sistema fecha antes de concluir a operação.;suporte_tecnico;chat;media;teste
ATE-01929;"preciso de ajuda, minha matrícula não aparece corretamente; ao mesmo tempo, não consigo entrar no portal conseguem me orientar";suporte_tecnico;chat;alta;teste
ATE-01930;O boletoo continua pendente. Minha solicitação principal é: quero conversar sobre pré-requisitos e sequência de disciplinas.;coordenacao;telefone;baixa;teste
ATE-01931;por favor, preciso consultar uma pendência de empréstimo e, em paralelo, tenho dúvida sobre um registro. preciso de um retorno.;biblioteca;email;baixa;treino
ATE-01932;Alguém consegue me ajudar, meu acesso está bloqueado? Isso pode ser verificado, por favor?;suporte_tecnico;presencial;alta;treino
ATE-01933;"O aplicativo não carrega; além disso, quero discutir uma decisão acadêmica!";suporte_tecnico;chat;media;teste
ATE-01934;Registro a seguinte situação: gostaria de registrar, quero saber sobre a emissão de declaração e, em paralelo, quero discutir uma decisão acadêmica. Obrigado;secretaria_academica;portal;baixa;treino
ATE-01935;boa tarde, também apareceu uma cobrança que n reconheço. minha solicitação principal é: preciso consultar uma pendência de empréstimo.;biblioteca;chat;baixa;treino
ATE-01936;olá, aparece uma mensagem de erro toda vez que faço login. como resolvo?;suporte_tecnico;presencial;media;treino
ATE-01937;"quero saber sobre a emissão de declaração; além disso, tbm tenho uma pendência de empréstimo.";secretaria_academica;telefone;media;treino
ATE-01938;Solicito orientação: estou com uma dúvida, preciso renovar um livro.;biblioteca;telefone;baixa;treino
ATE-01939;A devolução de um livro ainda não foi registrada;biblioteca;portal;baixa;validacao
ATE-01940;Então, quero entender o procedimento de trancamento? Isso pode ser verificado, por favor?;secretaria_academica;presencial;media;treino
ATE-01941;Por favor, olá, não consigo visualizar o boleto deste mês. Agradeço se puderem olhar isso.;financeiro;chat;media;validacao
ATE-01942;Não consigo abrir o ambiente virtual e, em paralelo, preciso conferir um livro.;suporte_tecnico;chat;baixa;teste
ATE-01943;só queria entender, preciso corrigir meus dados acadêmicos, mas tenho ainda outra questão: meu acesso está bloqueado fico no aguardo;secretaria_academica;chat;media;treino
ATE-01944;Desde o começo da semana, olá, quero discutir uma situação pedagógica com a turma.;coordenacao;portal;media;treino
ATE-01945;Preciso de ajuda, nao consigo acessar um artigo pelo portal da biblioteca? Como resolvo?;biblioteca;presencial;media;teste
ATE-01946;POR FAVOR, QUERO ENTENDER O PROCEDIMENTO DE TRANCAMENTO;secretaria_academica;chat;alta;treino
ATE-01947;alguém consegue me ajudar, o comprovante foi enviado, mas o débito continua aberto obrigado;financeiro;telefone;baixa;teste
ATE-01948;a plataforma fica em tela branca e, em paralelo, quero discutir uma decisão acadêmica!!!;suporte_tecnico;email;alta;validacao
ATE-01949;gostaria de registrar, não consigo acessar um artigo pelo portal da biblioteca fico no aguardo.;biblioteca;email;baixa;validacao
ATE-01950;quero saber sobre a emissão de declaração, depois de tentar pelo portal.;secretaria_academica;email;media;validacao
ATE-01951;o desconto da mensalidade nao apareceu.;financeiro;email;alta;treino
ATE-01952;Oi, estou com uma dúvida, a página apresenta erro quando tento acessar e também quero discutir uma situação pedagógica com a turma. Conseguem me orientar?;suporte_tecnico;email;baixa;teste
ATE-01953;Oi, venho informar, meu login falha às vezes, mas o que preciso resolver primeiro é que preciso solicitar aproveitamento de documentação já entregue. Obrigado.;secretaria_academica;portal;baixa;teste
ATE-01954;"Quero orientação sobre uma situação com uma disciplina; ao mesmo tempo, a página apresenta erro quando tento acessar.";suporte_tecnico;portal;media;treino
ATE-01955;Por favor, não consigo entrar no portal!;suporte_tecnico;email;baixa;validacao
ATE-01956;Olá, preciso corrigir meus dados acadêmicos e, em paralelo, o portal também está dando erro. Agradeço se puderem olhar isso.;secretaria_academica;telefone;media;treino
ATE-01957;Bom dia, quero saber se um título esta disponível Isso pode ser verificado, por favor?;biblioteca;telefone;baixa;teste
ATE-01958;quero informações sobre calendário de matrícula.;secretaria_academica;email;media;treino
ATE-01959;Preciso consultar uma pendência de empréstimo, para conseguir seguir com o processo.;biblioteca;email;media;validacao
ATE-01960;Gente, só queria entender, o portal também está dando erro, mas o que preciso resolver primeiro é que quero orientação sobre uma situação com uma disciplina. Como resolvo?;coordenacao;email;baixa;treino
ATE-01961;Oi, oi, não consigo abrir o ambiente virtual Obrigado.;suporte_tecnico;presencial;alta;treino
ATE-01962;tenho dúvida sobre um registro, mas o q preciso resolver primeiro é q a página apresenta erro quando tento acessar Podem verificar?;suporte_tecnico;presencial;baixa;treino
ATE-01963;oi, quero negociar uma pendência financeira e, em paralelo, minha matrícula mostra uma informação estranha!;financeiro;portal;baixa;treino
ATE-01964;Olá, preciso falar com a coordenação sobre meu planejamento acadêmico e, em paralelo, meu login falha às vezes.;coordenacao;chat;alta;treino
ATE-01965;"Por favor, estou com uma dúvida, preciso atualizar um documento da matrícula; além disso, também tenho uma pendência de empréstimo. Isso pode ser verificado, por favor?";secretaria_academica;email;alta;treino
ATE-01966;não consigo visualizar o boleto deste mês e, em paralelo, também tenho uma pendência de empréstimo.;financeiro;email;alta;treino
ATE-01967;Também tenho uma pendência de empréstimo, mas o que preciso resolver primeiro é que quero confirmar o status da rematrícula.;secretaria_academica;presencial;media;teste
ATE-01968;Olá, olá, o link de recuperação de senha não chega Obrigada.;suporte_tecnico;presencial;media;treino
ATE-01969;"quero saber sobre a emissão de declaração; além disso, não consigo acessar uma tela do sistema!";secretaria_academica;portal;media;treino
ATE-01970;quero negociar uma pendência financeira, mas tenho ainda outra questão: preciso discutir equivalência de conteúdo entre disciplinas como resolvo;financeiro;presencial;media;treino
ATE-01971;"Registro a seguinte situação: o comprovante foi enviado, mas o débito continua aberto; além disso, preciso conferir um livro.";financeiro;presencial;alta;treino
ATE-01972;Depois de tentar pelo portal, preciso consultar uma pendência de empréstimo.;biblioteca;email;alta;treino
ATE-01973;Não consigo abrir o ambiente virtual!;suporte_tecnico;telefone;media;treino
ATE-01974;Preciso corrigir meus dados acadêmicos e, em paralelo, quero discutir uma decisão acadêmica.;secretaria_academica;presencial;baixa;treino
ATE-01975;Gente, não consigo anexar o arquivo no portal?;suporte_tecnico;telefone;baixa;treino
ATE-01976;Oi, estou com uma dúvida, a plataforma fica em tela branca. Obrigado.;suporte_tecnico;chat;media;treino
ATE-01977;Registro a seguinte situação: preciso conferir um livro. Minha solicitação principal é: preciso solicitar aproveitamento de documentação já entregue.;secretaria_academica;chat;baixa;treino
ATE-01978;Aparece uma mensagem de erro toda vez que faço login. Isso aconteceu depois de tentar pelo portal.;suporte_tecnico;presencial;media;validacao
ATE-01979;Gente, queria uma orientação, quero entender o procedimento de trancamento? Conseguem me orientar?;secretaria_academica;chat;media;treino
ATE-01980;Meu aceso está bloqueado e, em paralelo, minha matrícula mostra uma informação estranha.;suporte_tecnico;presencial;baixa;validacao
ATE-01981;Gente, também preciso confirmar um documento acadêmico. Minha solicitação principal é: quero orientação sobre uma situação com uma disciplina.;coordenacao;email;alta;treino
ATE-01982;Solicito orientação: preciso conferir um livro, mas o que preciso resolver primeiro é que minha senha não funciona!;suporte_tecnico;telefone;media;treino
ATE-01983;minha matrícula mostra uma informação estranha. minha solicitação principal é: preciso de orientação sobre uma decisão acadêmica q não é apenas cadastral.;coordenacao;telefone;baixa;treino
ATE-01984;Preciso discutir equivalência de conteúdo entre disciplinas e, em paralelo, tenho dúvida sobre um pagamento.;coordenacao;portal;baixa;treino
ATE-01985;"n consigo abrir o ambiente virtual; ao mesmo tempo, quero confirmar o status da rematrícula.";secretaria_academica;chat;media;teste
ATE-01986;Oi, boa tarde, quero orientação sobre uma situação com uma disciplina. Obrigado.;coordenacao;email;media;treino
ATE-01987;"quero conversar sobre pré-requisitos e sequência de disciplinas; além disso, o acesso à biblioteca digital falhou. ...";coordenacao;chat;media;treino
ATE-01988;"O valor da parcela está diferente; além disso, quero discutir uma decisão acadêmica.";financeiro;email;media;validacao
ATE-01989;quero informações sobre calendário de matricula?;secretaria_academica;telefone;media;treino
ATE-01990;"Quero informações sobre calendário de matricula; além disso, há uma questão pedagógica que preciso avaliar.";secretaria_academica;telefone;baixa;treino
ATE-01991;Gostaria de solicitar apoio: quero saber sobre a emissão de declaração;secretaria_academica;email;alta;treino
ATE-01992;Preciso renovar um livro e, em paralelo, meu login falha às vezes.;biblioteca;email;baixa;validacao
ATE-01993;o valor da parcela está diferente e também minha senha não funciona.;financeiro;chat;media;validacao
ATE-01994;Queria uma orientação, quero negociar uma pendência financeira e, em paralelo, quero discutir uma decisão acadêmica. Como resolvo?;financeiro;email;media;validacao
ATE-01995;Não consigo acessar uma tela do sistema. Minha solicitação principal é: preciso falar com a coordenação sobre meu planejamento acadêmico.;coordenacao;email;alta;treino
ATE-01996;Preciso avaliar uma situação excepcional no meu percurso acadêmico.;coordenacao;email;media;treino
ATE-01997;Gente, o boleto continua pendente, mas o que preciso resolver primeiro é que o link de recuperação de senha não chega;suporte_tecnico;chat;alta;validacao
ATE-01998;"Preciso avaliar uma situação excepcional no meu percurso acadêmico; situação observada para resolver ainda este mês.";coordenacao;chat;media;treino
ATE-01999;"Não consigo visualizar o boleto deste mês; situação observada antes do início das aulas.";financeiro;portal;media;treino
ATE-02000;"Oi, não consigo entrar no portal; além disso, preciso conferir um livro.";suporte_tecnico;email;baixa;treino
ATE-02001;Por favor, preciso discutir equivalência de conteúdo entre disciplinas. Além disso, preciso solicitar um histórico escolar.;secretaria_academica;presencial;media;treino
ATE-02002;SOLICITO ORIENTAÇÃO: QUERO SABER SE UM TÍTULO ESTÁ DISPONÍVEL?;biblioteca;portal;media;treino
ATE-02003;Então, não consigo visualizar o boleto deste mês, mas tenho ainda outra questão: tenho um problema recorrente em uma turma e preciso de orientação.;financeiro;chat;media;treino
ATE-02004;quero confirmar o status da rematrícula e, em paralelo, também apareceu uma cobrança q não reconheço;secretaria_academica;presencial;media;treino
ATE-02005;"minha senha não funciona; além disso, preciso conferir um livro 😤";suporte_tecnico;chat;media;treino
ATE-02006;Registro a seguinte situação: meu pagamento ainda não foi reconhecido e, em paralelo, também preciso confirmar um documento acadêmico.;financeiro;telefone;alta;treino
ATE-02007;meu aceso está bloqueado. além disso, quero entender uma cobrança na mensalidade. 😤;financeiro;presencial;media;validacao
ATE-02008;quero entender uma cobrança na mensalidade;financeiro;portal;baixa;treino
ATE-02009;"Preciso confirmar um estorno; situação observada para resolver ainda este mês.";financeiro;telefone;alta;validacao
ATE-02010;Bom dia, quero orientação acadêmica antes de escolher as próximas matérias. Podem verificar?;coordenacao;email;media;treino
ATE-02011;"Por favor, quero informações sobre calendário de matrícula; além disso, o portal também está dando erro.";secretaria_academica;email;media;treino
ATE-02012;Então, o valor da parcela está diferente e, em paralelo, não consigo acessar uma tela do sistema.;financeiro;chat;media;treino
ATE-02013;Venho informar, preciso de informações sobre vencimento e juros? Fico no aguardo.;financeiro;portal;alta;treino
ATE-02014;;financeiro;portal;media;treino
ATE-02015;olá, quero confirmar o status da rematrícula. conseguem me orientar?;secretaria_academica;presencial;baixa;treino
ATE-02016;Meu acesso está bloqueado, mas tenho ainda outra questão: preciso atualizar um documento da matrícula.;suporte_tecnico;telefone;alta;treino
ATE-02017;Oi, boa tarde, o desconto da mensalidade não apareceu Fico no aguardo;financeiro;chat;alta;treino
ATE-02018;preciso de ajuda, o valor da parcela está diferente? conseguem me orientar?;financeiro;chat;baixa;treino
ATE-02019;"um livro devolvido ainda aparece comigo; ao mesmo tempo, quero negociar uma pendência financeira.";financeiro;telefone;media;treino
ATE-02020;Oi, preciso discutir equivalência de conteúdo entre disciplinas, mas tenho ainda outra questão: minha senha não funciona.;coordenacao;portal;media;treino
ATE-02021;gostaria de registrar, tenho um problema recorrente em uma turma e preciso de orientação agradeço se puderem olhar isso!;coordenacao;portal;alta;treino
ATE-02022;"Preciso saber o horário de atendimento da biblioteca; além disso, não consigo acessar uma tela do sistema.";biblioteca;presencial;alta;treino
ATE-02023;Uma disciplina não consta no meu registro. Além disso, não consigo acessar a base de periódicos.;biblioteca;portal;baixa;treino
ATE-02024;Então, há uma questão pedagógica que preciso avaliar, mas o que preciso resolver primeiro é que preciso solicitar um histórico escolar.;secretaria_academica;presencial;alta;validacao
ATE-02025;Gostaria de solicitar apoio: o boleto continua pendente. Minha solicitação principal é: tenho um problema recorrente em uma turma e preciso de orientação.;coordenacao;presencial;media;teste
ATE-02026;ALGUÉM CONSEGUE ME AJUDAR, NÃO CONSIGO ENTRAR NO PORTAL? ISSO PODE SER VERIFICADO, POR FAVOR?;suporte_tecnico;chat;baixa;treino
ATE-02027;Olá, a plataforma fica em tela branca;suporte_tecnico;presencial;alta;treino
ATE-02028;quero saber se um título está disponível e, em paralelo, tenho dúvida sobre um registro;biblioteca;email;baixa;validacao
ATE-02029;Quero negociar uma pendência financeira!;financeiro;presencial;alta;teste
ATE-02030;gostaria de registrar, o portal também está dando erro, mas o que preciso resolver primeiro é que quero saber sobre a emissão de declaração;secretaria_academica;email;media;teste
ATE-02031;não consigo entrar no portal? 🙂;suporte_tecnico;telefone;alta;validacao
ATE-02032;preciso falar com a coordenação sobre meu planejamento acadêmico. além disso, quero confirmar a multa de um empréstimo atrasado.;biblioteca;portal;media;treino
ATE-02033;Tenho dúvida sobre um registro, mas o que preciso resolver primeiro é que o valor da parcela está diferente.;financeiro;presencial;media;treino
ATE-02034;tenho dúvida sobre um pagamento, mas o que preciso resolver primeiro é que não consigo abrir o ambiente virtual.;suporte_tecnico;portal;alta;treino
ATE-02035;Preciso atualizar um documento da matrícula e, em paralelo, o portal também está dando erro!;secretaria_academica;presencial;media;treino
ATE-02036;Quero reservar um exemplar, antes do prazo informado.;biblioteca;portal;baixa;treino
ATE-02037;só queria entender, o portal também está dando erro, mas o que preciso resolver primeiro é que quero confirmar a multa de um empréstimo atrasado.;biblioteca;chat;media;treino
ATE-02038;"Estou com uma dúvida, minha senha não funciona; além disso, preciso conferir um livro. Obrigado.";suporte_tecnico;presencial;baixa;validacao
ATE-02039;boa tarde, preciso solicitar aproveitamento de documentação já entregue. além disso, um livro devolvido ainda aparece comigo. obrigada.;biblioteca;portal;media;treino
ATE-02040;Preciso conversar sobre a organização da minha grade, mas tenho ainda outra questão: o aplicativo não carrega.;coordenacao;presencial;baixa;validacao
ATE-02041;pessoal, também preciso de orientação sobre uma disciplina. minha solicitação principal é: quero confirmar a multa de um empréstimo atrasado. podem verificar?;biblioteca;portal;baixa;treino
ATE-02042;pessoal, meu nome saiu incorreto em um documento acadêmico;secretaria_academica;portal;alta;treino
ATE-02043;"preciso avaliar uma situação excepcional no meu percurso acadêmico; ao mesmo tempo, não consigo acessar um artigo pelo portal da biblioteca.";biblioteca;telefone;media;treino
ATE-02044;Alguém consegue me ajudar, preciso confirmar um estorno. Agradeço se puderem olhar isso.;financeiro;email;media;treino
ATE-02045;Queria uma orientação, quero orientação sobre uma situação com uma disciplina? Como resolvo?;coordenacao;telefone;media;treino
ATE-02046;Oi, preciso confirmar um estorno!;financeiro;portal;alta;validacao
ATE-02047;o valor da parcela está diferente;financeiro;email;media;teste
ATE-02048;"Oi, venho informar, preciso da segunda via do boleto; além disso, o portal também está dando erro. Como resolvo?";financeiro;chat;alta;treino
ATE-02049;Gente, minha matrícula mostra uma informação estranha, mas o que preciso resolver primeiro é que quero orientação sobre uma situação com uma disciplina.;coordenacao;portal;baixa;treino
ATE-02050;"Minha senha não funciona; além disso, o acesso à biblioteca digital falhou!";suporte_tecnico;email;media;treino
ATE-02051;No semestre atual, quero saber sobre a emissão de declaração.;secretaria_academica;presencial;media;treino
ATE-02052;Então, queria uma orientação, preciso conversar sobre a organização da minha grade? Conseguem me orientar?;coordenacao;email;baixa;teste
ATE-02053;"Não consigo acessar a base de periódicos; além disso, também apareceu uma cobrança que não reconheço.";biblioteca;telefone;alta;treino
ATE-02054;Meu pagamento ainda não foi reconhecido!;financeiro;presencial;media;treino
ATE-02055;queria uma orientação, quero negociar uma pendência financeira e tbm quero discutir uma situação pedagógica com a turma.;financeiro;portal;baixa;teste
ATE-02056;"Olá, o comprovante foi enviado, mas o débito continua aberto; além disso, também preciso confirmar um documento acadêmico. Como resolvo?";financeiro;portal;media;treino
ATE-02057;Solicito orientação: não consigo acessar a base de periódicos e também quero discutir uma situação pedagógica com a turma.;biblioteca;presencial;media;treino
ATE-02058;Minha senha não funciona e também tenho um problema recorrente em uma turma e preciso de orientação.;suporte_tecnico;email;media;treino
ATE-02059;Boa tarde, preciso de informações sobre vencimento e juros? Isso pode ser verificado, por favor?;financeiro;chat;baixa;treino
ATE-02060;Registro a seguinte situação: quero discutir uma situação pedagógica com a turma e, em paralelo, o acesso à biblioteca digital falhou.;coordenacao;presencial;alta;treino
ATE-02061;"Quero orientação acadêmica antes de escolher as próximas matérias; situação observada desde a última atualização do sistema.";coordenacao;portal;media;teste
ATE-02062;No semestre atual, o desconto da mensalidade não apareceu.;financeiro;chat;media;teste
ATE-02063;Olá, também apareceu uma cobrança que não reconheço. Minha solicitação principal é: o link de recuperação de senha não chega;suporte_tecnico;telefone;alta;treino
ATE-02064;Gostaria de solicitar apoio: preciso solicitar aproveitamento de documentação já entregue;secretaria_academica;chat;media;treino
ATE-02065;"Preciso consultar uma pendência de empréstimo; ao mesmo tempo, o aplicativo nao carrega.";suporte_tecnico;telefone;baixa;treino
ATE-02066;Oi, venho informar, meu nome saiu incorreto em um documento acadêmico? Podem verificar?;secretaria_academica;telefone;alta;treino
ATE-02067;o link de recuperação de senha não chega;suporte_tecnico;email;media;treino
ATE-02068;Preciso conferir um livro. Minha solicitação principal é: preciso falar com a coordenação sobre meu planejamento acadêmico;coordenacao;presencial;alta;treino
ATE-02069;alguém consegue me ajudar, não consigo visualizar o boleto deste mês e, em paralelo, meu login falha às vezes conseguem me orientar;financeiro;telefone;alta;treino
ATE-02070;"Registro a seguinte situação: preciso de orientação sobre uma decisão acadêmica que não é apenas cadastral; ao mesmo tempo, preciso solicitar aproveitamento de documentação já entregue.";secretaria_academica;presencial;media;teste
ATE-02071;Tenho dúvida sobre um pagamento, mas o que preciso resolver primeiro é que meu acesso está bloqueado.;suporte_tecnico;portal;baixa;teste
ATE-02072;"Preciso de ajuda, a página apresenta erro quando tento acessar; além disso, quero discutir uma decisão acadêmica. Isso pode ser verificado, por favor?";suporte_tecnico;presencial;baixa;validacao
ATE-02073;O boleto continua pendente, mas o que preciso resolver primeiro é que a página apresenta erro quando tento acessar.;suporte_tecnico;portal;baixa;treino
ATE-02074;Oi, o portal também está dando erro. Minha solicitação principal é: preciso atualizar um documento da matrícula.;secretaria_academica;telefone;media;teste
ATE-02075;Gente, a página apresenta erro quando tento acessar;suporte_tecnico;presencial;media;treino
ATE-02076;Gostaria de solicitar apoio: preciso saber o horário de atendimento da biblioteca e, em paralelo, o boleto continua pendente.;biblioteca;portal;media;treino
ATE-02077;quero entender uma cobrança na mensalidade e, em paralelo, preciso conferir um livro conseguem me orientar;financeiro;portal;baixa;treino
ATE-02078;Meu nome saiu incorreto em um documento acadêmico, mas tenho ainda outra questão: minha senha não funciona.;secretaria_academica;portal;alta;treino
ATE-02079;preciso saber o horário de atendimento da biblioteca, antes de enviar outro pedido.;biblioteca;chat;baixa;treino
ATE-02080;gostaria de registrar, meu nome saiu incorreto em um documento acadêmico agradeço se puderem olhar isso;secretaria_academica;presencial;media;treino
ATE-02081;Então, preciso solicitar aproveitamento de documentação já entregue e também meu acesso está bloqueado.;secretaria_academica;telefone;alta;treino
ATE-02082;Preciso conversar sobre a organização da minha grade.;coordenacao;chat;baixa;treino
ATE-02083;Preciso conversar sobre a organização da minha grade. Além disso, quero entender uma cobrança na mensalidade!;financeiro;email;baixa;teste
ATE-02084;Preciso falar com a coordenação sobre meu planejamento acadêmico!;coordenacao;email;media;validacao
ATE-02085;preciso discutir equivalência de conteúdo entre disciplinas. Isso aconteceu desde ontem.;coordenacao;portal;media;teste
ATE-02086;"Oi, meu pagamento ainda não foi reconhecido; ao mesmo tempo, quero orientação sobre uma situação com uma disciplina. Podem verificar?";coordenacao;telefone;media;treino
ATE-02087;Preciso conferir um livro. Minha solicitação principal é: meu nome saiu incorreto em um documento acadêmico.;secretaria_academica;telefone;baixa;treino
ATE-02088;há uma questão pedagógica que preciso avaliar, mas o que preciso resolver primeiro é que quero saber se um título está disponível.;biblioteca;chat;baixa;teste
ATE-02089;Então, quero confirmar o status da rematrícula;secretaria_academica;presencial;media;treino
ATE-02090;"oi, a plataforma fica em tela branca; ao mesmo tempo, fiz o pagamento e ainda aparece pendência. conseguem me orientar?";financeiro;telefone;media;treino
ATE-02091;tbm preciso de orientação sobre uma disciplina, mas o que preciso resolver primeiro é que quero reservar um exemplar.;biblioteca;email;media;validacao
ATE-02092;venho informar, a devolução de um livro ainda não foi registrada fico no aguardo.;biblioteca;presencial;baixa;validacao
ATE-02093;Quero reservar um exemplar. Isso aconteceu depois de tentar pelo portal.;biblioteca;chat;media;treino
ATE-02094;"Oi, venho informar, meu pagamento ainda não foi reconhecido; ao mesmo tempo, meu acesso está bloqueado. Obrigada.";suporte_tecnico;chat;baixa;treino
ATE-02095;PRECISO CONVERSAR SOBRE A ORGANIZAÇÃO DA MINHA GRADE.;coordenacao;telefone;media;validacao
ATE-02096;preciso conferir um livro, mas o que preciso resolver primeiro é que preciso confirmar um estorno.;financeiro;chat;media;treino
ATE-02097;Gostaria de registrar, também preciso de orientação sobre uma disciplina. Minha solicitação principal é: preciso corrigir meus dados acadêmicos. Obrigada.;secretaria_academica;telefone;alta;treino
ATE-02098;Então, quero orientação acadêmica antes de escolher as próximas matérias;coordenacao;presencial;baixa;treino
ATE-02099;"Quero orientação sobre uma situação com uma disciplina; situação observada para conseguir seguir com o processo.";coordenacao;portal;baixa;treino
ATE-02100;"MEU NOME SAIU INCORRETO EM UM DOCUMENTO ACADÊMICO; ALÉM DISSO, NÃO CONSIGO ACESSAR UMA TELA DO SISTEMA.";secretaria_academica;chat;baixa;treino
ATE-02101;Não consigo acessar uma tela do sistema. Minha solicitação principal é: uma disciplina não consta no meu registro.;secretaria_academica;presencial;baixa;teste
ATE-02102;tenho dúvida sobre um pagamento, mas o que preciso resolver primeiro é que minha senha não funciona.;suporte_tecnico;portal;baixa;treino
ATE-02103;Nesta semana, n consigo acessar a base de periódicos.;biblioteca;telefone;alta;treino
ATE-02104;Fiz o pagamento e ainda aparece pendência, mas tenho ainda outra questão: um livro devolvido ainda aparece comigo;financeiro;email;media;validacao
ATE-02105;Gostaria de solicitar apoio: não consigo acessar uma tela do sistema, mas o que preciso resolver primeiro é que preciso de informações sobre vencimento e juros.;financeiro;chat;baixa;treino
ATE-02106;Preciso da segunda via do boleto. Isso aconteceu no semestre atual.;financeiro;telefone;media;treino
ATE-02107;Desde ontem, quero informações sobre calendário de matrícula.;secretaria_academica;chat;media;treino
ATE-02108;"preciso saber o horário de atendimento da biblioteca; além disso, também preciso confirmar um documento acadêmico.";biblioteca;chat;alta;teste
ATE-02109;Alguém consegue me ajudar, preciso saber o horário de atendimento da biblioteca, mas tenho ainda outra questão: quero orientação acadêmica antes de escolher as próximas matérias. Como resolvo?;biblioteca;email;alta;treino
ATE-02110;também tenho uma pendência de empréstimo. minha solicitação principal é: preciso da segunda via do boleto.;financeiro;presencial;media;validacao
ATE-02111;"Preciso falar com a coordenação sobre meu planejamento acadêmico; além disso, também preciso confirmar um documento acadêmico.";coordenacao;email;alta;treino
ATE-02112;Preciso discutir equivalência de conteúdo entre disciplinas Fico no aguardo.;coordenacao;presencial;media;validacao
ATE-02113;Preciso saber o horário de atendimento da biblioteca?;biblioteca;chat;alta;treino
ATE-02114;"O portal também está dando erro. Minha solicitação principal é: tenho um problema recorrente em uma turma e preciso de orientação; situação observada para conseguir seguir com o processo.";coordenacao;portal;media;treino
ATE-02115;"Meu acesso está bloqueado; situação observada antes do prazo informado.";suporte_tecnico;chat;media;treino
ATE-02116;Gostaria de solicitar apoio: preciso renovar um livro;biblioteca;portal;media;treino
ATE-02117;Preciso solicitar um histórico escolar, antes do início das aulas.;secretaria_academica;presencial;baixa;treino
ATE-02118;Pessoal, quero reservar um exemplar? Como resolvo?;biblioteca;email;baixa;treino
ATE-02119;Então, quero entender o procedimento de trancamento, mas tenho ainda outra questão: não consigo acessar um artigo pelo portal da biblioteca.;secretaria_academica;email;media;validacao
ATE-02120;"Olá, preciso consultar uma pendência de empréstimo; ao mesmo tempo, quero orientação acadêmica antes de escolher as próximas matérias. Isso pode ser verificado, por favor?";coordenacao;presencial;media;validacao
ATE-02121;preciso renovar um livro?;biblioteca;chat;baixa;treino
ATE-02122;quero saber sobre a emissão de declaração e, em paralelo, meu login falha às vezes. isso pode ser verificado, por favor Podem verificar?;secretaria_academica;chat;baixa;validacao
ATE-02123;Uma disciplina não consta no meu registro e, em paralelo, o boleto continua pendente.;secretaria_academica;email;media;treino
ATE-02124;há uma questão pedagógica que preciso avaliar, mas o que preciso resolver primeiro é que quero entender uma cobrança na mensalidade.;financeiro;telefone;alta;validacao
ATE-02125;Oi, há uma questão pedagógica que preciso avaliar, mas o que preciso resolver primeiro é que quero reservar um exemplar.;biblioteca;email;alta;teste
ATE-02126;Oi, pessoal, preciso solicitar aproveitamento de documentação já entregue Podem verificar?;secretaria_academica;telefone;baixa;validacao
ATE-02127;Oi, boa tarde, não consigo acessar uma tela do sistema, mas o que preciso resolver primeiro é que preciso atualizar um documento da matrícula. Isso pode ser verificado, por favor?;secretaria_academica;presencial;media;teste
ATE-02128;minha matrícula n aparece corretamente e, em paralelo, há uma questão pedagógica que preciso avaliar!;secretaria_academica;email;alta;teste
ATE-02129;Registro a seguinte situação: não consigo acessar uma tela do sistema, mas o que preciso resolver primeiro é que preciso conversar sobre a organização da minha grade.;coordenacao;chat;media;treino
ATE-02130;Gostaria de registrar, também preciso de orientação sobre uma disciplina. Minha solicitação principal é: o comprovante foi enviado, mas o débito continua aberto. Preciso de um retorno.;financeiro;telefone;media;treino
ATE-02131;;secretaria_academica;presencial;baixa;treino
ATE-02132;Só queria entender, não consigo anexar o arquivo no portal. Além disso, minha matrícula não aparece corretamente. Fico no aguardo!;secretaria_academica;chat;alta;treino
ATE-02133;Não consigo anexar o arquivo no portal. Além disso, preciso da segunda via do boleto;financeiro;email;baixa;treino
ATE-02134;Meu nome saiu incorreto em um documento acadêmico e, em paralelo, tenho dúvida sobre um pagamento!;secretaria_academica;portal;baixa;teste
ATE-02135;gostaria de registrar, minha matrícula mostra uma informação estranha, mas o que preciso resolver primeiro é que não consigo visualizar o boleto deste mês. agradeço se puderem olhar isso.;financeiro;email;baixa;treino
ATE-02136;Olá, venho informar, o desconto da mensalidade não apareceu. Fico no aguardo.;financeiro;email;media;treino
ATE-02137;preciso de ajuda, preciso da segunda via do boleto. além disso, preciso discutir equivalência de conteúdo entre disciplinas. isso pode ser verificado, por favor?;coordenacao;chat;baixa;treino
ATE-02138;Venho informar, também preciso confirmar um documento acadêmico, mas o que preciso resolver primeiro é que um livro devolvido ainda aparece comigo. Obrigada.;biblioteca;chat;media;teste
ATE-02139;o desconto da mensalidade n apareceu? obrigado.;financeiro;email;baixa;treino
ATE-02140;"Venho informar, minha senha não funciona. Além disso, preciso falar com a coordenação sobre meu planejamento acadêmico. Podem verificar; preciso de retorno.";coordenacao;telefone;alta;validacao
ATE-02141;não consigo anexar o arquivo no portal. além disso, quero informações sobre calendário de matrícula;secretaria_academica;chat;media;treino
ATE-02142;;biblioteca;email;media;treino
ATE-02143;Olá, quero reservar um exemplar, para organizar minha situação.;biblioteca;presencial;media;validacao
ATE-02144;Por favor, não consigo acessar uma tela do sistema, mas o que preciso resolver primeiro é que quero conversar sobre pré-requisitos e sequência de disciplinas. Fico no aguardo.;coordenacao;telefone;media;validacao
ATE-02145;Fiz o pagamento e ainda aparece pendência, antes do início das aulas.;financeiro;portal;media;treino
ATE-02146;Oi, o sistema fecha antes de concluir a operação?;suporte_tecnico;email;baixa;treino
ATE-02147;Oi, o aplicativo não carrega, antes do início das aulas.;suporte_tecnico;telefone;baixa;validacao
ATE-02148;estou com uma dúvida, preciso confirmar um estorno e, em paralelo, não consigo acessar uma tela do sistema. agradeço se puderem olhar isso.;financeiro;presencial;media;validacao
ATE-02149;quero saber sobre a emissão de declaração?;secretaria_academica;chat;media;treino
ATE-02150;quero discutir uma situação pedagógica com a turma além disso, preciso confirmar um estorno;financeiro;email;baixa;treino
ATE-02151;O boleto continua pendente, mas o que preciso resolver primeiro é que meu nome saiu incorreto em um documento acadêmico.;secretaria_academica;email;alta;treino
ATE-02152;"Quero orientação acadêmica antes de escolher as próximas matérias; além disso, o portal também está dando erro.";coordenacao;chat;media;treino
ATE-02153;Quero confirmar o status da rematrícula. Isso aconteceu para conseguir seguir com o processo.;secretaria_academica;chat;media;treino
ATE-02154;Gostaria de solicitar apoio: preciso atualizar um documento da matrícula;secretaria_academica;chat;media;treino
ATE-02155;não consigo acessar uma tela do sistema. minha solicitação principal é: quero entender o procedimento de trancamento, desde o começo da semana.;secretaria_academica;chat;alta;treino
ATE-02156;Pessoal, quero entender uma cobrança na mensalidade. Além disso, preciso atualizar um documento da matrícula. Preciso de um retorno.;secretaria_academica;telefone;baixa;treino
ATE-02157;Oi, não consigo entrar no portal Como resolvo?;suporte_tecnico;telefone;alta;treino
ATE-02158;Gente, tenho dúvida sobre um registro, mas o que preciso resolver primeiro é que o valor da parcela está diferente.;financeiro;email;media;validacao
ATE-02159;Gente, venho informar, quero orientação sobre uma situação com uma disciplina. Além disso, quero saber sobre a emissão de declaração. Agradeço se puderem olhar isso;secretaria_academica;portal;media;treino
ATE-02160;registro a seguinte situação: o sistema fecha antes de concluir a operação.;suporte_tecnico;telefone;alta;treino
ATE-02161;Antes de enviar outro pedido, quero confirmar a multa de um empréstimo atrasado.;biblioteca;telefone;alta;treino
ATE-02162;Pessoal, preciso falar com a coordenação sobre meu planejamento acadêmico. Podem verificar?;coordenacao;portal;media;treino
ATE-02163;Preciso avaliar uma situação excepcional no meu percurso acadêmico, desde o começo da semana.;coordenacao;portal;alta;treino
ATE-02164;meu nome saiu incorreto em um documento acadêmico?;secretaria_academica;presencial;baixa;treino
ATE-02165;Preciso da segunda via do boleto, depois de tentar pelo portal.;financeiro;portal;media;treino
ATE-02166;Meu acesso está bloqueado.;suporte_tecnico;email;alta;validacao
ATE-02167;Oi, quero negociar uma pendência financeira e, em paralelo, também tenho uma pendência de empréstimo. Isso pode ser verificado, por favor?;financeiro;presencial;media;treino
ATE-02168;preciso de informações sobre vencimento e juros.;financeiro;chat;media;treino
ATE-02169;Oi, venho informar, a página apresenta erro quando tento acessar. Além disso, quero conversar sobre pré-requisitos e sequência de disciplinas. Conseguem me orientar?;coordenacao;telefone;media;treino
ATE-02170;Olá, alguém consegue me ajudar, meu pagamento ainda não foi reconhecido? Isso pode ser verificado, por favor?;financeiro;telefone;media;treino
ATE-02171;Oi, preciso conferir um livro, mas o que preciso resolver primeiro é que o aplicativo não carrega;suporte_tecnico;email;alta;validacao
ATE-02172;Venho informar, o sistema fecha antes de concluir a operação e, em paralelo, quero discutir uma decisão acadêmica. Isso pode ser verificado, por favor?;suporte_tecnico;email;media;treino
ATE-02173;alguém consegue me ajudar, quero entender o procedimento de trancamento. podem verificar?;secretaria_academica;telefone;baixa;treino
ATE-02174;Quero reservar um exemplar. Isso aconteceu para organizar minha situação.;biblioteca;telefone;alta;treino
ATE-02175;Minha senha não funciona? Obrigada.;suporte_tecnico;presencial;alta;treino
ATE-02176;olá, quero saber sobre a emissão de declaração? conseguem me orientar?;secretaria_academica;telefone;baixa;treino
ATE-02177;Queria uma orientação, quero reservar um exemplar e, em paralelo, não consigo acessar uma tela do sistema.;biblioteca;presencial;baixa;treino
ATE-02178;Na solicitação que abri recentemente, quero saber sobre a emissão de declaração.;secretaria_academica;chat;media;treino
ATE-02179;o boleto continua pendente, mas o que preciso resolver primeiro é que minha matrícula n aparece corretamente.;secretaria_academica;chat;media;teste
ATE-02180;O aplicativo não carrega e, em paralelo, minha matricula mostra uma informação estranha.;suporte_tecnico;telefone;media;treino
ATE-02181;"Então, quero confirmar a multa de um empréstimo atrasado; além disso, também apareceu uma cobrança que não reconheço";biblioteca;email;baixa;treino
ATE-02182;"Então, o comprovante foi enviado, mas o débito continua aberto; além disso, quero discutir uma decisão acadêmica!";financeiro;chat;baixa;treino
ATE-02183;Gostaria de solicitar apoio: quero negociar uma pendência financeira;financeiro;telefone;media;treino
ATE-02184;"Aparece uma mensagem de erro toda vez que faço login; situação observada antes do início das aulas.";suporte_tecnico;presencial;media;treino
ATE-02185;O comprovante foi enviado, mas o débito continua aberto Conseguem me orientar?!;financeiro;portal;alta;treino
ATE-02186;Só queria entender, não consigo acessar uma tela do sistema, mas o que preciso resolver primeiro é que preciso atualizar um documento da matrícula. Conseguem me orientar?;secretaria_academica;telefone;media;treino
ATE-02187;só queria entender, não consigo acessar uma tela do sistema, mas o que preciso resolver primeiro é que um livro devolvido ainda aparece comigo. conseguem me orientar?;biblioteca;portal;media;treino
ATE-02188;Também preciso confirmar um documento acadêmico. Minha solicitação principal é: a página apresenta erro quando tento acessar.;suporte_tecnico;telefone;baixa;treino
ATE-02189;"boa tarde, não consigo acessar um artigo pelo portal da biblioteca; além disso, também preciso confirmar um documento acadêmico. obrigado.";biblioteca;telefone;media;validacao
ATE-02190;"Quero entender o procedimento de trancamento; além disso, o portal também está dando erro.";secretaria_academica;presencial;media;treino
ATE-02191;Não consigo acessar uma tela do sistema, mas o que preciso resolver primeiro é que preciso confirmar um estorno.;financeiro;portal;media;treino
ATE-02192;o portal tbm está dando erro, mas o que preciso resolver primeiro é que um livro devolvido ainda aparece comigo. 🙂;biblioteca;telefone;media;teste
ATE-02193;Não consigo anexar o arquivo no portal e, em paralelo, minha matrícula mostra uma informação estranha.;suporte_tecnico;presencial;baixa;treino
ATE-02194;preciso conferir um livro, mas o que preciso resolver primeiro é que o aplicativo não carrega.;suporte_tecnico;presencial;media;treino
ATE-02195;Oi, minha senha não funciona?;suporte_tecnico;chat;alta;treino
ATE-02196;"Gente, a devolução de um livro ainda não foi registrada; além disso, também preciso confirmar um documento acadêmico.";biblioteca;email;media;validacao
ATE-02197;PRECISO SOLICITAR UM HISTÓRICO ESCOLAR, MAS TENHO AINDA OUTRA QUESTÃO: NÃO CONSIGO ACESSAR UM ARTIGO PELO PORTAL DA BIBLIOTECA;secretaria_academica;telefone;baixa;teste
ATE-02198;"Oi, preciso de informações sobre vencimento e juros; além disso, o acesso à biblioteca digital falhou.";financeiro;portal;media;treino
ATE-02199;boa tarde, também preciso de orientação sobre uma disciplina, mas o q preciso resolver primeiro é q meu acesso está bloqueado. obrigada. 😤;suporte_tecnico;email;media;treino
ATE-02200;"Oi, preciso renovar um livro; além disso, quero discutir uma decisão acadêmica.";biblioteca;telefone;alta;teste
ATE-02201;Antes do prazo informado, o sistema fecha antes de concluir a operação.;suporte_tecnico;presencial;baixa;treino
ATE-02202;Antes do início das aulas, quero saber se um título está disponível.;biblioteca;email;media;teste
ATE-02203;Também preciso de orientação sobre uma disciplina. Minha solicitação principal é: não consigo acessar a base de periódicos;biblioteca;portal;media;treino
ATE-02204;Solicito orientação: preciso corrigir meus dados acadêmicos?;secretaria_academica;telefone;baixa;validacao
ATE-02205;o link de recuperação de senha não chega.;suporte_tecnico;telefone;media;validacao
ATE-02206;"Quero entender o procedimento de trancamento; situação observada antes do início das aulas.";secretaria_academica;chat;baixa;treino
ATE-02207;Solicito orientação: alguém consegue me ajudar, minha matrícula não aparece corretamente e, em paralelo, o portal também está dando erro. Agradeço se puderem olhar isso.;secretaria_academica;telefone;baixa;treino
ATE-02208;Por favor, preciso conversar sobre a organização da minha grade.;coordenacao;chat;baixa;teste
ATE-02209;Meu login falha às vezes. Minha solicitação principal é: o comprovante foi enviado, mas o débito continua aberto.;financeiro;telefone;baixa;teste
ATE-02210;"Quero orientação acadêmica antes de escolher as próximas matérias; além disso, meu login falha às vezes.";coordenacao;presencial;baixa;treino
ATE-02211;Alguém consegue me ajudar, meu nome saiu incorreto em um documento acadêmico e também o sistema fecha antes de concluir a operação. Conseguem me orientar?;secretaria_academica;telefone;alta;teste
ATE-02212;Olá, pessoal, fiz o pagamento e ainda aparece pendência. Podem verificar?;financeiro;presencial;alta;treino
ATE-02213;Solicito orientação: também preciso de orientação sobre uma disciplina, mas o que preciso resolver primeiro é que quero reservar um exemplar.;biblioteca;portal;media;treino
ATE-02214;Venho informar, meu acesso está bloqueado?;suporte_tecnico;email;media;treino
ATE-02215;Bom dia, minha matrícula não aparece corretamente?;secretaria_academica;email;baixa;teste
ATE-02216;SÓ QUERIA ENTENDER, O PORTAL TAMBÉM ESTÁ DANDO ERRO. MINHA SOLICITAÇÃO PRINCIPAL É: UMA DISCIPLINA NÃO CONSTA NO MEU REGISTRO. OBRIGADA.;secretaria_academica;chat;media;treino
ATE-02217;Por favor, tenho dúvida sobre um registro, mas o que preciso resolver primeiro é que preciso de informações sobre vencimento e juros.;financeiro;email;media;treino
ATE-02218;Oi, alguém consegue me ajudar, o sistema fecha antes de concluir a operação. Como resolvo?;suporte_tecnico;telefone;alta;treino
ATE-02219;"MEU ACESSO ESTÁ BLOQUEADO; AO MESMO TEMPO, PRECISO CORRIGIR MEUS DADOS ACADÊMICOS.";secretaria_academica;portal;media;treino
ATE-02220;Quero conversar sobre pré-requisitos e sequência de disciplinas. Isso aconteceu para organizar minha situação.;coordenacao;chat;alta;treino
ATE-02221;preciso de orientação sobre uma decisão acadêmica que nao é apenas cadastral.;coordenacao;telefone;baixa;validacao
ATE-02222;Preciso discutir equivalência de conteúdo entre disciplinas e, em paralelo, também apareceu uma cobrança que não reconheço!;coordenacao;chat;media;treino
ATE-02223;O portal também está dando erro, mas o que preciso resolver primeiro é que fiz o pagamento e ainda aparece pendência.;financeiro;chat;baixa;treino
ATE-02224;Oi, meu pagamento ainda não foi reconhecido?;financeiro;chat;alta;treino
ATE-02225;"Olá, queria uma orientação, não consigo abrir o ambiente virtual; além disso, tenho dúvida sobre um registro. Agradeço se puderem olhar isso";suporte_tecnico;presencial;alta;treino
ATE-02226;Preciso corrigir meus dados acadêmicos;secretaria_academica;chat;media;teste
ATE-02227;Oi, preciso atualizar um documento da matricula.;secretaria_academica;email;media;treino
ATE-02228;Boa tarde, minha matrícula não aparece corretamente? Agradeço se puderem olhar isso.;secretaria_academica;chat;media;validacao
ATE-02229;Pessoal, preciso corrigir meus dados acadêmicos? Podem verificar?;secretaria_academica;portal;media;treino
ATE-02230;"Preciso conversar sobre a organização da minha grade; ao mesmo tempo, preciso da segunda via do boleto.";financeiro;portal;alta;treino
ATE-02231;Preciso falar com a coordenação sobre meu planejamento acadêmico, desde ontem.;coordenacao;email;media;treino
ATE-02232;Não consigo acessar a base de periódicos, antes de enviar outro pedido.;biblioteca;presencial;baixa;validacao
ATE-02233;o sistema fecha antes de concluir a operação, nesta semana.;suporte_tecnico;portal;baixa;treino
ATE-02234;queria uma orientação, fiz o pagamento e ainda aparece pendência. além disso, preciso consultar uma pendência de empréstimo. agradeço se puderem olhar isso.;biblioteca;email;baixa;teste
ATE-02235;Então, estou com uma dúvida, preciso corrigir meus dados acadêmicos Obrigada.;secretaria_academica;presencial;baixa;treino
ATE-02236;Só queria entender, quero entender o procedimento de trancamento e também meu acesso está bloqueado. Como resolvo?;secretaria_academica;email;media;validacao
ATE-02237;Registro a seguinte situação: preciso confirmar um estorno?;financeiro;chat;media;treino
ATE-02238;gostaria de registrar, preciso conferir um livro, mas o que preciso resolver primeiro é que quero informações sobre calendário de matrícula. obrigado;secretaria_academica;email;baixa;validacao
ATE-02239;Não consigo entrar no portal.;suporte_tecnico;portal;baixa;treino
ATE-02240;Olá, alguém consegue me ajudar, não consigo acessar um artigo pelo portal da biblioteca e, em paralelo, o portal também está dando erro. Conseguem me orientar?;biblioteca;chat;media;validacao
ATE-02241;"Quero negociar uma pendência financeira; situação observada antes do início das aulas.";financeiro;chat;baixa;validacao
ATE-02242;"Quero confirmar a multa de um empréstimo atrasado; além disso, não consigo acessar uma tela do sistema.";biblioteca;presencial;alta;treino
ATE-02243;Para conseguir seguir com o processo, não consigo anexar o arquivo no portal.;suporte_tecnico;telefone;baixa;teste
ATE-02244;"Registro a seguinte situação: venho informar, a devolução de um livro ainda não foi registrada; além disso, também apareceu uma cobrança que não reconheço. Obrigada.";biblioteca;chat;alta;treino
ATE-02245;"Preciso conversar sobre a organização da minha grade; situação observada desde o começo da semana.";coordenacao;email;baixa;treino
ATE-02246;Quero discutir uma situação pedagógica com a turma e, em paralelo, o portal também está dando erro.;coordenacao;chat;media;treino
ATE-02247;venho informar, não consigo acessar um artigo pelo portal da biblioteca e também não consigo abrir o ambiente virtual. preciso de um retorno.;biblioteca;telefone;baixa;teste
ATE-02248;pessoal, preciso da segunda via do boleto preciso de um retorno;financeiro;chat;baixa;treino
ATE-02249;O portal também está dando erro, mas o que preciso resolver primeiro é que o comprovante foi enviado, mas o débito continua aberto.;financeiro;telefone;baixa;treino
ATE-02250;Gostaria de solicitar apoio: o boleto continua pendente. Minha solicitação principal é: tenho um problema recorrente em uma turma e preciso de orientação.;coordenacao;portal;alta;teste
ATE-02251;Olá, há uma questão pedagógica que preciso avaliar. Minha solicitação principal é: preciso saber o horário de atendimento da biblioteca.;biblioteca;email;media;treino
ATE-02252;Preciso de informações sobre vencimento e juros.;financeiro;telefone;media;teste
ATE-02253;Não consigo anexar o arquivo no portal. Isso aconteceu nesta semana.;suporte_tecnico;email;baixa;treino
ATE-02254;Oi, quero confirmar o status da rematrícula? Fico no aguardo.;secretaria_academica;portal;media;teste
ATE-02255;Boa tarde, tenho um problema recorrente em uma turma e preciso de orientação? Isso pode ser verificado, por favor?;coordenacao;portal;alta;validacao
ATE-02256;preciso saber o horário de atendimento da biblioteca?!!!;biblioteca;email;baixa;treino
ATE-02257;"Preciso discutir equivalência de conteúdo entre disciplinas; além disso, também apareceu uma cobrança que não reconheço. Preciso de um retorno.";coordenacao;chat;media;treino
ATE-02258;Oi, quero negociar uma pendência financeira e também não consigo abrir o ambiente virtual.;financeiro;portal;alta;teste
ATE-02259;"boa tarde, o sistema fecha antes de concluir a operação; ao mesmo tempo, preciso saber o horário de atendimento da biblioteca. podem verificar?";biblioteca;email;media;teste
ATE-02260;Então, boa tarde, não consigo visualizar o boleto deste mês. Fico no aguardo.;financeiro;presencial;media;treino
ATE-02261;Também preciso de orientação sobre uma disciplina, mas o que preciso resolver primeiro é que a página apresenta erro quando tento acessar.;suporte_tecnico;presencial;baixa;teste
ATE-02262;Por favor, pessoal, preciso solicitar um histórico escolar, mas tenho ainda outra questão: aparece uma mensagem de erro toda vez que faço login. Podem verificar?;secretaria_academica;portal;alta;treino
ATE-02263;Gente, preciso consultar uma pendência de empréstimo e, em paralelo, há uma questão pedagógica que preciso avaliar.;biblioteca;telefone;baixa;teste
ATE-02264;preciso atualizar um documento da matrícula preciso de um retorno!!!;secretaria_academica;portal;alta;treino
ATE-02265;O comprovante foi enviado, mas o débito continua aberto. Isso aconteceu desde o começo da semana.;financeiro;email;alta;treino
ATE-02266;Não consigo anexar o arquivo no portal, mas tenho ainda outra questão: preciso confirmar um estorno.;suporte_tecnico;email;media;treino
ATE-02267;Solicito orientação: o valor da parcela está diferente e também a plataforma fica em tela branca.;financeiro;chat;alta;teste
ATE-02268;"Gostaria de registrar, quero orientação acadêmica antes de escolher as próximas matérias; ao mesmo tempo, não consigo acessar a base de periódicos. Fico no aguardo.";biblioteca;email;media;teste
ATE-02269;"Preciso confirmar um estorno; além disso, não consigo acessar uma tela do sistema.";financeiro;email;media;validacao
ATE-02270;Depois de consultar as orientações disponíveis, meu acesso está bloqueado.;suporte_tecnico;telefone;media;validacao
ATE-02271;Boa tarde, meu nome saiu incorreto em um documento acadêmico. Agradeço se puderem olhar isso;secretaria_academica;presencial;media;teste
ATE-02272;"Quero confirmar a multa de um empréstimo atrasado; ao mesmo tempo, o aplicativo não carrega.";suporte_tecnico;chat;baixa;validacao
ATE-02273;Por favor, preciso consultar uma pendência de empréstimo e, em paralelo, o boleto continua pendente. Agradeço se puderem olhar isso.;biblioteca;chat;media;treino
ATE-02274;Quero confirmar o status da rematrícula. Isso aconteceu antes de enviar outro pedido.;secretaria_academica;presencial;media;teste
ATE-02275;n consigo acessar um artigo pelo portal da biblioteca?;biblioteca;portal;alta;treino
ATE-02276;Quero discutir uma situação pedagógica com a turma, mas tenho ainda outra questão: preciso solicitar um histórico escolar.;coordenacao;chat;media;treino
ATE-02277;Uma disciplina nao consta no meu registro;secretaria_academica;portal;alta;teste
ATE-02278;só queria entender, tambem preciso de orientação sobre uma disciplina, mas o que preciso resolver primeiro é que preciso corrigir meus dados acadêmicos. conseguem me orientar?;secretaria_academica;chat;alta;treino
ATE-02279;"Preciso corrigir meus dados acadêmicos; além disso, o acesso à biblioteca digital falhou; situação observada desde ontem.";secretaria_academica;telefone;baixa;treino
ATE-02280;O comprovante foi enviado, mas o débito continua aberto, antes da próxima aula.;financeiro;chat;alta;teste
ATE-02281;"Quero saber se um título está disponível; preciso de retorno.";biblioteca;chat;alta;treino
ATE-02282;"quero entender o procedimento de trancamento; situação observada para resolver ainda este mês.";secretaria_academica;presencial;media;treino
ATE-02283;quero discutir uma situação pedagógica com a turma;coordenacao;chat;alta;teste
ATE-02284;"Preciso solicitar aproveitamento de documentação já entregue; além disso, o boleto continua pendente.";secretaria_academica;portal;baixa;treino
ATE-02285;"Preciso atualizar um documento da matrícula; ao mesmo tempo, não consigo acessar a base de periódicos.";biblioteca;presencial;alta;teste
ATE-02286;Minha senha não funciona e, em paralelo, minha matrícula mostra uma informação estranha.;suporte_tecnico;telefone;media;treino
ATE-02287;O comprovante foi enviado, mas o débito continua aberto, para conseguir seguir com o processo.;financeiro;portal;baixa;treino
ATE-02288;estou com uma dúvida, tenho dúvida sobre um pagamento minha solicitação principal é: minha senha não funçiona obrigado;suporte_tecnico;email;alta;treino
ATE-02289;A devolução de um livro ainda não foi registrada. Isso aconteceu depois de tentar pelo portal.;biblioteca;email;baixa;treino
ATE-02290;um livro devolvido ainda aparece comigo!;biblioteca;email;media;treino
ATE-02291;Também tenho uma pendência de empréstimo. Minha solicitação principal é: não consigo visualizar o boletoo deste mês.;financeiro;telefone;baixa;treino
ATE-02292;O sistema fecha antes de concluir a operação, depois de consultar as orientações disponíveis.;suporte_tecnico;telefone;baixa;teste
ATE-02293;Gostaria de registrar, preciso solicitar um histórico escolar e também não consigo anexar o arquivo no portal. Como resolvo?;secretaria_academica;presencial;media;treino
ATE-02294;alguém consegue me ajudar, preciso corrigir meus dados acadêmicos conseguem me orientar;secretaria_academica;presencial;alta;treino
ATE-02295;Gostaria de solicitar apoio: oi, a plataforma fica em tela branca Obrigado.;suporte_tecnico;telefone;alta;treino
ATE-02296;Só queria entender, preciso da segunda via do boleto, mas tenho ainda outra questão: não consigo abrir o ambiente virtual. Podem verificar?;financeiro;portal;alta;treino
ATE-02297;Oi, minha senha nao funciona? Podem verificar?;suporte_tecnico;telefone;media;teste
ATE-02298;Gostaria de registrar, não consigo acessar um artigo pelo portal da biblioteca Obrigado.;biblioteca;chat;media;treino
ATE-02299;Por favor, não consigo anexar o arquivo no portal e, em paralelo, preciso conferir um livro.;suporte_tecnico;presencial;media;treino
ATE-02300;Meu acesso está bloqueado;suporte_tecnico;portal;baixa;treino
ATE-02301;Então, o desconto da mensalidade não apareceu.;financeiro;presencial;media;teste
ATE-02302;"Por favor, quero entender uma cobrança na mensalidade; além disso, também preciso confirmar um documento acadêmico.";financeiro;telefone;media;treino
ATE-02303;Oi, preciso solicitar um histórico escolar.;secretaria_academica;email;baixa;treino
ATE-02304;Meu acesso está bloqueado?;suporte_tecnico;email;alta;treino
ATE-02305;"POR FAVOR, NÃO CONSIGO ANEXAR O ARQUIVO NO PORTAL; ALÉM DISSO, QUERO DISCUTIR UMA DECISÃO ACADÊMICA Podem verificar?";suporte_tecnico;chat;alta;treino
ATE-02306;Pessoal, meu acesso está bloqueado. Agradeço se puderem olhar isso.;suporte_tecnico;email;alta;teste
ATE-02307;O aplicativo não carrega. Isso aconteceu para resolver ainda este mês.;suporte_tecnico;telefone;alta;teste
ATE-02308;queria uma orientação, a plataforma fica em tela branca. conseguem me orientar?;suporte_tecnico;chat;alta;treino
ATE-02309;Depois de tentar pelo portal, o desconto da mensalidade não apareceu.;financeiro;chat;baixa;treino
ATE-02310;preciso da segunda via do boleto?;financeiro;portal;media;treino
ATE-02311;Depois de tentar pelo portal, uma disciplina nao consta no meu registro.;secretaria_academica;presencial;baixa;treino
ATE-02312;preciso de ajuda, o comprovante foi enviado, mas o débito continua aberto. preciso de um retorno.;financeiro;telefone;media;treino
ATE-02313;Preciso saber o horário de atendimnto da biblioteca e, em paralelo, não consigo acessar uma tela do sistema.;biblioteca;telefone;media;teste
ATE-02314;"Preciso discutir equivalência de conteúdo entre disciplinas; situação observada no semestre atual.";coordenacao;presencial;alta;teste
ATE-02315;oi, quero informações sobre calendário de matrícula e, em paralelo, tenho dúvida sobre um pagamento. obrigada.;secretaria_academica;chat;media;treino
ATE-02316;Boa tarde, quero saber sobre a emissão de declaração Como resolvo?;secretaria_academica;telefone;alta;treino
ATE-02317;quero orientação sobre uma situação com uma disciplina? 🙂;coordenacao;chat;media;treino
ATE-02318;por favor, preciso de orientação sobre uma decisão acadêmica q não é apenas cadastral? preciso de um retorno.;coordenacao;presencial;alta;treino
ATE-02319;Bom dia, minha matrícula mostra uma informação estranha. Minha solicitação principal é: quero entender uma cobrança na mensalidade. Obrigado!;financeiro;presencial;alta;treino
ATE-02320;Venho informar, a página apresenta erro quando tento acessar. Podem verificar?;suporte_tecnico;presencial;baixa;teste
ATE-02321;Então, preciso de informações sobre vencimento e juros e também um livro devolvido ainda aparece comigo.;financeiro;presencial;media;teste
ATE-02322;O desconto da mensalidade não apareceu e também quero orientação sobre uma situação com uma disciplina.;financeiro;chat;media;treino
ATE-02323;preciso corrigir meus dados acadêmicos;secretaria_academica;email;baixa;teste
ATE-02324;"Gostaria de solicitar apoio: preciso confirmar um estorno. Além disso, a plataforma fica em tela branca; preciso de retorno.";suporte_tecnico;portal;media;treino
ATE-02325;tenho dúvida sobre um registro, mas o q preciso resolver primeiro é q preciso consultar uma pendência de empréstimo!;biblioteca;presencial;alta;treino
ATE-02326;Então, não consigo acessar uma tela do sistema, mas o que preciso resolver primeiro é que preciso saber o horário de atendimento da biblioteca.;biblioteca;telefone;baixa;treino
ATE-02327;Não consigo abrir o ambiente virtual. Isso aconteceu na solicitação que abri recentemente.;suporte_tecnico;email;alta;teste
ATE-02328;"Gente, tenho um problema recorrente em uma turma e preciso de orientação; além disso, o acesso à biblioteca digital falhou.";coordenacao;chat;media;treino
ATE-02329;Preciso de ajuda, preciso de orientação sobre uma decisão acadêmica que não é apenas cadastral, mas tenho ainda outra questão: o valor da parcela está diferente. Como resolvo?;coordenacao;chat;baixa;treino
ATE-02330;preciso atualizar um documento da matrícula;secretaria_academica;telefone;media;teste
ATE-02331;preciso solicitar um histórico escolar, desde a última atualização do sistema.;secretaria_academica;email;media;treino
ATE-02332;"preciso conversar sobre a organização da minha grade; além disso, o boleto continua pendente.";coordenacao;chat;alta;treino
ATE-02333;quero reservar um exemplar.;biblioteca;email;baixa;validacao
ATE-02334;"Preciso solicitar um histórico escolar; além disso, o boleto continua pendente!";secretaria_academica;portal;media;treino
ATE-02335;Preciso saber o horário de atendimento da biblioteca e, em paralelo, tenho dúvida sobre um pagamento.;biblioteca;telefone;baixa;validacao
ATE-02336;preciso de informações sobre vencimento e juros;financeiro;portal;media;teste
ATE-02337;Por favor, preciso solicitar um histórico escolar, desde o começo da semana.;secretaria_academica;presencial;media;treino
ATE-02338;Oi, a plataforma fica em tela branca e, em paralelo, quero discutir uma decisão acadêmica.;suporte_tecnico;portal;media;treino
ATE-02339;minha matrícula não aparece corretamente;secretaria_academica;portal;media;treino
ATE-02340;"Só queria entender, preciso de informações sobre vencimento e juros; além disso, também tenho uma pendência de empréstimo. Obrigada.";financeiro;presencial;baixa;treino
ATE-02341;Minha matrícula mostra uma informação estranha, mas o que preciso resolver primeiro é que fiz o pagamento e ainda aparece pendência.;financeiro;portal;media;treino
ATE-02342;Quero entender uma cobrança na mensalidade Isso pode ser verificado, por favor?;financeiro;portal;media;treino
ATE-02343;"Gostaria de registrar, minha matrícula não aparece corretamente; além disso, meu login falha às vezes.";secretaria_academica;chat;baixa;validacao
ATE-02344;Por favor, a devoluçao de um livro ainda não foi registrada Isso pode ser verificado, por favor?;biblioteca;presencial;media;validacao
ATE-02345;Solicito orientação: o link de recuperação de senha não chega e, em paralelo, também preciso de orientação sobre uma disciplina.;suporte_tecnico;presencial;media;validacao
ATE-02346;O comprovante foi enviado, mas o débito continua aberto e também a plataforma fica em tela branca;financeiro;telefone;alta;treino
ATE-02347;Registro a seguinte situação: quero discutir uma decisão acadêmica, mas o que preciso resolver primeiro é que quero informações sobre calendário de matrícula.;secretaria_academica;telefone;media;treino
ATE-02348;há uma questão pedagógica que preciso avaliar, mas o que preciso resolver primeiro é que preciso saber o horário de atendimento da biblioteca.;biblioteca;email;baixa;treino
ATE-02349;"Preciso falar com a coordenação sobre meu planejamento acadêmico; além disso, o portal também está dando erro Podem verificar?";coordenacao;chat;media;treino
ATE-02350;O link de recuperação de senha não chega. Além disso, preciso da segunda via do boleto.;financeiro;presencial;alta;validacao
ATE-02351;A plataforma fica em tela branca?;suporte_tecnico;chat;media;treino
ATE-02352;Queria uma orientação, o comprovante foi enviado, mas o débito continua aberto Obrigado.;financeiro;chat;media;treino
ATE-02353;Olá, o aplicativo não carrega? Preciso de um retorno.;suporte_tecnico;presencial;baixa;validacao
ATE-02354;Solicito orientação: o acesso à biblioteca digital falhou. Minha solicitação principal é: quero orientação sobre uma situação com uma disciplina.;coordenacao;telefone;media;treino
ATE-02355;Estou com uma dúvida, tenho um problema recorrente em uma turma e preciso de orientação. Conseguem me orientar?;coordenacao;presencial;baixa;treino
ATE-02356;"Preciso solicitar aproveitamento de documentação já entregue; situação observada desde a última atualização do sistema.";secretaria_academica;presencial;media;treino
ATE-02357;olá, tenho dúvida sobre um pagamento, mas o que preciso resolver primeiro é que não consigo anexar o arquivo no portal. conseguem me orientar?;suporte_tecnico;presencial;alta;treino
ATE-02358;"A plataforma fica em tela branca; além disso, minha matrícula mostra uma informação estranha";suporte_tecnico;presencial;media;validacao
ATE-02359;Não consigo anexar o arquivo no portal e também quero reservar um exemplar;suporte_tecnico;email;media;treino
ATE-02360;Por favor, também preciso de orientação sobre uma disciplina. Minha solicitação principal é: o comprovante foi enviado, mas o débito continua aberto.;financeiro;email;media;treino
ATE-02361;Também apareceu uma cobrança que não reconheço. Minha solicitação principal é: não consigo entrar no portal.;suporte_tecnico;presencial;baixa;treino
ATE-02362;"preciso confirmar um estorno; além disso, quero discutir uma decisão acadêmica.";financeiro;email;media;treino
ATE-02363;n consigo acessar a base de periódicos;biblioteca;telefone;baixa;treino
ATE-02364;Meu pagamento ainda não foi reconhecido?;financeiro;presencial;baixa;treino
ATE-02365;;financeiro;portal;media;treino
ATE-02366;Preciso avaliar uma situação excepcional no meu percurso acadêmico, antes de enviar outro pedido.;coordenacao;chat;media;treino
ATE-02367;Bom dia, não consigo entrar no portal? Preciso de um retorno.;suporte_tecnico;email;media;validacao
ATE-02368;Então, quero informações sobre calendário de matricula, mas tenho ainda outra questão: o aplicativo não carrega.;secretaria_academica;portal;media;treino
ATE-02369;quero reservar um exemplar e também preciso confirmar um estorno.;biblioteca;telefone;alta;teste
ATE-02370;quero saber sobre a emissão de declaração e, em paralelo, o boleto continua pendente.;secretaria_academica;presencial;alta;treino
ATE-02371;"Quero confirmar o status da rematrícula; além disso, meu login falha às vezes.";secretaria_academica;presencial;baixa;teste
ATE-02372;"Preciso discutir equivalência de conteúdo entre disciplinas; além disso, tenho dúvida sobre um pagamento.";coordenacao;chat;media;treino
ATE-02373;Preciso de informações sobre vencimento e juros, depois de tentar pelo portal.;financeiro;telefone;media;teste
ATE-02374;Tenho um problema recorrente em uma turma e preciso de orientação. Isso aconteceu depois de tentar pelo portal.;coordenacao;presencial;alta;treino
ATE-02375;"Quero confirmar o status da rematrícula; ao mesmo tempo, não consigo acessar a base de periódicos.";biblioteca;email;media;validacao
ATE-02376;Registro a seguinte situação: preciso de informações sobre vencimento e juros e também preciso avaliar uma situação excepcional no meu percurso acadêmico.;financeiro;email;alta;treino
ATE-02377;preciso da segunda via do boleto?;financeiro;presencial;media;treino
ATE-02378;Quero entender o procedimento de trancamento. Isso aconteceu para organizar minha situação.;secretaria_academica;email;baixa;teste
ATE-02379;Tenho um problema recorrente em uma turma e preciso de orientação. Isso aconteceu antes de enviar outro pedido.;coordenacao;portal;media;treino
ATE-02380;Oi, queria uma orientação, quero conversar sobre pré-requisitos e sequência de disciplinas. Obrigado.;coordenacao;chat;media;treino
ATE-02381;"pessoal, quero orientação acadêmica antes de escolher as próximas matérias; ao mesmo tempo, preciso corrigir meus dados acadêmicos preciso de um retorno";secretaria_academica;email;media;treino
ATE-02382;preciso solicitar um histórico escolar!;secretaria_academica;telefone;baixa;treino
ATE-02383;Olá, queria uma orientação, quero discutir uma situação pedagógica com a turma e, em paralelo, também tenho uma pendência de empréstimo. Como resolvo?;coordenacao;portal;baixa;treino
ATE-02384;"Estou com uma dúvida, quero entender uma cobrança na mensalidade; além disso, não consigo acessar uma tela do sistema. Conseguem me orientar?";financeiro;presencial;baixa;treino
ATE-02385;"Solicito orientação: tenho um problema recorrente em uma turma e preciso de orientação; ao mesmo tempo, a plataforma fica em tela branca.";suporte_tecnico;chat;media;teste
ATE-02386;também preciso de orientação sobre uma disciplina, mas o que preciso resolver primeiro é que a plataforma fica em tela branca.;suporte_tecnico;email;media;teste
ATE-02387;Antes de enviar outro pedido, uma disciplina não consta no meu registro.;secretaria_academica;telefone;media;treino
ATE-02388;"Então, alguém consegue me ajudar, preciso conversar sobre a organização da minha grade; ao mesmo tempo, minha senha não funciona. Obrigada; preciso de retorno.";suporte_tecnico;portal;media;treino
ATE-02389;preciso da segunda via do boleto e, em paralelo, há uma questão pedagógica que preciso avaliar;financeiro;email;baixa;treino
ATE-02390;ENTÃO, FIZ O PAGAMENTO E AINDA APARECE PENDÊNCIA?;financeiro;email;alta;teste
ATE-02391;Preciso atualizar um documento da matrícula e, em paralelo, também tenho uma pendência de empréstimo.;secretaria_academica;chat;media;treino
ATE-02392;Para resolver ainda este mês, meu pagamento ainda não foi reconhecido.;financeiro;portal;baixa;treino
ATE-02393;Não consigo abrir o ambiente virtual;suporte_tecnico;chat;alta;treino
ATE-02394;Oi, o aceso à biblioteca digital falhou, mas o que preciso resolver primeiro é que preciso corrigir meus dados acadêmicos.;secretaria_academica;chat;baixa;treino
ATE-02395;quero saber se um título está disponível e também não consigo anexar o arquivo no portal;biblioteca;portal;alta;teste
ATE-02396;Olá, preciso confirmar um estorno e, em paralelo, há uma questão pedagógica que preciso avaliar. Fico no aguardo.;financeiro;presencial;baixa;validacao
ATE-02397;O link de recuperação de senha não chega, mas tenho ainda outra questão: quero conversar sobre pré-requisitos e sequência de disciplinas.;suporte_tecnico;email;alta;treino
ATE-02398;O boleto continua pendente, mas o que preciso resolver primeiro é que não consigo entrar no portal Podem verificar?;suporte_tecnico;email;alta;treino
ATE-02399;Tenho dúvida sobre um registro, mas o que preciso resolver primeiro é que minha senha não funciona.;suporte_tecnico;email;baixa;validacao
ATE-02400;"Não consigo anexar o arquivo no portal; ao mesmo tempo, quero saber sobre a emissão de declaração.";secretaria_academica;telefone;alta;treino
ATE-02401;Minha senha não funçiona e, em paralelo, tenho dúvida sobre um pagamento.;suporte_tecnico;portal;baixa;treino
ATE-02402;Preciso de ajuda, há uma questão pedagógica que preciso avaliar, mas o que preciso resolver primeiro é que minha senha não funçiona. Podem verificar?;suporte_tecnico;chat;baixa;treino
ATE-02403;"quero informações sobre calendário de matrícula; situação observada desde ontem.";secretaria_academica;portal;baixa;validacao
ATE-02404;"Preciso saber o horário de atendimento da biblioteca; além disso, tenho dúvida sobre um registro, depois de tentar pelo portal.";biblioteca;telefone;media;treino
ATE-02405;alguém consegue me ajudar, o boleto continua pendente minha solicitação principal é: quero entender o procedimento de trancamento obrigada;secretaria_academica;portal;alta;validacao
ATE-02406;Quero entender o procedimento de trancamento. Isso aconteceu no semestre atual.;secretaria_academica;chat;media;teste
ATE-02407;Olá, o aplicativo não carrega;suporte_tecnico;portal;alta;treino
ATE-02408;Antes do início das aulas, não consigo acessar um artigo pelo portal da biblioteca.;biblioteca;email;media;treino
ATE-02409;Não consigo acessar a base de periódicos. Isso aconteceu antes do prazo informado.;biblioteca;chat;alta;treino
ATE-02410;Nesta semana, preciso conversar sobre a organização da minha grade.;coordenacao;telefone;alta;validacao
ATE-02411;"quero discutir uma situação pedagógica com a turma; ao mesmo tempo, minha matrícula não aparece corretamente.";secretaria_academica;presencial;baixa;treino
ATE-02412;"Quero saber se um título está disponível; além disso, quero discutir uma decisão acadêmica.";biblioteca;chat;baixa;treino
ATE-02413;Por favor, não consigo entrar no portal.;suporte_tecnico;portal;media;validacao
ATE-02414;Boa tarde, meu pagamento ainda não foi reconhecido? Obrigado;financeiro;email;media;treino
ATE-02415;Preciso falar com a coordenação sobre meu planejamento acadêmico Obrigado.;coordenacao;telefone;alta;treino
ATE-02416;"Preciso atualizar um documento da matrícula; situação observada depois de consultar as orientações disponíveis.";secretaria_academica;chat;baixa;treino
ATE-02417;Por favor, nao consigo acessar a base de periódicos.;biblioteca;telefone;baixa;teste
ATE-02418;gostaria de registrar, uma disciplina n consta no meu registro. como resolvo?;secretaria_academica;chat;baixa;treino
ATE-02419;"Quero discutir uma situação pedagógica com a turma; ao mesmo tempo, quero entender uma cobrança na mensalidade.";financeiro;presencial;baixa;treino
ATE-02420;Bom dia, não consigo entrar no portal?;suporte_tecnico;portal;baixa;treino
ATE-02421;Olá, tenho dúvida sobre um pagamento, mas o que preciso resolver primeiro é que quero informações sobre calendário de matrícula.;secretaria_academica;chat;baixa;teste
ATE-02422;Tenho dúvida sobre um pagamento, mas o que preciso resolver primeiro é que aparece uma mensagem de erro toda vez que faço login!;suporte_tecnico;presencial;media;teste
ATE-02423;Também tenho uma pendência de empréstimo. Minha solicitação principal é: quero entender o procedimento de trancamento.;secretaria_academica;portal;media;teste
ATE-02424;O desconto da mensalidade não apareceu? Isso pode ser verificado, por favor?;financeiro;chat;media;teste
ATE-02425;Preciso confirmar um estorno. Isso aconteceu desde ontem.;financeiro;chat;alta;treino
ATE-02426;Bom dia, há uma questão pedagógica que preciso avaliar. Minha solicitação principal é: a plataforma fica em tela branca. Obrigada.;suporte_tecnico;portal;baixa;treino
ATE-02427;"Solicito orientação: quero saber se um título está disponível; ao mesmo tempo, o link de recuperação de senha não chega.";suporte_tecnico;portal;alta;treino
ATE-02428;o valor da parcela está diferente!;financeiro;chat;alta;treino
ATE-02429;Registro a seguinte situação: venho informar, meu login falha às vezes, mas o que preciso resolver primeiro é que quero negociar uma pendência financeira. Fico no aguardo.;financeiro;chat;media;treino
ATE-02430;Gente, preciso corrigir meus dados acadêmicos, mas tenho ainda outra questão: quero reservar um exemplar.;secretaria_academica;email;media;treino
ATE-02431;Antes de enviar outro pedido, o desconto da mensalidade não apareceu.;financeiro;telefone;baixa;teste
ATE-02432;Preciso de informações sobre vencimento e juros Como resolvo?;financeiro;email;media;treino
ATE-02433;Então, pessoal, o desconto da mensalidade não apareceu Preciso de um retorno.;financeiro;presencial;media;teste
ATE-02434;Oi, olá, o desconto da mensalidade nao apareceu Isso pode ser verificado, por favor?;financeiro;telefone;baixa;treino
ATE-02435;Quero orientação acadêmica antes de escolher as próximas matérias;coordenacao;presencial;baixa;validacao
ATE-02436;preciso saber o horário de atendimento da biblioteca e, em paralelo, também preciso confirmar um documento acadêmico;biblioteca;presencial;media;teste
ATE-02437;Desde ontem, o comprovante foi enviado, mas o débito continua aberto.;financeiro;email;baixa;validacao
ATE-02438;oi, preciso conferir um livro, mas o que preciso resolver primeiro é que fiz o pagamento e ainda aparece pendência isso pode ser verificado, por favor;financeiro;telefone;baixa;validacao
ATE-02439;Depois de consultar as orientações disponíveis, preciso atualizar um documento da matrícula.;secretaria_academica;presencial;media;treino
ATE-02440;Preciso solicitar aproveitamento de documentação já entregue, para resolver ainda este mês.;secretaria_academica;portal;media;treino
ATE-02441;Por favor, quero confirmar o status da rematrícula. Isso aconteceu nesta semana.;secretaria_academica;email;alta;treino
ATE-02442;Boa tarde, o portal também está dando erro. Minha solicitação principal é: quero orientação sobre uma situação com uma disciplina. Podem verificar?;coordenacao;telefone;baixa;treino
ATE-02443;Olá, quero orientação acadêmica antes de escolher as próximas matérias e, em paralelo, minha matrícula mostra uma informação estranha.;coordenacao;portal;media;treino
ATE-02444;"Por favor, o link de recuperação de senha não chega; além disso, também tenho uma pendência de empréstimo.";suporte_tecnico;presencial;alta;treino
ATE-02445;aparece uma mensagem de erro toda vez que faço login. além disso, quero saber se um título está disponível.;biblioteca;chat;media;treino
ATE-02446;"O aplicativo não carrega; situação observada antes da próxima aula.";suporte_tecnico;telefone;alta;validacao
ATE-02447;"A plataforma fica em tela branca; situação observada antes do prazo informado.";suporte_tecnico;telefone;media;treino
ATE-02448;Também tenho uma pendência de empréstimo. Minha solicitação principal é: aparece uma mensagem de erro toda vez que faço login!;suporte_tecnico;portal;baixa;validacao
ATE-02449;Olá, também tenho uma pendência de empréstimo, mas o que preciso resolver primeiro é que minha senha não funciona.;suporte_tecnico;portal;alta;validacao
ATE-02450;aparece uma mensagem de erro toda vez que faço login e, em paralelo, tenho dúvida sobre um pagamento.;suporte_tecnico;telefone;alta;treino
ATE-02451;Só queria entender, quero orientação sobre uma situação com uma disciplina. Fico no aguardo.;coordenacao;email;alta;treino
ATE-02452;Preciso corrigir meus dados acadêmicos. Isso aconteceu desde o começo da semana.;secretaria_academica;portal;media;treino
ATE-02453;Então, fiz o pagamento e ainda aparece pendência e também a plataforma fica em tela branca.;financeiro;portal;media;validacao
ATE-02454;Gente, gostaria de registrar, preciso discutir equivalência de conteúdo entre disciplinas;coordenacao;email;media;treino
ATE-02455;Meu acesso está bloqueado. Além disso, não consigo acessar um artigo pelo portal da biblioteca.;biblioteca;presencial;media;validacao
ATE-02456;Não consigo visualizar o boleto deste mês. Isso aconteceu antes da próxima aula.;financeiro;email;baixa;validacao
ATE-02457;quero confirmar o status da rematrícula e, em paralelo, também apareceu uma cobrança q não reconheço;secretaria_academica;presencial;media;treino
ATE-02458;Olá, não consigo acessar um artigo pelo portal da biblioteca;biblioteca;presencial;alta;treino
ATE-02459;olá, quero confirmar a multa de um empréstimo atrasado. além disso, quero negociar uma pendência financeira. podem verificar?;financeiro;email;baixa;treino
ATE-02460;Gente, quero entender uma cobrança na mensalidade?;financeiro;email;media;teste
ATE-02461;O sistema fecha antes de concluir a operação?;suporte_tecnico;presencial;baixa;teste
ATE-02462;REGISTRO A SEGUINTE SITUAÇÃO: A DEVOLUÇÃO DE UM LIVRO AINDA NÃO FOI REGISTRADA.;biblioteca;email;media;treino
ATE-02463;Então, oi, o sistema fecha antes de concluir a operação e, em paralelo, tenho dúvida sobre um pagamento. Como resolvo?;suporte_tecnico;email;alta;teste
ATE-02464;"um livro devolvido ainda aparece comigo; além disso, tenho dúvida sobre um pagamento. ...";biblioteca;telefone;alta;treino
ATE-02465;o valor da parcela está diferente. além disso, não consigo acessar a base de periódicos.;biblioteca;telefone;media;treino
ATE-02466;Preciso solicitar um histórico escolar, mas tenho ainda outra questão: o sistema fecha antes de concluir a operação.;secretaria_academica;presencial;baixa;validacao
ATE-02467;Então, por favor, minha senha não funciona Fico no aguardo.;suporte_tecnico;telefone;media;treino
ATE-02468;Por favor, preciso solicitar aproveitamento de documentação já entregue;secretaria_academica;portal;alta;treino
ATE-02469;Registro a seguinte situação: quero entender uma cobrança na mensalidade e também quero saber se um título está disponível.;financeiro;presencial;media;treino
ATE-02470;Tenho dúvida sobre um pagamento. Minha solicitação principal é: aparece uma mensagem de erro toda vez que faço login.;suporte_tecnico;portal;alta;treino
ATE-02471;quero confirmar o status da rematrícula e também a devolução de um livro ainda não foi registrada.;secretaria_academica;presencial;alta;teste
ATE-02472;"o link de recuperação de senha não chega; preciso de retorno.";suporte_tecnico;chat;media;treino
ATE-02473;venho informar, a devolução de um livro ainda não foi registrada? obrigado.;biblioteca;chat;media;treino
ATE-02474;Preciso de ajuda, preciso de informações sobre vencimento e juros, mas tenho ainda outra questão: quero conversar sobre pré-requisitos e sequência de disciplinas. Obrigado.;financeiro;chat;media;treino
ATE-02475;Estou com uma dúvida, quero entender uma cobrança na mensalidade Obrigado.;financeiro;email;baixa;teste
ATE-02476;Alguém consegue me ajudar, meu nome saiu incorreto em um documento acadêmico Como resolvo?;secretaria_academica;chat;media;treino
ATE-02477;Para organizar minha situação, por favor, preciso renovar um livro.;biblioteca;email;baixa;treino
ATE-02478;queria uma orientação, meu login falha às vezes, mas o que preciso resolver primeiro é que preciso avaliar uma situação excepcional no meu percurso acadêmico. fico no aguardo.;coordenacao;telefone;media;treino
ATE-02479;Gente, também preciso de orientação sobre uma disciplina, mas o que preciso resolver primeiro é que quero negociar uma pendência financeira!;financeiro;presencial;baixa;treino
ATE-02480;"Preciso discutir equivalência de conteúdo entre disciplinas; situação observada antes da próxima aula.";coordenacao;email;alta;treino
ATE-02481;Então, a plataforma fica em tela branca e também quero saber sobre a emissão de declaração.;suporte_tecnico;presencial;alta;treino
ATE-02482;Bom dia, preciso atualizar um documento da matrícula.;secretaria_academica;telefone;baixa;treino
ATE-02483;Preciso discutir equivalência de conteúdo entre disciplinas;coordenacao;presencial;media;validacao
ATE-02484;"Não consigo acessar um artigo pelo portal da biblioteca; além disso, tenho dúvida sobre um registro.";biblioteca;portal;baixa;validacao
ATE-02485;tenho um problema recorrente em uma turma e preciso de orientação e, em paralelo, tenho dúvida sobre um registro!;coordenacao;email;baixa;treino
ATE-02486;Não consigo abrir o ambiente virtual, no semestre atual.;suporte_tecnico;portal;alta;treino
ATE-02487;Não consigo acessar uma tela do sistema, mas o que preciso resolver primeiro é que meu pagamento ainda não foi reconhecido!;financeiro;email;media;validacao
ATE-02488;A página apresenta erro quando tento acessar, no semestre atual.;suporte_tecnico;portal;baixa;validacao
ATE-02489;Gente, quero entender o procedimento de trancamento e, em paralelo, o portal também está dando erro.;secretaria_academica;email;media;treino
ATE-02490;Pessoal, também tenho uma pendência de empréstimo. Minha solicitação principal é: uma disciplina não consta no meu registro. Podem verificar?;secretaria_academica;chat;alta;treino
ATE-02491;estou com uma dúvida, preciso da segunda via do boleto. obrigada.;financeiro;chat;media;treino
ATE-02492;Gostaria de solicitar apoio: preciso solicitar um histórico escolar;secretaria_academica;presencial;alta;validacao
ATE-02493;"Tenho um problema recorrente em uma turma e preciso de orientação; ao mesmo tempo, fiz o pagamento e ainda aparece pendência!";financeiro;telefone;media;treino
ATE-02494;o aplicativo não carrega. além disso, quero saber se um título está disponível.;biblioteca;portal;baixa;teste
ATE-02495;Gostaria de solicitar apoio: pessoal, não consigo acessar uma tela do sistema. Minha solicitação principal é: o comprovante foi enviado, mas o débito continua aberto. Conseguem me orientar?;financeiro;telefone;baixa;teste
ATE-02496;Quero discutir uma situação pedagógica com a turma?;coordenacao;email;media;teste
ATE-02497;alguém consegue me ajudar, preciso conferir um livro. minha solicitação principal é: o comprovante foi enviado, mas o débito continua aberto. preciso de um retorno;financeiro;presencial;alta;teste
ATE-02498;Solicito orientação: não consigo acessar uma tela do sistema, mas o que preciso resolver primeiro é que preciso atualizar um documento da matrícula Podem verificar?;secretaria_academica;email;baixa;teste
ATE-02499;Pessoal, não consigo acessar uma tela do sistema. Minha solicitação principal é: uma disciplina não consta no meu registro. Podem verificar?;secretaria_academica;presencial;alta;treino
ATE-02500;quero orientação sobre uma situação com uma disciplina?;coordenacao;presencial;alta;treino
ATE-02501;alguém consegue me ajudar, quero saber se um título está disponível? podem verificar?;biblioteca;email;media;treino
ATE-02502;Gente, o link de recuperação de senha não chega;suporte_tecnico;email;baixa;validacao
ATE-02503;Depois de tentar pelo portal, preciso da segunda via do boleto.;financeiro;telefone;media;teste
ATE-02504;Preciso de informações sobre vencimento e juros;financeiro;chat;media;treino
ATE-02505;O aplicativo não carrega;suporte_tecnico;portal;media;treino
ATE-02506;quero entender uma cobrança na mensalidade e, em paralelo, também preciso confirmar um documento acadêmico.;financeiro;telefone;alta;treino
ATE-02507;Preciso atualizar um documento da matricula?;secretaria_academica;email;alta;treino
ATE-02508;Então, também tenho uma pendência de empréstimo, mas o que preciso resolver primeiro é que preciso confirmar um estorno.;financeiro;email;media;treino
ATE-02509;Olá, não consigo acessar a base de periódicos e, em paralelo, também preciso confirmar um documento acadêmico. Conseguem me orientar?;biblioteca;portal;alta;teste
ATE-02510;Oi, um livro devolvido ainda aparece comigo e, em paralelo, também preciso de orientação sobre uma disciplina. Podem verificar?;biblioteca;presencial;alta;treino
ATE-02511;"Queria uma orientação, preciso renovar um livro; ao mesmo tempo, o desconto da mensalidade não apareceu. Conseguem me orientar?";financeiro;telefone;baixa;teste
ATE-02512;"Preciso de ajuda, preciso solicitar um histórico escolar; além disso, o boleto continua pendente. Obrigada.";secretaria_academica;portal;alta;treino
ATE-02513;Então, quero discutir uma decisão acadêmica. Minha solicitação principal é: quero confirmar a multa de um empréstimo atrasado.;biblioteca;portal;alta;treino
ATE-02514;preciso de ajuda, preciso solicitar um histórico escolar agradeço se puderem olhar isso.;secretaria_academica;email;alta;treino
ATE-02515;por favor, quero informações sobre calendário de matricula?;secretaria_academica;telefone;baixa;treino
ATE-02516;Gente, alguém consegue me ajudar, o valor da parcela está diferente? Preciso de um retorno.;financeiro;email;baixa;teste
ATE-02517;Estou com uma dúvida, preciso saber o horário de atendimento da biblioteca? Obrigada.;biblioteca;email;media;treino
ATE-02518;Gente, queria uma orientação, preciso confirmar um estorno. Obrigado.;financeiro;presencial;media;treino
ATE-02519;Oi, o portal também está dando erro. Minha solicitação principal é: meu nome saiu incorreto em um documento acadêmico.;secretaria_academica;portal;media;treino
ATE-02520;Então, não consigo acessar a base de periódicos Isso pode ser verificado, por favor?;biblioteca;presencial;baixa;treino
ATE-02521;não consigo entrar no portal. além disso, quero entender uma cobrança na mensalidade;financeiro;email;media;treino
ATE-02522;preciso atualizar um documento da matrícula e também quero saber se um título está disponível!;secretaria_academica;presencial;media;treino
ATE-02523;não consigo entrar no portal.;suporte_tecnico;presencial;baixa;treino
ATE-02524;Preciso da segunda via do boleto e, em paralelo, também preciso confirmar um documento acadêmico;financeiro;portal;baixa;treino
ATE-02525;Por favor, quero saber sobre a emissão de declaração. Além disso, minha senha não funciona.;suporte_tecnico;email;alta;treino
ATE-02526;oi, também preciso confirmar um documento acadêmico, mas o que preciso resolver primeiro é que não consigo abrir o ambiente virtual. fico no aguardo.;suporte_tecnico;portal;media;treino
ATE-02527;Desde ontem, então, quero entender uma cobrança na mensalidade.;financeiro;email;baixa;validacao
ATE-02528;O sistema fecha antes de concluir a operação. Isso aconteceu depois de consultar as orientações disponíveis.;suporte_tecnico;portal;media;treino
ATE-02529;Gostaria de solicitar apoio: preciso de ajuda, o link de recuperação de senha não chega? Conseguem me orientar?;suporte_tecnico;telefone;baixa;treino
ATE-02530;preciso de ajuda, preciso avaliar uma situação excepcional no meu percurso acadêmico. obrigado.;coordenacao;telefone;baixa;treino
ATE-02531;Gostaria de solicitar apoio: só queria entender, preciso de orientação sobre uma decisão acadêmica que não é apenas cadastral. Obrigado.;coordenacao;presencial;media;treino
ATE-02532;quero reservar um exemplar e, em paralelo, meu login falha às vezes;biblioteca;telefone;baixa;teste
ATE-02533;"Quero entender uma cobrança na mensalidade; além disso, o acesso à biblioteca digital falhou.";financeiro;chat;baixa;teste
ATE-02534;Olá, minha senha não funciona.;suporte_tecnico;telefone;alta;treino
ATE-02535;n consigo entrar no portal e tbm meu pagamento ainda n foi reconhecido.;suporte_tecnico;telefone;media;teste
ATE-02536;Só queria entender, o sistema fecha antes de concluir a operação e, em paralelo, o acesso à biblioteca digital falhou. Agradeço se puderem olhar isso.;suporte_tecnico;chat;baixa;teste
ATE-02537;o desconto da mensalidade não apareceu e, em paralelo, tbm preciso de orientação sobre uma disciplina.;financeiro;telefone;media;treino
ATE-02538;estou com uma dúvida, quero entender o procedimento de trancamento preciso de um retorno;secretaria_academica;email;alta;treino
ATE-02539;PRECISO CORRIGIR MEUS DADOS ACADÊMICOS!;secretaria_academica;portal;baixa;teste
ATE-02540;Antes da próxima aula, meu pagamento ainda não foi reconhecido.;financeiro;portal;baixa;treino
ATE-02541;Queria uma orientação, quero conversar sobre pré-requisitos e sequência de disciplinas Conseguem me orientar?;coordenacao;email;baixa;teste
ATE-02542;Bom dia, quero reservar um exemplar. Além disso, não consigo visualizar o boleto deste mês. Obrigado.;financeiro;presencial;media;treino
ATE-02543;"O valor da parcela está diferente; além disso, o portal também está dando erro.";financeiro;portal;baixa;treino
ATE-02544;Gente, preciso falar com a coordenação sobre meu planejamento acadêmico?;coordenacao;portal;baixa;teste
ATE-02545;Também preciso confirmar um documento acadêmico. Minha solicitação principal é: o link de recuperação de senha não chega.;suporte_tecnico;portal;media;treino
ATE-02546;Solicito orientação: não consigo visualizar o boleto deste mês?;financeiro;email;baixa;treino
ATE-02547;estou com uma dúvida, não consigo anexar o arquivo no portal obrigado.;suporte_tecnico;email;media;treino
ATE-02548;Quero entender uma cobrança na mensalidade e, em paralelo, o portal também está dando erro.;financeiro;presencial;media;teste
ATE-02549;Preciso discutir equivalência de conteúdo entre disciplinas?!;coordenacao;presencial;media;teste
ATE-02550;Antes da próxima aula, uma disciplina não consta no meu registro.;secretaria_academica;chat;baixa;treino
ATE-02551;Boa tarde, preciso saber o horário de atendimento da biblioteca. Obrigado.;biblioteca;chat;alta;teste
ATE-02552;Quero confirmar a multa de um empréstimo atrasado. Isso aconteceu para organizar minha situação.;biblioteca;portal;media;treino
ATE-02553;Por favor, oi, também tenho uma pendência de empréstimo, mas o que preciso resolver primeiro é que o sistema fecha antes de concluir a operação. Como resolvo?;suporte_tecnico;portal;baixa;treino
ATE-02554;"preciso discutir equivalência de conteúdo entre disciplinas; situação observada desde o começo da semana.";coordenacao;chat;media;validacao
ATE-02555;Tenho dúvida sobre um pagamento, mas o que preciso resolver primeiro é que preciso renovar um livro.;biblioteca;presencial;alta;treino
ATE-02556;Estou com uma dúvida, o valor da parcela está diferente? Agradeço se puderem olhar isso.;financeiro;portal;alta;treino
ATE-02557;"Por favor, nao consigo entrar no portal; além disso, tenho dúvida sobre um registro.";suporte_tecnico;telefone;baixa;teste
ATE-02558;O link de recuperação de senha não chega e, em paralelo, também tenho uma pendência de empréstimo.;suporte_tecnico;chat;alta;teste
ATE-02559;Na solicitação que abri recentemente, preciso avaliar uma situação excepcional no meu percurso acadêmico.;coordenacao;telefone;media;teste
ATE-02560;Quero entender o procedimento de trancamento e, em paralelo, o portal também esta dando erro.;secretaria_academica;presencial;media;treino
ATE-02561;Gostaria de solicitar apoio: gostaria de registrar, o comprovante foi enviado, mas o débito continua aberto. Podem verificar?!;financeiro;portal;baixa;treino
ATE-02562;Quero saber sobre a emissão de declaração. Isso aconteceu antes do prazo informado.;secretaria_academica;portal;baixa;teste
ATE-02563;Oi, o link de recuperação de senha não chega?;suporte_tecnico;chat;baixa;teste
ATE-02564;por favor, minha senha não funciona? agradeço se puderem olhar isso.;suporte_tecnico;portal;baixa;treino
ATE-02565;por favor, fiz o pagamento e ainda aparece pendência. além disso, o link de recuperação de senha não chega. agradeço se puderem olhar isso.;suporte_tecnico;presencial;media;treino
ATE-02566;"o desconto da mensalidade não apareceu; além disso, preciso conferir um livro";financeiro;portal;baixa;treino
ATE-02567;Oi, preciso confirmar um estorno. Obrigado.;financeiro;telefone;media;treino
ATE-02568;Estou com uma dúvida, preciso de orientação sobre uma decisão acadêmica que não é apenas cadastral? Fico no aguardo.;coordenacao;presencial;media;treino
ATE-02569;Venho informar, quero entender uma cobrança na mensalidade e, em paralelo, o acesso à biblioteca digital falhou. Isso pode ser verificado, por favor?;financeiro;email;baixa;treino
ATE-02570;Meu login falha às vezes, mas o que preciso resolver primeiro é que um livro devolvido ainda aparece comigo!;biblioteca;telefone;media;treino
ATE-02571;Só queria entender, preciso atualizar um documento da matrícula e, em paralelo, também tenho uma pendência de empréstimo. Como resolvo?!;secretaria_academica;presencial;media;treino
ATE-02572;quero informações sobre calendário de matrícula agradeço se puderem olhar isso.;secretaria_academica;presencial;alta;teste
ATE-02573;Para organizar minha situação, preciso atualizar um documento da matrícula.;secretaria_academica;presencial;baixa;treino
ATE-02574;Quero confirmar o status da rematrícula?;secretaria_academica;chat;baixa;treino
ATE-02575;também apareceu uma cobrança que n reconheço, mas o que preciso resolver primeiro é que aparece uma mensagem de erro toda vez que faço login.;suporte_tecnico;telefone;baixa;treino
ATE-02576;Só queria entender, quero orientação sobre uma situação com uma disciplina? Isso pode ser verificado, por favor?;coordenacao;chat;media;teste
ATE-02577;Gente, venho informar, também tenho uma pendência de empréstimo, mas o que preciso resolver primeiro é que o comprovante foi enviado, mas o débito continua aberto. Isso pode ser verificado, por favor?;financeiro;chat;alta;treino
ATE-02578;quero confirmar a multa de um empréstimo atrasado.;biblioteca;portal;baixa;treino
ATE-02579;n consigo visualizar o boleto deste mês?;financeiro;email;baixa;treino
ATE-02580;Não consigo abrir o ambiente virtual e, em paralelo, tenho dúvida sobre um pagamento.;suporte_tecnico;portal;baixa;teste
ATE-02581;Então, tenho dúvida sobre um pagamento. Minha solicitação principal é: o sistema fecha antes de concluir a operação.;suporte_tecnico;email;alta;treino
ATE-02582;Preciso renovar um livro, depois de consultar as orientações disponíveis.;biblioteca;chat;media;treino
ATE-02583;Boa tarde, preciso consultar uma pendência de empréstimo? Agradeço se puderem olhar isso.;biblioteca;email;media;treino
ATE-02584;só queria entender, o boleto continua pendente, mas o q preciso resolver primeiro é q preciso avaliar uma situação excepcional no meu percurso acadêmico;coordenacao;presencial;baixa;treino
ATE-02585;"Por favor, quero confirmar o status da rematrícula; além disso, o acesso à biblioteca digital falhou. Podem verificar?";secretaria_academica;chat;media;treino
ATE-02586;meu pagamento ainda não foi reconhecido;financeiro;email;alta;treino
ATE-02587;Não consigo acessar a base de periódicos. Além disso, o comprovante foi enviado, mas o débito continua aberto.;financeiro;portal;media;treino
ATE-02588;O comprovante foi enviado, mas o débito continua aberto e também meu nome saiu incorreto em um documento acadêmico.;financeiro;telefone;alta;validacao
ATE-02589;"preciso consultar uma pendência de empréstimo; além disso, quero discutir uma decisão acadêmica.";biblioteca;portal;media;validacao
ATE-02590;Queria uma orientação, preciso renovar um livro e também o comprovante foi enviado, mas o débito continua aberto. Preciso de um retorno.;biblioteca;email;media;treino
ATE-02591;O comprovante foi enviado, mas o débito continua aberto e, em paralelo, não consigo acessar uma tela do sistema.;financeiro;chat;media;validacao
ATE-02592;Preciso de orientação sobre uma decisão acadêmica que não é apenas cadastral, nesta semana.;coordenacao;presencial;baixa;treino
ATE-02593;Oi, há uma questão pedagógica que preciso avaliar, mas o que preciso resolver primeiro é que preciso atualizar um documento da matrícula.;secretaria_academica;chat;baixa;treino
ATE-02594;então, não consigo entrar no portal.;suporte_tecnico;chat;alta;treino
ATE-02595;"Quero negociar uma pendência financeira; situação observada na solicitação que abri recentemente.";financeiro;telefone;baixa;treino
ATE-02596;Olá, quero confirmar o status da rematrícula?;secretaria_academica;telefone;media;treino
ATE-02597;Oi, boa tarde, quero orientação acadêmica antes de escolher as próximas matérias. Conseguem me orientar?;coordenacao;portal;alta;treino
ATE-02598;Preciso avaliar uma situação excepcional no meu percurso acadêmico;coordenacao;telefone;baixa;validacao
ATE-02599;Tenho dúvida sobre um pagamento, mas o que preciso resolver primeiro é que preciso solicitar um histórico escolar.;secretaria_academica;chat;media;teste
ATE-02600;quero reservar um exemplar. além disso, não consigo entrar no portal. 😤;suporte_tecnico;portal;alta;teste
ATE-02601;boa tarde, quero entender o procedimento de trancamento. como resolvo?;secretaria_academica;presencial;alta;treino
ATE-02602;tenho dúvida sobre um registro, mas o que preciso resolver primeiro é que a página apresenta erro quando tento acessar.;suporte_tecnico;presencial;alta;treino
ATE-02603;uma disciplina não consta no meu registro, antes da próxima aula.;secretaria_academica;portal;baixa;treino
ATE-02604;Bom dia, preciso consultar uma pendência de empréstimo;biblioteca;portal;baixa;treino
ATE-02605;Quero negociar uma pendência financeira?;financeiro;portal;baixa;treino
ATE-02606;"Não consigo entrar no portal; além disso, minha matrícula mostra uma informação estranha.";suporte_tecnico;portal;media;teste
ATE-02607;preciso falar com a coordenação sobre meu planejamento acadêmico e também preciso solicitar aproveitamento de documentação já entregue.;coordenacao;presencial;media;treino
ATE-02608;Antes de enviar outro pedido, quero entender uma cobrança na mensalidade.;financeiro;portal;media;validacao
ATE-02609;O aplicativo não carrega e, em paralelo, também preciso de orientação sobre uma disciplina.;suporte_tecnico;portal;media;treino
ATE-02610;Fiz o pagamento e ainda aparece pendência. Isso aconteceu antes da próxima aula.;financeiro;portal;media;treino
ATE-02611;Não consigo visualizar o boleto deste mês e, em paralelo, o portal também está dando erro.;financeiro;chat;media;treino
ATE-02612;"preciso consultar uma pendência de empréstimo; ao mesmo tempo, quero entender uma cobrança na mensalidade.";financeiro;chat;baixa;treino
ATE-02613;"Queria uma orientação, quero entender o procedimento de trancamento; além disso, também preciso de orientação sobre uma disciplina.";secretaria_academica;presencial;baixa;validacao
ATE-02614;Bom dia, quero saber sobre a emissão de declaração? Como resolvo?;secretaria_academica;chat;alta;validacao
ATE-02615;Estou com uma dúvida, o sistema fecha antes de concluir a operação? Fico no aguardo.;suporte_tecnico;presencial;alta;treino
ATE-02616;Preciso de informações sobre vencimento e juros e, em paralelo, o portal também está dando erro.;financeiro;presencial;baixa;treino
ATE-02617;Quero confirmar o status da rematrícula;secretaria_academica;presencial;media;treino
ATE-02618;"Uma disciplina não consta no meu registro; situação observada antes do prazo informado.";secretaria_academica;portal;baixa;treino
ATE-02619;boa tarde, preciso conversar sobre a organização da minha grade. conseguem me orientar?;coordenacao;chat;baixa;treino
ATE-02620;minha senha não funciona, mas tenho ainda outra questão: uma disciplina não consta no meu registro.;suporte_tecnico;chat;alta;treino
ATE-02621;Olá, também tenho uma pendência de empréstimo. Minha solicitação principal é: quero discutir uma situação pedagógica com a turma. Obrigado.;coordenacao;email;media;treino
ATE-02622;Preciso de ajuda, minha matricula não aparece corretamente Conseguem me orientar?;secretaria_academica;telefone;media;treino
ATE-02623;Gente, não consigo visualizar o boleto deste mês e também não consigo acessar a base de periódicos.;financeiro;chat;alta;validacao
ATE-02624;"Por favor, gostaria de registrar, não consigo anexar o arquivo no portal; ao mesmo tempo, tenho um problema recorrente em uma turma e preciso de orientação. Como resolvo?";coordenacao;telefone;media;treino
ATE-02625;oi, quero conversar sobre pré-requisitos e sequência de disciplinas agradeço se puderem olhar isso.;coordenacao;presencial;media;treino
ATE-02626;Quero orientação sobre uma situação com uma disciplina?;coordenacao;telefone;alta;treino
ATE-02627;preciso corrigir meus dados acadêmicos, mas tenho ainda outra questão: tenho um problema recorrente em uma turma e preciso de orientação.;secretaria_academica;email;media;treino
ATE-02628;"Oi, não consigo visualizar o boleto deste mês; ao mesmo tempo, minha senha não funciona. Fico no aguardo.";suporte_tecnico;portal;alta;teste
ATE-02629;Gostaria de solicitar apoio: preciso falar com a coordenação sobre meu planejamento acadêmico?;coordenacao;chat;alta;treino
ATE-02630;minha senha não funciona. Isso aconteceu para conseguir seguir com o processo.;suporte_tecnico;email;media;treino
ATE-02631;Por favor, preciso de ajuda, uma disciplina não consta no meu registro e, em paralelo, o portal também está dando erro. Conseguem me orientar?;secretaria_academica;portal;alta;treino
ATE-02632;;financeiro;chat;alta;treino
ATE-02633;A devolução de um livro ainda não foi registrada, desde o começo da semana.;biblioteca;portal;alta;treino
ATE-02634;Quero discutir uma situação pedagógica com a turma, no semestre atual.;coordenacao;chat;baixa;treino
ATE-02635;"Por favor, alguém consegue me ajudar, a devolução de um livro ainda não foi registrada; além disso, há uma questão pedagógica que preciso avaliar. Como resolvo Podem verificar?";biblioteca;portal;baixa;treino
ATE-02636;preciso de orientação sobre uma decisão acadêmica que não é apenas cadastral, mas tenho ainda outra questão: o valor da parcela está diferente.;coordenacao;chat;baixa;treino
ATE-02637;a plataforma fica em tela branca, mas tenho ainda outra questão: uma disciplina não consta no meu registro.;suporte_tecnico;presencial;media;treino
ATE-02638;Também tenho uma pendência de empréstimo, mas o que preciso resolver primeiro é que tenho um problema recorrente em uma turma e preciso de orientação.;coordenacao;email;media;validacao
ATE-02639;Preciso da segunda via do boleto. Além disso, quero orientação acadêmica antes de escolher as próximas matérias.;coordenacao;presencial;baixa;treino
ATE-02640;Preciso renovar um livro. Isso aconteceu para conseguir seguir com o processo.;biblioteca;email;baixa;treino
ATE-02641;venho informar, quero confirmar a multa de um empréstimo atrasado? conseguem me orientar?!;biblioteca;portal;baixa;treino
ATE-02642;Preciso solicitar um histórico escolar? Obrigado!;secretaria_academica;telefone;alta;treino
ATE-02643;venho informar, fiz o pagamento e ainda aparece pendência?;financeiro;telefone;alta;treino
ATE-02644;Quero reservar um exemplar. Além disso, quero discutir uma situação pedagógica com a turma.;coordenacao;portal;baixa;teste
ATE-02645;Gostaria de solicitar apoio: quero entender uma cobrança na mensalidade e, em paralelo, também preciso de orientação sobre uma disciplina.;financeiro;chat;media;treino
ATE-02646;"Preciso discutir equivalência de conteúdo entre disciplinas; situação observada para conseguir seguir com o processo.";coordenacao;presencial;media;treino
ATE-02647;Venho informar, quero informações sobre calendário de matrícula? Obrigado.;secretaria_academica;chat;alta;treino
ATE-02648;"oi, quero negociar uma pendência financeira; além disso, também tenho uma pendência de empréstimo.";financeiro;chat;alta;treino
ATE-02649;"Preciso solicitar um histórico escolar; ao mesmo tempo, o comprovante foi enviado, mas o débito continua aberto.";financeiro;telefone;alta;treino
ATE-02650;Quero negociar uma pendência financeira e, em paralelo, também preciso confirmar um documento acadêmico.;financeiro;email;media;teste
ATE-02651;queria uma orientação, também preciso confirmar um documento acadêmico minha solicitação principal é: preciso conversar sobre a organização da minha grade obrigada!;coordenacao;telefone;media;treino
ATE-02652;Estou com uma dúvida, quero informações sobre calendário de matrícula e, em paralelo, tambem preciso de orientação sobre uma disciplina. Como resolvo?;secretaria_academica;chat;alta;validacao
ATE-02653;Quero entender uma cobrança na mensalidade, para organizar minha situação.;financeiro;portal;baixa;treino
ATE-02654;"Boa tarde, o sistema fecha antes de concluir a operação; ao mesmo tempo, meu nome saiu incorreto em um documento acadêmico. Conseguem me orientar?";secretaria_academica;portal;alta;teste
ATE-02655;Olá, preciso da segunda via do boleto;financeiro;portal;media;treino
ATE-02656;Preciso saber o horário de atendimnto da biblioteca e, em paralelo, quero discutir uma decisão acadêmica.;biblioteca;telefone;baixa;validacao
ATE-02657;Gente, quero saber se um título está disponível.;biblioteca;portal;alta;treino
ATE-02658;"Aparece uma mensagem de erro toda vez que faço login; situação observada antes da próxima aula.";suporte_tecnico;presencial;alta;validacao
ATE-02659;Meu acesso está bloqueado e também preciso solicitar um histórico escolar.;suporte_tecnico;presencial;media;treino
ATE-02660;Queria uma orientação, também tenho uma pendência de empréstimo, mas o que preciso resolver primeiro é que a plataforma fica em tela branca. Podem verificar?;suporte_tecnico;chat;alta;treino
ATE-02661;Quero discutir uma decisão acadêmica. Minha solicitação principal é: quero saber sobre a emissão de declaração.;secretaria_academica;email;alta;treino
ATE-02662;Registro a seguinte situação: o comprovante foi enviado, mas o débito continua aberto.;financeiro;telefone;baixa;teste
ATE-02663;REGISTRO A SEGUINTE SITUAÇÃO: NÃO CONSIGO ANEXAR O ARQUIVO NO PORTAL E, EM PARALELO, TENHO DÚVIDA SOBRE UM REGISTRO.;suporte_tecnico;presencial;baixa;treino
ATE-02664;o valor da parcela está diferente.;financeiro;chat;baixa;teste
ATE-02665;"Quero negociar uma pendência financeira; além disso, também preciso confirmar um documento acadêmico.";financeiro;chat;baixa;treino
ATE-02666;gente, não consigo acessar um artigo pelo portal da biblioteca!;biblioteca;email;baixa;treino
ATE-02667;"Quero discutir uma situação pedagógica com a turma; além disso, minha matrícula mostra uma informação estranha.";coordenacao;email;baixa;treino
ATE-02668;tenho dúvida sobre um pagamento, mas o q preciso resolver primeiro é q preciso renovar um livro.;biblioteca;chat;alta;teste
ATE-02669;"Não consigo entrar no portal; situação observada na solicitação que abri recentemente.";suporte_tecnico;telefone;baixa;teste
ATE-02670;"Olá, nao consigo abrir o ambiente virtual; ao mesmo tempo, fiz o pagamento e ainda aparece pendência.";financeiro;presencial;media;validacao
ATE-02671;Quero entender o procedimento de trancamento?;secretaria_academica;telefone;baixa;treino
ATE-02672;Quero reservar um exemplar. Além disso, preciso avaliar uma situação excepcional no meu percurso acadêmico.;coordenacao;telefone;media;validacao
ATE-02673;Gostaria de solicitar apoio: quero confirmar o status da rematrícula;secretaria_academica;email;baixa;treino
ATE-02674;Então, não consigo entrar no portal e, em paralelo, minha matrícula mostra uma informação estranha.;suporte_tecnico;telefone;baixa;treino
ATE-02675;Depois de tentar pelo portal, quero confirmar a multa de um empréstimo atrasado.;biblioteca;email;alta;treino
ATE-02676;preciso renovar um livro, mas tenho ainda outra questão: o sistema fecha antes de concluir a operação;biblioteca;presencial;media;teste
ATE-02677;Preciso de ajuda, o valor da parcela está diferente e, em paralelo, meu login falha às vezes. Fico no aguardo.;financeiro;telefone;media;validacao
ATE-02678;Para organizar minha situação, quero orientação sobre uma situação com uma disciplina.;coordenacao;portal;baixa;validacao
ATE-02679;"Gostaria de solicitar apoio: gostaria de registrar, tenho um problema recorrente em uma turma e preciso de orientação; além disso, o acesso à biblioteca digital falhou. Agradeço se puderem olhar isso.";coordenacao;portal;media;treino
ATE-02680;Quero orientação acadêmica antes de escolher as próximas matérias. Isso aconteceu antes do prazo informado.;coordenacao;email;alta;treino
ATE-02681;"preciso atualizar um documento da matrícula; além disso, há uma questão pedagógica que preciso avaliar.";secretaria_academica;email;media;treino
ATE-02682;"Gente, olá, não consigo visualizar o boleto deste mês; além disso, preciso conferir um livro. Podem verificar?";financeiro;presencial;media;teste
ATE-02683;"O comprovante foi enviado, mas o débito continua aberto; além disso, também tenho uma pendência de empréstimo.";financeiro;portal;baixa;treino
ATE-02684;estou com uma dúvida, o aplicativo não carrega e, em paralelo, preciso conferir um livro. obrigada.;suporte_tecnico;chat;media;treino
ATE-02685;Solicito orientação: minha matrícula não aparece corretamente e, em paralelo, quero discutir uma decisão acadêmica;secretaria_academica;portal;baixa;teste
ATE-02686;Oi, preciso da segunda via do boleto;financeiro;email;media;validacao
ATE-02687;"Só queria entender, quero confirmar o status da rematrícula; ao mesmo tempo, preciso saber o horário de atendimento da biblioteca. Fico no aguardo.";biblioteca;presencial;media;treino
ATE-02688;Não consigo acessar a base de periódicos, nesta semana.;biblioteca;portal;alta;treino
ATE-02689;Quero entender o procedimento de trancamento. Isso aconteceu nesta semana.;secretaria_academica;presencial;media;treino
ATE-02690;oi, preciso falar com a coordenação sobre meu planejamento acadêmico? conseguem me orientar?;coordenacao;presencial;baixa;teste
ATE-02691;"preciso corrigir meus dados acadêmicos; além disso, n consigo acessar uma tela do sistema.";secretaria_academica;email;alta;teste
ATE-02692;Olá, a plataforma fica em tela branca?;suporte_tecnico;telefone;baixa;treino
ATE-02693;oi, também preciso confirmar um documento acadêmico. minha solicitação principal é: o link de recuperação de senha não chega. agradeço se puderem olhar isso.;suporte_tecnico;portal;media;teste
ATE-02694;O boleto continua pendente, mas o que preciso resolver primeiro é que não consigo abrir o ambiente virtual.;suporte_tecnico;presencial;baixa;treino
ATE-02695;A plataforma fica em tela branca. Além disso, o valor da parcela está diferente.;financeiro;portal;baixa;treino
ATE-02696;por favor, preciso falar com a coordenação sobre meu planejamento acadêmico. como resolvo?;coordenacao;presencial;baixa;treino
ATE-02697;Gente, também apareceu uma cobrança que não reconheço, mas o que preciso resolver primeiro é que a página apresenta erro quando tento acessar.;suporte_tecnico;portal;alta;treino
ATE-02698;uma disciplina n consta no meu registro?!;secretaria_academica;telefone;baixa;treino
ATE-02699;Meu nome saiu incorreto em um documento acadêmico. Isso aconteceu depois de consultar as orientações disponíveis.;secretaria_academica;portal;baixa;treino
ATE-02700;Estou com uma dúvida, a página apresenta erro quando tento acessar Obrigado.;suporte_tecnico;chat;alta;treino
ATE-02701;aparece uma mensagem de erro toda vez q faço login. além disso, quero discutir uma situação pedagógica com a turma.;coordenacao;telefone;alta;treino
ATE-02702;Gente, o portal também está dando erro. Minha solicitação principal é: quero informações sobre calendário de matrícula!;secretaria_academica;chat;alta;teste
ATE-02703;"Oi, preciso discutir equivalência de conteúdo entre disciplinas; além disso, tenho dúvida sobre um registro. 😕.";coordenacao;presencial;media;treino
ATE-02704;Preciso corrigir meus dados acadêmicos. Isso aconteceu para organizar minha situação.;secretaria_academica;chat;media;teste
ATE-02705;"não consigo acessar a base de periódicos; além disso, tenho dúvida sobre um registro";biblioteca;email;media;treino
ATE-02706;Por favor, meu nome saiu incorreto em um documento acadêmico. Conseguem me orientar?;secretaria_academica;presencial;baixa;teste
ATE-02707;quero orientação acadêmica antes de escolher as próximas matérias e, em paralelo, n consigo acessar uma tela do sistema.;coordenacao;chat;media;treino
ATE-02708;Então, meu pagamento ainda não foi reconhecido;financeiro;telefone;alta;treino
ATE-02709;O aplicativo não carrega e, em paralelo, preciso conferir um livro.;suporte_tecnico;portal;baixa;treino
ATE-02710;Uma disciplina não consta no meu registro, antes da próxima aula.;secretaria_academica;telefone;baixa;treino
ATE-02711;;secretaria_academica;presencial;baixa;treino
ATE-02712;quero confirmar a multa de um empréstimo atrasado. 🙂;biblioteca;portal;media;treino
ATE-02713;O aceso à biblioteca digital falhou, mas o que preciso resolver primeiro é que quero saber sobre a emissão de declaração. Obrigada.;secretaria_academica;email;media;treino
ATE-02714;queria uma orientação, minha senha n funçiona. podem verificar?;suporte_tecnico;portal;media;treino
ATE-02715;minha matrícula mostra uma informação estranha, mas o que preciso resolver primeiro é que quero confirmar a multa de um empréstimo atrasado;biblioteca;email;alta;treino
ATE-02716;olá, meu pagamento ainda n foi reconhecido conseguem me orientar;financeiro;email;baixa;treino
ATE-02717;não consigo anexar o arquivo no portal;suporte_tecnico;portal;baixa;teste
ATE-02718;o aplicativo n carrega;suporte_tecnico;portal;media;treino
ATE-02719;Tenho dúvida sobre um pagamento, mas o que preciso resolver primeiro é que um livro devolvido ainda aparece comigo.;biblioteca;chat;media;treino
ATE-02720;Por favor, olá, não consigo visualizar o boleto deste mês Preciso de um retorno.;financeiro;telefone;alta;treino
ATE-02721;Então, meu acesso está bloqueado. Além disso, fiz o pagamento e ainda aparece pendência.;financeiro;presencial;alta;treino
ATE-02722;Então, alguém consegue me ajudar, minha matrícula mostra uma informação estranha. Minha solicitação principal é: não consigo acessar um artigo pelo portal da biblioteca. Preciso de um retorno;biblioteca;telefone;baixa;teste
ATE-02723;Para resolver ainda este mês, o desconto da mensalidade não apareceu.;financeiro;telefone;alta;teste
ATE-02724;"Preciso falar com a coordenação sobre meu planejamento acadêmico; além disso, meu login falha às vezes.";coordenacao;telefone;alta;treino
ATE-02725;o portal também está dando erro. minha solicitação principal é: preciso avaliar uma situação excepcional no meu percurso acadêmico;coordenacao;chat;baixa;treino
ATE-02726;"Registro a seguinte situação: quero saber sobre a emissão de declaração; além disso, o acesso à biblioteca digital falhou.";secretaria_academica;email;alta;teste
ATE-02727;"Meu nome saiu incorreto em um documento acadêmico; ao mesmo tempo, preciso renovar um livro.";biblioteca;portal;media;validacao
ATE-02728;Queria uma orientação, quero confirmar a multa de um empréstimo atrasado? Preciso de um retorno.;biblioteca;presencial;media;treino
ATE-02729;Boa tarde, o sistema fecha antes de concluir a operação?;suporte_tecnico;portal;media;validacao
ATE-02730;Preciso conversar sobre a organização da minha grade Obrigado.;coordenacao;chat;baixa;teste
ATE-02731;meu login falha às vezes, mas o q preciso resolver primeiro é q não consigo visualizar o boleto deste mês.;financeiro;presencial;media;treino
ATE-02732;Então, preciso de ajuda, aparece uma mensagem de erro toda vez que faço login;suporte_tecnico;presencial;baixa;treino
ATE-02733;"Venho informar, preciso atualizar um documento da matrícula; situação observada antes do início das aulas.";secretaria_academica;portal;baixa;treino
ATE-02734;"preciso confirmar um estorno; além disso, meu login falha às vezes.";financeiro;chat;baixa;treino
ATE-02735;Oi, rEGISTRO A SEGUINTE SITUAÇÃO: A DEVOLUÇÃO DE UM LIVRO AINDA NÃO FOI REGISTRADA.;biblioteca;telefone;baixa;treino
ATE-02736;Olá, aparece uma mensagem de erro toda vez que faço login?;suporte_tecnico;chat;baixa;treino
ATE-02737;Gostaria de solicitar apoio: meu nome saiu incorreto em um documento acadêmico?;secretaria_academica;email;media;treino
ATE-02738;"Gente, pessoal, preciso da segunda via do boleto; ao mesmo tempo, não consigo anexar o arquivo no portal. Podem verificar?";suporte_tecnico;presencial;media;treino
ATE-02739;não consigo visualizar o boleto deste mês, antes do início das aulas.;financeiro;telefone;media;treino
ATE-02740;Oi, preciso conferir um livro, mas o que preciso resolver primeiro é que preciso solicitar um histórico escolar.;secretaria_academica;presencial;baixa;treino
ATE-02741;venho informar, quero confirmar a multa de um empréstimo atrasado? obrigado. ...;biblioteca;portal;alta;validacao
ATE-02742;Não consigo acessar um artigo pelo portal da biblioteca;biblioteca;telefone;baixa;validacao
ATE-02743;"Uma disciplina não consta no meu registro; situação observada antes da próxima aula.";secretaria_academica;portal;baixa;treino
ATE-02744;"Olá, o link de recuperação de senha não chega; situação observada desde ontem.";suporte_tecnico;telefone;media;teste
ATE-02745;Gente, o valor da parcela está diferente;financeiro;presencial;baixa;treino
ATE-02746;Depois de tentar pelo portal, quero informações sobre calendário de matrícula.;secretaria_academica;email;alta;validacao
ATE-02747;Oi, quero negociar uma pendência financeira. Agradeço se puderem olhar isso.;financeiro;telefone;baixa;treino
ATE-02748;Por favor, há uma questão pedagógica que preciso avaliar. Minha solicitação principal é: preciso corrigir meus dados acadêmicos.;secretaria_academica;presencial;media;validacao
ATE-02749;Meu login falha às vezes. Minha solicitação principal é: meu pagamento ainda não foi reconhecido.;financeiro;telefone;media;treino
ATE-02750;Bom dia, tenho dúvida sobre um pagamento, mas o que preciso resolver primeiro é que quero reservar um exemplar. Podem verificar?;biblioteca;portal;media;treino
ATE-02751;Depois de tentar pelo portal, preciso corrigir meus dados acadêmicos.;secretaria_academica;chat;media;treino
ATE-02752;Só queria entender, a página apresenta erro quando tento acessar? Isso pode ser verificado, por favor?;suporte_tecnico;email;media;treino
ATE-02753;Registro a seguinte situação: preciso falar com a coordenação sobre meu planejamento acadêmico?;coordenacao;telefone;alta;treino
ATE-02754;venho informar, quero saber sobre a emissão de declaração agradeço se puderem olhar isso;secretaria_academica;chat;alta;treino
ATE-02755;Olá, quero informações sobre calendário de matrícula;secretaria_academica;email;baixa;validacao
ATE-02756;Antes do início das aulas, preciso de informações sobre vencimento e juros.;financeiro;chat;media;treino
ATE-02757;"Quero reservar um exemplar; além disso, há uma questão pedagógica que preciso avaliar";biblioteca;telefone;alta;validacao
ATE-02758;QUERO CONFIRMAR O STATUS DA REMATRÍCULA.;secretaria_academica;chat;media;treino
ATE-02759;Por favor, preciso corrigir meus dados acadêmicos;secretaria_academica;email;media;treino
ATE-02760;"A página apresenta erro quando tento acessar; ao mesmo tempo, o comprovante foi enviado, mas o débito continua aberto.";financeiro;email;alta;teste
ATE-02761;só queria entender, quero conversar sobre pré-requisitos e sequência de disciplinas e, em paralelo, também preciso confirmar um documento acadêmico. agradeço se puderem olhar isso.;coordenacao;portal;baixa;treino
ATE-02762;quero informações sobre calendário de matricula conseguem me orientar;secretaria_academica;portal;media;treino
ATE-02763;"Fiz o pagamento e ainda aparece pendência; situação observada desde ontem.";financeiro;telefone;media;treino
ATE-02764;Oi, aparece uma mensagem de erro toda vez que faço login, mas tenho ainda outra questão: quero discutir uma situação pedagógica com a turma.;suporte_tecnico;telefone;baixa;treino
ATE-02765;O valor da parcela está diferente. Isso aconteceu na solicitação que abri recentemente.;financeiro;presencial;baixa;teste
ATE-02766;Registro a seguinte situação: também preciso confirmar um documento acadêmico. Minha solicitação principal é: a página apresenta erro quando tento acessar.;suporte_tecnico;presencial;alta;treino
ATE-02767;Solicito orientação: não consigo abrir o ambiente virtual. Além disso, quero orientação sobre uma situação com uma disciplina.;coordenacao;chat;media;teste
ATE-02768;Olá, minha matrícula mostra uma informação estranha. Minha solicitação principal é: o sistema fecha antes de concluir a operação.;suporte_tecnico;telefone;alta;treino
ATE-02769;O aceso à biblioteca digital falhou. Minha solicitação principal é: meu nome saiu incorreto em um documento acadêmico;secretaria_academica;chat;baixa;validacao
ATE-02770;Então, quero discutir uma decisão acadêmica, mas o que preciso resolver primeiro é que não consigo anexar o arquivo no portal.;suporte_tecnico;chat;baixa;treino
ATE-02771;Preciso avaliar uma situação excepcional no meu percurso acadêmico, mas tenho ainda outra questão: quero confirmar o status da rematrícula.;coordenacao;presencial;baixa;teste
ATE-02772;"Olá, preciso de orientação sobre uma decisão acadêmica que não é apenas cadastral; além disso, meu login falha às vezes. Isso pode ser verificado, por favor?";coordenacao;email;media;treino
ATE-02773;Registro a seguinte situação: fiz o pagamento e ainda aparece pendência?;financeiro;portal;media;treino
ATE-02774;Boa tarde, a página apresenta erro quando tento acessar. Obrigado.;suporte_tecnico;chat;baixa;validacao
ATE-02775;Olá, minha matrícula não aparece corretamente;secretaria_academica;presencial;baixa;treino
ATE-02776;Quero saber sobre a emissão de declaração.;secretaria_academica;presencial;baixa;treino
ATE-02777;Gente, meu acesso está bloqueado;suporte_tecnico;presencial;baixa;treino
ATE-02778;"Tenho um problema recorrente em uma turma e preciso de orientação; além disso, também apareceu uma cobrança que nao reconheço.";coordenacao;portal;alta;treino
ATE-02779;Gente, preciso de orientação sobre uma decisão acadêmica que não é apenas cadastral;coordenacao;chat;media;treino
ATE-02780;Gente, quero entender uma cobrança na mensalidade e também preciso de orientação sobre uma decisão acadêmica que não é apenas cadastral.;financeiro;telefone;baixa;treino
ATE-02781;Por favor, também preciso de orientação sobre uma disciplina, mas o que preciso resolver primeiro é que preciso solicitar aproveitamento de documentação já entregue.;secretaria_academica;presencial;media;treino
ATE-02782;Oi, também preciso de orientação sobre uma disciplina. Minha solicitação principal é: quero informações sobre calendário de matrícula.;secretaria_academica;telefone;media;treino
ATE-02783;Boa tarde, quero confirmar o status da rematrícula e também o desconto da mensalidade não apareceu.;secretaria_academica;telefone;media;treino
ATE-02784;só queria entender, quero saber sobre a emissão de declaração? podem verificar?;secretaria_academica;presencial;media;treino
ATE-02785;Gostaria de solicitar apoio: quero entender o procedimento de trancamento.;secretaria_academica;telefone;baixa;treino
ATE-02786;n consigo entrar no portal. Isso aconteceu depois de consultar as orientações disponíveis.;suporte_tecnico;telefone;alta;treino
ATE-02787;boa tarde, a devolução de um livro ainda não foi registrada obrigado;biblioteca;chat;media;validacao
ATE-02788;Preciso renovar um livro. Isso aconteceu desde a última atualização do sistema.;biblioteca;portal;baixa;validacao
ATE-02789;POR FAVOR, ESTOU COM UMA DÚVIDA, NÃO CONSIGO ABRIR O AMBIENTE VIRTUAL COMO RESOLVO?;suporte_tecnico;chat;baixa;treino
ATE-02790;Depois de tentar pelo portal, preciso renovar um livro.;biblioteca;chat;alta;treino
ATE-02791;"Olá, não consigo abrir o ambiente virtual; além disso, também preciso confirmar um documento acadêmico.";suporte_tecnico;portal;baixa;treino
ATE-02792;"preciso confirmar um estorno; além disso, não consigo acessar uma tela do sistema.";financeiro;chat;media;treino
ATE-02793;oi, preciso discutir equivalência de conteúdo entre disciplinas preciso de um retorno.;coordenacao;presencial;alta;treino
ATE-02794;Alguém consegue me ajudar, preciso corrigir meus dados acadêmicos? Como resolvo?;secretaria_academica;email;baixa;treino
ATE-02795;olá, preciso falar com a coordenação sobre meu planejamento acadêmico e, em paralelo, não consigo acessar uma tela do sistema. conseguem me orientar?;coordenacao;chat;alta;treino
ATE-02796;o link de recuperação de senha não chega, mas tenho ainda outra questão: quero reservar um exemplar.!!!!;suporte_tecnico;telefone;alta;validacao
ATE-02797;Gente, minha senha não funciona e, em paralelo, também tenho uma pendência de empréstimo.;suporte_tecnico;chat;baixa;treino
ATE-02798;preciso solicitar um histórico escolar e, em paralelo, o acesso à biblioteca digital falhou.;secretaria_academica;telefone;media;treino
ATE-02799;a página apresenta erro quando tento acessar.;suporte_tecnico;telefone;media;treino
ATE-02800;Antes do prazo informado, preciso conversar sobre a organização da minha grade.;coordenacao;portal;baixa;validacao
ATE-02801;O sistema fecha antes de concluir a operação, mas tenho ainda outra questão: tenho um problema recorrente em uma turma e preciso de orientação.;suporte_tecnico;telefone;baixa;validacao
ATE-02802;Por favor, preciso renovar um livro, mas tenho ainda outra questão: não consigo anexar o arquivo no portal;biblioteca;presencial;media;teste
ATE-02803;PRECISO SOLICITAR APROVEITAMENTO DE DOCUMENTAÇÃO JÁ ENTREGUE;secretaria_academica;chat;baixa;treino
ATE-02804;quero confirmar a multa de um empréstimo atrasado;biblioteca;email;baixa;treino
ATE-02805;oi, quero entender o procedimento de trancamento, mas tenho ainda outra questão: preciso de informações sobre vencimento e juros conseguem me orientar;secretaria_academica;telefone;baixa;validacao
ATE-02806;Olá, preciso discutir equivalência de conteúdo entre disciplinas Podem verificar?;coordenacao;presencial;baixa;treino
ATE-02807;Preciso solicitar um histórico escolar, para resolver ainda este mês.;secretaria_academica;presencial;alta;treino
ATE-02808;venho informar, minha matrícula mostra uma informação estranha, mas o que preciso resolver primeiro é que meu acesso está bloqueado. podem verificar?;suporte_tecnico;chat;media;treino
ATE-02809;"preciso discutir equivalência de conteúdo entre disciplinas; além disso, tenho dúvida sobre um registro. 😕!";coordenacao;portal;media;treino
ATE-02810;Oi, preciso de informações sobre vencimento e juros. Agradeço se puderem olhar isso.;financeiro;portal;alta;treino
ATE-02811;Bom dia, tenho dúvida sobre um registro. Minha solicitação principal é: quero discutir uma situação pedagógica com a turma. Fico no aguardo.;coordenacao;presencial;media;treino
ATE-02812;"Quero saber se um título está disponível; situação observada depois de consultar as orientações disponíveis.";biblioteca;chat;alta;treino
ATE-02813;Tenho um problema recorrente em uma turma e preciso de orientação. Isso aconteceu antes da próxima aula.;coordenacao;chat;alta;treino
ATE-02814;Boa tarde, quero orientação acadêmica antes de escolher as próximas matérias. Além disso, o sistema fecha antes de concluir a operação.;suporte_tecnico;presencial;media;validacao
ATE-02815;só queria entender, minha matrícula mostra uma informação estranha, mas o que preciso resolver primeiro é que não consigo acessar a base de periódicos. como resolvo?;biblioteca;portal;media;treino
ATE-02816;fiz o pagamento e ainda aparece pendência. Isso aconteceu para resolver ainda este mês.;financeiro;chat;media;treino
ATE-02817;"quero orientação sobre uma situação com uma disciplina; além disso, o portal também está dando erro.";coordenacao;presencial;media;teste
ATE-02818;Só queria entender, preciso conferir um livro. Minha solicitação principal é: meu acesso está bloqueado. Conseguem me orientar?;suporte_tecnico;portal;alta;treino
ATE-02819;Gostaria de solicitar apoio: meu nome saiu incorreto em um documento acadêmico.;secretaria_academica;presencial;baixa;treino
ATE-02820;"Oi, preciso falar com a coordenação sobre meu planejamento acadêmico; ao mesmo tempo, meu acesso está bloqueado.";suporte_tecnico;chat;alta;treino
ATE-02821;"Pessoal, preciso de informações sobre vencimento e juros; além disso, há uma questão pedagógica que preciso avaliar. Isso pode ser verificado, por favor?";financeiro;telefone;media;validacao
ATE-02822;"preciso solicitar um histórico escolar; situação observada antes da próxima aula.";secretaria_academica;chat;media;treino
ATE-02823;Gente, venho informar, preciso confirmar um estorno? Obrigada.;financeiro;chat;media;treino
ATE-02824;"Para organizar minha situação, preciso confirmar um estorno; além disso, não consigo acessar uma tela do sistema.";financeiro;portal;baixa;validacao
ATE-02825;Preciso corrigir meus dados acadêmicos. Isso aconteceu depois de consultar as orientações disponíveis.;secretaria_academica;chat;media;treino
ATE-02826;Uma disciplina não consta no meu registro.;secretaria_academica;portal;media;treino
ATE-02827;Oi, aPARECE UMA MENSAGEM DE ERRO TODA VEZ QUE FAÇO LOGIN.;suporte_tecnico;email;alta;teste
ATE-02828;Desde o começo da semana, o valor da parcela está diferente.;financeiro;email;media;teste
ATE-02829;Oi, oi, não consigo anexar o arquivo no portal e, em paralelo, também preciso confirmar um documento acadêmico.;suporte_tecnico;chat;media;treino
ATE-02830;Olá, o sistema fecha antes de concluir a operação. Além disso, fiz o pagamento e ainda aparece pendência.;financeiro;portal;media;teste
ATE-02831;meu login falha às vezes. minha solicitação principal é: preciso falar com a coordenação sobre meu planejamento acadêmico. 🙂;coordenacao;portal;alta;treino
ATE-02832;Preciso corrigir meus dados acadêmicos.;secretaria_academica;chat;media;teste
ATE-02833;Quero orientação sobre uma situação com uma disciplina, depois de consultar as orientações disponíveis.;coordenacao;chat;media;validacao
ATE-02834;Por favor, um livro devolvido ainda aparece comigo Isso pode ser verificado, por favor?;biblioteca;presencial;baixa;validacao
ATE-02835;Olá, minha matrícula não aparece corretamente.;secretaria_academica;email;baixa;treino
ATE-02836;Olá, o acesso à biblioteca digital falhou, mas o que preciso resolver primeiro é que o sistema fecha antes de concluir a operação.;suporte_tecnico;portal;baixa;treino
ATE-02837;quero saber se um título está disponível e, em paralelo, também preciso de orientação sobre uma disciplina agradeço se puderem olhar isso;biblioteca;email;media;treino
ATE-02838;POR FAVOR, QUERO ENTENDER UMA COBRANÇA NA MENSALIDADE. AGRADEÇO SE PUDEREM OLHAR ISSO.;financeiro;chat;media;validacao
ATE-02839;"Então, meu nome saiu incorreto em um documento acadêmico; ao mesmo tempo, quero entender uma cobrança na mensalidade.";financeiro;portal;baixa;treino
ATE-02840;a página apresenta erro quando tento acessar, antes da próxima aula.;suporte_tecnico;portal;media;treino
ATE-02841;Por favor, oi, meu login falha às vezes. Minha solicitação principal é: quero confirmar a multa de um empréstimo atrasado. Como resolvo?;biblioteca;email;baixa;treino
ATE-02842;Oi, preciso de orientação sobre uma decisão acadêmica que não é apenas cadastral Podem verificar?!;coordenacao;presencial;baixa;treino
ATE-02843;quero saber sobre a emissão de declaração, desde a última atualização do sistema.;secretaria_academica;chat;media;treino
ATE-02844;"A página apresenta erro quando tento acessar; além disso, tenho dúvida sobre um registro.";suporte_tecnico;presencial;media;treino
ATE-02845;Não consigo visualizar o boleto deste mês, nesta semana.;financeiro;presencial;media;treino
ATE-02846;Na solicitação que abri recentemente, a plataforma fica em tela branca.;suporte_tecnico;portal;media;validacao
ATE-02847;"Meu nome saiu incorreto em um documento acadêmico; situação observada no semestre atual.";secretaria_academica;email;media;teste
ATE-02848;meu login falha às vezes. minha solicitação principal é: nao consigo acessar a base de periódicos.;biblioteca;chat;media;treino
ATE-02849;Gostaria de solicitar apoio: a página apresenta erro quando tento acessar.;suporte_tecnico;telefone;media;treino
ATE-02850;Quero discutir uma situação pedagógica com a turma e, em paralelo, também preciso confirmar um documento acadêmico.;coordenacao;portal;alta;treino
ATE-02851;Preciso solicitar um histórico escolar. Isso aconteceu na solicitação que abri recentemente.;secretaria_academica;telefone;media;treino
ATE-02852;Bom dia, preciso da segunda via do boleto? Fico no aguardo.;financeiro;telefone;baixa;treino
ATE-02853;Olá, quero confirmar o status da rematrícula.;secretaria_academica;presencial;media;validacao
ATE-02854;pessoal, também preciso confirmar um documento acadêmico, mas o que preciso resolver primeiro é que preciso falar com a coordenação sobre meu planejamento acadêmico.;coordenacao;presencial;alta;treino
ATE-02855;A devoluçao de um livro ainda não foi registrada.;biblioteca;presencial;media;treino
ATE-02856;"Solicito orientação: preciso conversar sobre a organização da minha grade; além disso, também tenho uma pendência de empréstimo";coordenacao;chat;alta;validacao
ATE-02857;"A página apresenta erro quando tento acessar; além disso, preciso conferir um livro";suporte_tecnico;portal;alta;teste
ATE-02858;não consigo acessar um artigo pelo portal da biblioteca e, em paralelo, quero discutir uma decisão acadêmica.;biblioteca;chat;baixa;treino
ATE-02859;quero entender o procedimento de trancamento;secretaria_academica;portal;media;treino
ATE-02860;Então, não consigo acessar a base de periódicos?;biblioteca;chat;media;treino
ATE-02861;venho informar, preciso solicitar um histórico escolar como resolvo;secretaria_academica;email;media;treino
ATE-02862;só queria entender, a devolução de um livro ainda não foi registrada e, em paralelo, quero discutir uma decisão acadêmica. obrigada.;biblioteca;portal;baixa;treino
ATE-02863;Venho informar, preciso da segunda via do boleto? Conseguem me orientar?;financeiro;telefone;alta;validacao
ATE-02864;Para conseguir seguir com o processo, preciso solicitar um histórico escolar.;secretaria_academica;presencial;media;validacao
ATE-02865;"Preciso consultar uma pendência de empréstimo; além disso, também apareceu uma cobrança que não reconheço.";biblioteca;presencial;media;teste
ATE-02866;por favor, não consigo entrar no portal conseguem me orientar;suporte_tecnico;portal;baixa;validacao
ATE-02867;Quero informações sobre calendário de matrícula e, em paralelo, tenho dúvida sobre um pagamento.;secretaria_academica;presencial;baixa;treino
ATE-02868;Por favor, o acesso à biblioteca digital falhou. minha solicitação principal é: o link de recuperação de senha não chega.;suporte_tecnico;presencial;baixa;treino
ATE-02869;Não consigo acessar uma tela do sistema. Minha solicitação principal é: quero confirmar a multa de um empréstimo atrasado. Agradeço se puderem olhar isso.;biblioteca;email;alta;treino
ATE-02870;pessoal, quero saber se um título está disponível. obrigada. 😕;biblioteca;chat;media;treino
ATE-02871;quero confirmar a multa de um empréstimo atrasado, mas tenho ainda outra questão: não consigo anexar o arquivo no portal.;biblioteca;chat;media;treino
ATE-02872;só queria entender, meu nome saiu incorreto em um documento acadêmico fico no aguardo!;secretaria_academica;email;baixa;validacao
ATE-02873;Olá, meu acesso está bloqueado e, em paralelo, tenho dúvida sobre um registro. Obrigado.;suporte_tecnico;chat;media;treino
ATE-02874;gostaria de registrar, quero conversar sobre pré-requisitos e sequência de disciplinas fico no aguardo.;coordenacao;email;media;treino
ATE-02875;Então, olá, quero entender uma cobrança na mensalidade e, em paralelo, não consigo acessar uma tela do sistema. Isso pode ser verificado, por favor?;financeiro;chat;alta;teste
ATE-02876;estou com uma dúvida, o acesso à biblioteca digital falhou, mas o que preciso resolver primeiro é que quero orientação acadêmica antes de escolher as próximas matérias. agradeço se puderem olhar isso.;coordenacao;chat;media;treino
ATE-02877;aparece uma mensagem de erro toda vez que faço login, antes do início das aulas.;suporte_tecnico;presencial;media;treino
ATE-02878;Preciso de orientação sobre uma decisão acadêmica que não é apenas cadastral.;coordenacao;presencial;media;validacao
ATE-02879;Então, por favor, minha senha não funciona Fico no aguardo.;suporte_tecnico;email;baixa;treino
ATE-02880;Boa tarde, uma disciplina não consta no meu registro. Além disso, o valor da parcela está diferente.;financeiro;chat;alta;treino
ATE-02881;Olá, também preciso de orientação sobre uma disciplina. Minha solicitação principal é: o valor da parcela está diferente. Conseguem me orientar?;financeiro;telefone;baixa;teste
ATE-02882;Preciso de informações sobre vencimento e juros, depois de consultar as orientações disponíveis.;financeiro;telefone;alta;validacao
ATE-02883;Gostaria de solicitar apoio: preciso da segunda via do boleto, mas tenho ainda outra questão: não consigo anexar o arquivo no portal.;financeiro;email;media;treino
ATE-02884;Quero saber se um título está disponível e, em paralelo, tenho dúvida sobre um pagamento.;biblioteca;portal;media;treino
ATE-02885;Oi, quero entender o procedimento de trancamento;secretaria_academica;chat;media;treino
ATE-02886;Olá, estou com uma dúvida, não consigo acessar a base de periódicos?;biblioteca;telefone;alta;treino
ATE-02887;Queria uma orientação, fiz o pagamento e ainda aparece pendência, mas tenho ainda outra questão: quero saber se um título está disponível. Conseguem me orientar?;financeiro;email;baixa;treino
ATE-02888;Também preciso confirmar um documento acadêmico, mas o que preciso resolver primeiro é que o sistema fecha antes de concluir a operação.;suporte_tecnico;presencial;baixa;teste
ATE-02889;quero negociar uma pendência financeira.;financeiro;email;baixa;treino
ATE-02890;Por favor, por favor, quero discutir uma decisão acadêmica, mas o que preciso resolver primeiro é que preciso corrigir meus dados acadêmicos. Agradeço se puderem olhar isso.;secretaria_academica;presencial;baixa;treino
ATE-02891;Desde a última atualização do sistema, preciso avaliar uma situação excepcional no meu percurso acadêmico.;coordenacao;presencial;baixa;teste
ATE-02892;Preciso falar com a coordenação sobre meu planejamento acadêmico e, em paralelo, meu login falha às vezes;coordenacao;telefone;media;validacao
ATE-02893;Também preciso de orientação sobre uma disciplina. Minha solicitação principal é: meu nome saiu incorreto em um documento acadêmico.;secretaria_academica;email;alta;treino
ATE-02894;Para organizar minha situação, o aplicativo não carrega e, em paralelo, também preciso de orientação sobre uma disciplina.;suporte_tecnico;email;alta;teste
ATE-02895;quero reservar um exemplar e, em paralelo, tenho dúvida sobre um registro.;biblioteca;chat;baixa;validacao
ATE-02896;"Por favor, alguém consegue me ajudar, a devolução de um livro ainda não foi registrada; além disso, há uma questão pedagógica que preciso avaliar. Como resolvo?";biblioteca;telefone;media;treino
ATE-02897;Então, só queria entender, o desconto da mensalidade não apareceu. Conseguem me orientar?;financeiro;email;media;treino
ATE-02898;Então, tenho um problema recorrente em uma turma e preciso de orientação?;coordenacao;portal;baixa;treino
ATE-02899;Queria uma orientação, aparece uma mensagem de erro toda vez que faço login. Além disso, preciso confirmar um estorno.;financeiro;portal;media;treino
ATE-02900;"preciso de informações sobre vencimento e juros; situação observada para organizar minha situação.";financeiro;email;baixa;treino
ATE-02901;QUERO CONVERSAR SOBRE PRÉ-REQUISITOS E SEQUÊNCIA DE DISCIPLINAS.;coordenacao;telefone;media;treino
ATE-02902;Gostaria de solicitar apoio: tenho dúvida sobre um registro. Minha solicitação principal é: não consigo visualizar o boleto deste mês. Agradeço se puderem olhar isso.;financeiro;chat;media;treino
ATE-02903;venho informar, preciso renovar um livro fico no aguardo.;biblioteca;presencial;media;treino
ATE-02904;o portal também esta dando erro minha solicitação principal é: quero orientação acadêmica antes de escolher as próximas matérias;coordenacao;telefone;alta;validacao
ATE-02905;"preciso atualizar um documento da matrícula; ao mesmo tempo, não consigo abrir o ambiente virtual.";suporte_tecnico;chat;media;treino
ATE-02906;a devolução de um livro ainda não foi registrada. além disso, aparece uma mensagem de erro toda vez que faço login.;suporte_tecnico;portal;media;teste
ATE-02907;Registro a seguinte situação: um livro devolvido ainda aparece comigo.;biblioteca;portal;media;treino
ATE-02908;Aparece uma mensagem de erro toda vez que faço login. Isso aconteceu nesta semana.;suporte_tecnico;email;baixa;treino
ATE-02909;Registro a seguinte situação: fiz o pagamento e ainda aparece pendência. Além disso, não consigo acessar um artigo pelo portal da biblioteca. Obrigada.;biblioteca;chat;baixa;teste
ATE-02910;"REGISTRO A SEGUINTE SITUAÇÃO: PRECISO CONVERSAR SOBRE A ORGANIZAÇÃO DA MINHA GRADE; AO MESMO TEMPO, A PÁGINA APRESENTA ERRO QUANDO TENTO ACESSAR.";suporte_tecnico;chat;baixa;treino
ATE-02911;"Preciso falar com a coordenação sobre meu planejamento acadêmico; ao mesmo tempo, quero confirmar o status da rematrícula. Obrigada.";secretaria_academica;chat;media;treino
ATE-02912;Solicito orientação: por favor, fiz o pagamento e ainda aparece pendência? Preciso de um retorno.;financeiro;chat;baixa;treino
ATE-02913;Gente, preciso falar com a coordenação sobre meu planejamento acadêmico;coordenacao;telefone;media;treino
ATE-02914;Gostaria de solicitar apoio: venho informar, meu acesso está bloqueado Agradeço se puderem olhar isso.;suporte_tecnico;portal;alta;treino
ATE-02915;Preciso confirmar um estorno. Isso aconteceu para resolver ainda este mês.;financeiro;portal;media;teste
ATE-02916;Então, olá, preciso consultar uma pendência de empréstimo Obrigada.;biblioteca;chat;baixa;validacao
ATE-02917;O valor da parcela está diferente;financeiro;chat;alta;validacao
ATE-02918;Olá, preciso confirmar um estorno e também quero informações sobre calendário de matrícula!;financeiro;portal;baixa;teste
ATE-02919;"Não consigo acessar a base de periódicos; além disso, também preciso de orientação sobre uma disciplina.";biblioteca;presencial;alta;validacao
ATE-02920;"Minha senha não funciona; situação observada desde ontem.";suporte_tecnico;telefone;baixa;treino
ATE-02921;Então, por favor, preciso renovar um livro?;biblioteca;presencial;baixa;teste
ATE-02922;Registro a seguinte situação: aparece uma mensagem de erro toda vez que faço login?;suporte_tecnico;presencial;alta;treino
ATE-02923;O sistema fecha antes de concluir a operação. Isso aconteceu desde o começo da semana.;suporte_tecnico;chat;baixa;treino
ATE-02924;Preciso consultar uma pendência de empréstimo. Além disso, meu pagamento ainda não foi reconhecido;financeiro;telefone;media;treino
ATE-02925;Oi, boa tarde, meu pagamento ainda não foi reconhecido e, em paralelo, também preciso confirmar um documento acadêmico. Obrigada.;financeiro;email;media;treino
ATE-02926;Também tenho uma pendência de empréstimo, mas o que preciso resolver primeiro é que minha senha não funciona.;suporte_tecnico;presencial;alta;treino
ATE-02927;Desde ontem, quero discutir uma situação pedagógica com a turma.;coordenacao;presencial;media;treino
ATE-02928;;biblioteca;chat;alta;treino
ATE-02929;Olá, quero informações sobre calendário de matrícula Preciso de um retorno.;secretaria_academica;portal;media;validacao
ATE-02930;Olá, não consigo acessar a base de periódicos. Além disso, preciso conversar sobre a organização da minha grade.;coordenacao;chat;baixa;treino
ATE-02931;preciso discutir equivalência de conteúdo entre disciplinas e, em paralelo, também preciso confirmar um documento acadêmico.;coordenacao;chat;baixa;teste
ATE-02932;fiz o pagamento e ainda aparece pendência, na solicitação que abri recentemente.;financeiro;telefone;alta;treino
ATE-02933;Só queria entender, quero orientação acadêmica antes de escolher as próximas matérias e, em paralelo, também apareceu uma cobrança que não reconheço. Obrigada.;coordenacao;presencial;alta;treino
ATE-02934;Preciso de ajuda, preciso solicitar um histórico escolar. Além disso, aparece uma mensagem de erro toda vez que faço login. Podem verificar?;suporte_tecnico;chat;baixa;treino
ATE-02935;Bom dia, preciso conversar sobre a organização da minha grade. Obrigado.;coordenacao;portal;alta;validacao
ATE-02936;meu pagamento ainda não foi reconhecido, antes de enviar outro pedido.;financeiro;presencial;media;treino
ATE-02937;Então, não consigo abrir o ambiente virtual.;suporte_tecnico;email;media;validacao
ATE-02938;Registro a seguinte situação: aparece uma mensagem de erro toda vez que faço login, antes de enviar outro pedido.;suporte_tecnico;email;baixa;validacao
ATE-02939;venho informar, preciso avaliar uma situação excepcional no meu percurso acadêmico. agradeço se puderem olhar isso.;coordenacao;portal;media;treino
ATE-02940;o comprovante foi enviado, mas o débito continua aberto!;financeiro;presencial;alta;treino
ATE-02941;alguém consegue me ajudar, minha senha não funciona e, em paralelo, o acesso à biblioteca digital falhou.;suporte_tecnico;telefone;media;teste
ATE-02942;Para organizar minha situação, preciso renovar um livro.;biblioteca;telefone;media;teste
ATE-02943;Por favor, queria uma orientação, preciso de informações sobre vencimento e juros? Fico no aguardo!;financeiro;chat;baixa;treino
ATE-02944;Antes do início das aulas, o aplicativo não carrega.;suporte_tecnico;portal;baixa;teste
ATE-02945;Então, preciso corrigir meus dados acadêmicos?;secretaria_academica;presencial;media;teste
ATE-02946;Registro a seguinte situação: estou com uma dúvida, preciso discutir equivalência de conteúdo entre disciplinas. Além disso, quero confirmar o status da rematrícula. Fico no aguardo.;secretaria_academica;portal;baixa;treino
ATE-02947;Olá, quero discutir uma situação pedagógica com a turma;coordenacao;chat;media;treino
ATE-02948;"Registro a seguinte situação: quero negociar uma pendência financeira; ao mesmo tempo, nao consigo acessar a base de periódicos.";biblioteca;portal;media;teste
ATE-02949;Meu acesso esta bloqueado e, em paralelo, preciso conferir um livro.;suporte_tecnico;chat;media;treino
ATE-02950;"Quero orientação sobre uma situação com uma disciplina; situação observada para organizar minha situação.";coordenacao;chat;baixa;treino
ATE-02951;"Uma disciplina não consta no meu registro; além disso, também apareceu uma cobrança que não reconheço.";secretaria_academica;telefone;baixa;treino
ATE-02952;"quero discutir uma situação pedagógica com a turma; além disso, não consigo acessar uma tela do sistema";coordenacao;email;baixa;treino
ATE-02953;Então, estou com uma dúvida, preciso renovar um livro e, em paralelo, não consigo acessar uma tela do sistema. Como resolvo?;biblioteca;chat;media;treino
ATE-02954;Quero confirmar o status da rematrícula, mas tenho ainda outra questão: o link de recuperação de senha não chega.;secretaria_academica;telefone;media;treino
ATE-02955;Solicito orientação: aparece uma mensagem de erro toda vez que faço login?;suporte_tecnico;presencial;alta;treino
ATE-02956;Preciso solicitar aproveitamento de documentação já entregue.;secretaria_academica;chat;baixa;validacao
ATE-02957;Preciso confirmar um estorno, mas tenho ainda outra questão: preciso consultar uma pendência de empréstimo!;financeiro;presencial;media;treino
ATE-02958;só queria entender, quero orientação sobre uma situação com uma disciplina agradeço se puderem olhar isso.;coordenacao;telefone;media;teste
ATE-02959;Queria uma orientação, o acesso à biblioteca digital falhou, mas o que preciso resolver primeiro é que não consigo abrir o ambiente virtual. Agradeço se puderem olhar isso.;suporte_tecnico;presencial;media;validacao
ATE-02960;queria uma orientação, preciso consultar uma pendência de empréstimo. obrigada.;biblioteca;telefone;alta;treino
ATE-02961;pessoal, a plataforma fica em tela branca? isso pode ser verificado, por favor?;suporte_tecnico;telefone;media;treino
ATE-02962;Oi, não consigo acessar um artigo pelo portal da biblioteca.;biblioteca;telefone;media;teste
ATE-02963;;secretaria_academica;portal;alta;treino
ATE-02964;Solicito orientação: quero saber sobre a emissão de declaração;secretaria_academica;chat;media;treino
ATE-02965;não consigo acessar uma tela do sistema. minha solicitação principal é: preciso solicitar aproveitamento de documentação já entregue.;secretaria_academica;chat;media;treino
ATE-02966;Não consigo abrir o ambiente virtual e, em paralelo, quero discutir uma decisão acadêmica.;suporte_tecnico;telefone;media;treino
ATE-02967;O comprovante foi enviado, mas o débito continua aberto. Além disso, quero saber sobre a emissão de declaração.;secretaria_academica;presencial;media;treino
ATE-02968;"Preciso discutir equivalência de conteúdo entre disciplinas; situação observada antes de enviar outro pedido Podem verificar?";coordenacao;chat;media;treino
ATE-02969;boa tarde, tenho dúvida sobre um pagamento. minha solicitação principal é: quero discutir uma situação pedagógica com a turma. podem verificar?;coordenacao;presencial;media;teste
ATE-02970;Gente, há uma questão pedagógica que preciso avaliar. Minha solicitação principal é: o sistema fecha antes de concluir a operação.;suporte_tecnico;presencial;baixa;treino
ATE-02971;A plataforma fica em tela branca!;suporte_tecnico;portal;alta;treino
ATE-02972;Olá, o acesso à biblioteca digital falhou. Minha solicitação principal é: fiz o pagamento e ainda aparece pendência. Preciso de um retorno.;financeiro;presencial;alta;treino
ATE-02973;"O sistema fecha antes de concluir a operação; além disso, minha matrícula mostra uma informação estranha.";suporte_tecnico;telefone;media;treino
ATE-02974;Por favor, há uma questão pedagógica que preciso avaliar. Minha solicitação principal é: o link de recuperação de senha não chega.;suporte_tecnico;chat;baixa;treino
ATE-02975;Preciso consultar uma pendência de empréstimo.;biblioteca;chat;baixa;treino
ATE-02976;Meu acesso está bloqueado e, em paralelo, o acesso à biblioteca digital falhou.;suporte_tecnico;portal;baixa;treino
ATE-02977;pessoal, também preciso de orientação sobre uma disciplina, mas o que preciso resolver primeiro é que não consigo abrir o ambiente virtual. podem verificar?;suporte_tecnico;email;baixa;treino
ATE-02978;minha matrícula n aparece corretamente e também quero entender uma cobrança na mensalidade.;secretaria_academica;portal;alta;treino
ATE-02979;Gente, não consigo acessar um artigo pelo portal da biblioteca.;biblioteca;email;alta;validacao
ATE-02980;Minha senha não funciona. Isso aconteceu desde ontem.;suporte_tecnico;email;media;teste
ATE-02981;POR FAVOR, O SISTEMA FECHA ANTES DE CONCLUIR A OPERAÇÃO.;suporte_tecnico;portal;baixa;treino
ATE-02982;Então, quero negociar uma pendência financeira, mas tenho ainda outra questão: quero discutir uma situação pedagógica com a turma;financeiro;telefone;alta;treino
ATE-02983;Oi, quero negociar uma pendência financeira.;financeiro;presencial;baixa;treino
ATE-02984;estou com uma dúvida, o aplicativo não carrega? fico no aguardo.;suporte_tecnico;portal;baixa;validacao
ATE-02985;Só queria entender, não consigo acessar a base de periódicos? Fico no aguardo Podem verificar?;biblioteca;email;media;validacao
ATE-02986;oi, n consigo abrir o ambiente virtual.;suporte_tecnico;portal;media;validacao
ATE-02987;Registro a seguinte situação: a página apresenta erro quando tento acessar?!;suporte_tecnico;telefone;baixa;treino
ATE-02988;"pessoal, quero saber se um título está disponível; além disso, o boleto continua pendente. obrigada.";biblioteca;email;baixa;treino
ATE-02989;Por favor, bom dia, preciso de orientação sobre uma decisão acadêmica que não é apenas cadastral. Além disso, preciso corrigir meus dados acadêmicos. Obrigada.;secretaria_academica;portal;alta;treino
ATE-02990;"o sistema fecha antes de concluir a operação; além disso, também preciso de orientação sobre uma disciplina.";suporte_tecnico;presencial;alta;validacao
ATE-02991;Gostaria de registrar, uma disciplina não consta no meu registro Fico no aguardo.;secretaria_academica;email;alta;validacao
ATE-02992;não consigo acessar um artigo pelo portal da biblioteca;biblioteca;email;baixa;treino
ATE-02993;"Oi, não consigo acessar um artigo pelo portal da biblioteca; além disso, o portal também está dando erro.";biblioteca;chat;media;validacao
ATE-02994;quero discutir uma decisão acadêmica. minha solicitação principal é: um livro devolvido ainda aparece comigo.;biblioteca;email;media;treino
ATE-02995;Bom dia, preciso conferir um livro. Minha solicitação principal é: o valor da parcela esta diferente. Podem verificar?;financeiro;email;media;treino
ATE-02996;Olá, quero saber sobre a emissão de declaração?;secretaria_academica;email;media;treino
ATE-02997;"Um livro devolvido ainda aparece comigo; situação observada desde ontem.";biblioteca;telefone;media;teste
ATE-02998;pessoal, o comprovante foi enviado, mas o débito continua aberto? podem verificar?;financeiro;portal;media;teste
ATE-02999;quero discutir uma situação pedagógica com a turma. Isso aconteceu na solicitação que abri recentemente.;coordenacao;email;baixa;validacao
ATE-03000;"O aplicativo não carrega; situação observada depois de tentar pelo portal.";suporte_tecnico;email;alta;treino
ATE-03001;Por favor, preciso conferir um livro, mas o que preciso resolver primeiro é que meu pagamento ainda não foi reconhecido. Conseguem me orientar?;financeiro;telefone;baixa;treino
ATE-03002;"nao consigo anexar o arquivo no portal; ao mesmo tempo, uma disciplina nao consta no meu registro.";secretaria_academica;presencial;media;treino
ATE-03003;não consigo anexar o arquivo no portal, desde ontem.;suporte_tecnico;chat;media;treino
ATE-03004;Antes do início das aulas, quero orientação sobre uma situação com uma disciplina.;coordenacao;telefone;media;treino
ATE-03005;Oi, só queria entender, preciso conversar sobre a organização da minha grade Como resolvo?;coordenacao;chat;media;treino
ATE-03006;Não consigo visualizar o boleto deste mês e também não consigo acessar a base de periódicos. Podem verificar?;financeiro;telefone;alta;treino
ATE-03007;Alguém consegue me ajudar, não consigo visualizar o boleto deste mês? Obrigado.;financeiro;chat;media;treino
ATE-03008;Meu login falha às vezes, mas o que preciso resolver primeiro é que quero entender uma cobrança na mensalidade.;financeiro;telefone;alta;treino
ATE-03009;quero discutir uma situação pedagógica com a turma?;coordenacao;chat;media;teste
ATE-03010;quero confirmar a multa de um empréstimo atrasado. além disso, meu pagamento ainda não foi reconhecido.;financeiro;chat;baixa;validacao
ATE-03011;meu acesso está bloqueado;suporte_tecnico;presencial;media;treino
ATE-03012;Gostaria de solicitar apoio: preciso de informações sobre vencimento e juros;financeiro;portal;baixa;teste
ATE-03013;"Olá, quero negociar uma pendência financeira; além disso, minha matrícula mostra uma informação estranha.";financeiro;portal;alta;teste
ATE-03014;O portal também está dando erro, mas o que preciso resolver primeiro é que preciso solicitar um histórico escolar. Isso pode ser verificado, por favor?;secretaria_academica;email;media;treino
ATE-03015;A plataforma fica em tela branca, para conseguir seguir com o processo.;suporte_tecnico;telefone;media;teste
ATE-03016;Gente, preciso renovar um livro.;biblioteca;email;baixa;treino
ATE-03017;preciso de ajuda, há uma questão pedagógica q preciso avaliar, mas o q preciso resolver primeiro é q quero negociar uma pendência financeira. isso pode ser verificado, por favor?;financeiro;email;alta;teste
ATE-03018;O portal também está dando erro, mas o que preciso resolver primeiro é que preciso de informações sobre vencimento e juros;financeiro;presencial;media;validacao
ATE-03019;O desconto da mensalidade nao apareceu.;financeiro;chat;alta;teste
ATE-03020;"preciso corrigir meus dados acadêmicos; além disso, quero discutir uma decisão acadêmica";secretaria_academica;email;media;treino
ATE-03021;Aparece uma mensagem de erro toda vez que faço login, mas tenho ainda outra questão: não consigo acessar a base de periódicos.;suporte_tecnico;telefone;alta;treino
ATE-03022;Então, estou com uma dúvida, quero orientação sobre uma situação com uma disciplina. Preciso de um retorno;coordenacao;email;baixa;treino
ATE-03023;quero discutir uma situação pedagógica com a turma. além disso, meu nome saiu incorreto em um documento acadêmico.;secretaria_academica;telefone;media;treino
ATE-03024;Quero entender o procedimento de trancamento. Isso aconteceu antes de enviar outro pedido.;secretaria_academica;portal;media;treino
ATE-03025;Também preciso confirmar um documento acadêmico, mas o que preciso resolver primeiro é que quero discutir uma situação pedagógica com a turma.;coordenacao;telefone;baixa;validacao
ATE-03026;"um livro devolvido ainda aparece comigo; ao mesmo tempo, quero orientação sobre uma situação com uma disciplina.";coordenacao;presencial;alta;validacao
ATE-03027;"pessoal, quero saber sobre a emissão de declaração; ao mesmo tempo, preciso da segunda via do boleto. agradeço se puderem olhar isso.";financeiro;chat;baixa;treino
ATE-03028;Olá, estou com uma dúvida, quero entender o procedimento de trancamento Como resolvo?;secretaria_academica;email;baixa;treino
ATE-03029;n consigo abrir o ambiente virtual;suporte_tecnico;portal;media;validacao
ATE-03030;Oi, quero reservar um exemplar?;biblioteca;telefone;baixa;treino
ATE-03031;pessoal, preciso de orientação sobre uma decisão acadêmica que n é apenas cadastral, mas tenho ainda outra questão: quero confirmar a multa de um empréstimo atrasado. agradeço se puderem olhar isso.;coordenacao;portal;alta;treino
ATE-03032;Não consigo abrir o ambiente virtual e, em paralelo, preciso conferir um livro.;suporte_tecnico;email;media;teste
ATE-03033;Então, preciso avaliar uma situação excepcional no meu percurso acadêmico;coordenacao;portal;media;treino
ATE-03034;preciso renovar um livro e tbm minha matrícula não aparece corretamente;biblioteca;portal;alta;validacao
ATE-03035;O aceso à biblioteca digital falhou, mas o que preciso resolver primeiro é que o link de recuperação de senha não chega.;suporte_tecnico;chat;alta;treino
ATE-03036;Olá, o portal também está dando erro. Minha solicitação principal é: preciso renovar um livro.;biblioteca;chat;media;treino
ATE-03037;também preciso de orientação sobre uma disciplina, mas o que preciso resolver primeiro é que meu nome saiu incorreto em um documento acadêmico;secretaria_academica;chat;media;teste
ATE-03038;"Então, preciso corrigir meus dados acadêmicos; além disso, tenho dúvida sobre um pagamento.";secretaria_academica;email;baixa;treino
ATE-03039;Preciso de ajuda, preciso da segunda via do boleto? Obrigado.;financeiro;presencial;media;treino
ATE-03040;O aplicativo não carrega!;suporte_tecnico;email;baixa;treino
ATE-03041;não consigo acessar um artigo pelo portal da biblioteca Podem verificar?;biblioteca;presencial;baixa;treino
ATE-03042;Por favor, quero conversar sobre pré-requisitos e sequência de disciplinas Obrigada.;coordenacao;email;media;treino
ATE-03043;Oi, aparece uma mensagem de erro toda vez que faço login Conseguem me orientar?;suporte_tecnico;portal;media;validacao
ATE-03044;"Não consigo abrir o ambiente virtual; além disso, também apareceu uma cobrança que não reconheço.";suporte_tecnico;presencial;media;treino
ATE-03045;Registro a seguinte situação: preciso solicitar um histórico escolar?;secretaria_academica;presencial;media;treino
ATE-03046;Por favor, quero reservar um exemplar. Isso pode ser verificado, por favor?;biblioteca;presencial;media;treino
ATE-03047;Oi, quero saber sobre a emissão de declaração. Além disso, preciso de orientação sobre uma decisão acadêmica que não é apenas cadastral;coordenacao;portal;alta;teste
ATE-03048;Gostaria de solicitar apoio: preciso confirmar um estorno?;financeiro;portal;alta;treino
ATE-03049;Então, por favor, o desconto da mensalidade não apareceu Obrigada.;financeiro;chat;media;teste
ATE-03050;há uma questão pedagógica que preciso avaliar, mas o que preciso resolver primeiro é que quero reservar um exemplar.;biblioteca;chat;baixa;teste
ATE-03051;Preciso conferir um livro. Minha solicitação principal é: o sistema fecha antes de concluir a operação.;suporte_tecnico;presencial;baixa;treino
ATE-03052;Para resolver ainda este mês, uma disciplina não consta no meu registro.;secretaria_academica;presencial;alta;treino
ATE-03053;Por favor, venho informar, não consigo acessar uma tela do sistema. Minha solicitação principal é: quero orientação acadêmica antes de escolher as próximas matérias. Preciso de um retorno;coordenacao;presencial;baixa;teste
ATE-03054;Então, oi, o comprovante foi enviado, mas o débito continua aberto? Obrigado.;financeiro;telefone;baixa;treino
ATE-03055;O desconto da mensalidade não apareceu.;financeiro;telefone;alta;teste
ATE-03056;Pessoal, o comprovante foi enviado, mas o débito continua aberto?;financeiro;presencial;media;teste
ATE-03057;Então, preciso solicitar um histórico escolar e, em paralelo, tenho dúvida sobre um pagamento.;secretaria_academica;presencial;media;treino
ATE-03058;Nesta semana, meu pagamento ainda não foi reconhecido.;financeiro;presencial;baixa;treino
ATE-03059;há uma questão pedagógica que preciso avaliar, mas o que preciso resolver primeiro é que quero saber sobre a emissão de declaração.;secretaria_academica;email;alta;teste
ATE-03060;Meu acesso está bloqueado. Além disso, preciso atualizar um documento da matrícula.;secretaria_academica;portal;media;teste
ATE-03061;venho informar, quero confirmar a multa de um empréstimo atrasado isso pode ser verificado, por favor!;biblioteca;presencial;baixa;treino
ATE-03062;Solicito orientação: o valor da parcela está diferente;financeiro;email;media;treino
ATE-03063;Não consigo anexar o arquivo no portal?;suporte_tecnico;chat;media;treino
ATE-03064;"Olá, quero negociar uma pendência financeira; situação observada na solicitação que abri recentemente.";financeiro;portal;media;treino
ATE-03065;Oi, quero orientação acadêmica antes de escolher as próximas matérias;coordenacao;chat;media;validacao
ATE-03066;"O sistema fecha antes de concluir a operação; além disso, também apareceu uma cobrança que não reconheço.";suporte_tecnico;email;baixa;treino
ATE-03067;Pessoal, o sistema fecha antes de concluir a operação. Conseguem me orientar?;suporte_tecnico;email;baixa;treino
ATE-03068;Também preciso de orientação sobre uma disciplina. Minha solicitação principal é: quero negociar uma pendência financeira.;financeiro;portal;baixa;treino
ATE-03069;Olá, gostaria de registrar, meu login falha às vezes, mas o que preciso resolver primeiro é que quero conversar sobre pré-requisitos e sequência de disciplinas.;coordenacao;email;media;treino
ATE-03070;preciso solicitar aproveitamento de documentação já entregue!;secretaria_academica;telefone;baixa;validacao
ATE-03071;"só queria entender, minha matrícula não aparece corretamente; além disso, o acesso à biblioteca digital falhou. obrigado.";secretaria_academica;email;media;treino
ATE-03072;"Quero informações sobre calendário de matrícula; situação observada para conseguir seguir com o processo.";secretaria_academica;telefone;baixa;treino
ATE-03073;Preciso falar com a coordenação sobre meu planejamento acadêmico.;coordenacao;email;alta;treino
ATE-03074;"Oi, quero discutir uma situação pedagógica com a turma; ao mesmo tempo, um livro devolvido ainda aparece comigo. Preciso de um retorno.";biblioteca;email;alta;validacao
ATE-03075;"Preciso avaliar uma situação excepcional no meu percurso acadêmico; ao mesmo tempo, o comprovante foi enviado, mas o débito continua aberto.";financeiro;chat;alta;treino
ATE-03076;Venho informar, não consigo entrar no portal. Além disso, preciso avaliar uma situação excepcional no meu percurso acadêmico. Obrigada.;coordenacao;email;alta;validacao
ATE-03077;por favor, a plataforma fica em tela branca. como resolvo?;suporte_tecnico;portal;baixa;treino
ATE-03078;Tenho um problema recorrente em uma turma e preciso de orientação, antes do prazo informado.;coordenacao;telefone;alta;treino
ATE-03079;"Olá, quero discutir uma situação pedagógica com a turma; ao mesmo tempo, não consigo entrar no portal.";suporte_tecnico;portal;alta;treino
ATE-03080;Gostaria de solicitar apoio: oi, preciso renovar um livro? Agradeço se puderem olhar isso.;biblioteca;telefone;media;treino
ATE-03081;O aplicativo não carrega. Isso aconteceu depois de tentar pelo portal.;suporte_tecnico;portal;baixa;validacao
ATE-03082;GENTE, TENHO DÚVIDA SOBRE UM PAGAMENTO, MAS O QUE PRECISO RESOLVER PRIMEIRO É QUE UM LIVRO DEVOLVIDO AINDA APARECE COMIGO.;biblioteca;email;media;validacao
ATE-03083;Por favor, quero confirmar o status da rematrícula. Como resolvo?;secretaria_academica;email;alta;treino
ATE-03084;Preciso corrigir meus dados acadêmicos, antes de enviar outro pedido.;secretaria_academica;portal;media;teste
ATE-03085;Venho informar, meu pagamento ainda não foi reconhecido. Podem verificar?;financeiro;portal;baixa;teste
ATE-03086;bom dia, preciso de orientação sobre uma decisão acadêmica que não é apenas cadastral podem verificar;coordenacao;presencial;baixa;treino
ATE-03087;Não consigo abrir o ambiente virtual.;suporte_tecnico;presencial;baixa;treino
ATE-03088;Para organizar minha situação, meu pagamento ainda não foi reconhecido.;financeiro;portal;baixa;treino
ATE-03089;fiz o pagamento e ainda aparece pendência, mas tenho ainda outra questão: preciso consultar uma pendência de empréstimo.;financeiro;chat;media;teste
ATE-03090;Olá, o desconto da mensalidade não apareceu? Conseguem me orientar?;financeiro;presencial;alta;treino
ATE-03091;NÃO CONSIGO ENTRAR NO PORTAL;suporte_tecnico;telefone;media;treino
ATE-03092;olá, a página apresenta erro quando tento acessar fico no aguardo.;suporte_tecnico;portal;media;teste
ATE-03093;a plataforma fica em tela branca;suporte_tecnico;telefone;alta;treino
ATE-03094;Pessoal, quero confirmar o status da rematrícula e, em paralelo, quero discutir uma decisão acadêmica. Obrigada.;secretaria_academica;chat;media;treino
ATE-03095;Registro a seguinte situação: o comprovante foi enviado, mas o débito continua aberto?;financeiro;telefone;media;treino
ATE-03096;O valor da parcela está diferente. Isso aconteceu desde a última atualização do sistema.;financeiro;email;alta;treino
ATE-03097;Registro a seguinte situação: preciso avaliar uma situação excepcional no meu percurso acadêmico;coordenacao;chat;alta;treino
ATE-03098;Solicito orientação: preciso confirmar um estorno e, em paralelo, também preciso de orientação sobre uma disciplina.;financeiro;portal;baixa;treino
ATE-03099;Meu acesso está bloqueado. Além disso, meu pagamento ainda não foi reconhecido.;financeiro;email;baixa;treino
ATE-03100;Quero reservar um exemplar, mas tenho ainda outra questão: preciso de orientação sobre uma decisão acadêmica que não é apenas cadastral.;biblioteca;presencial;baixa;teste
ATE-03101;Só queria entender, não consigo visualizar o boleto deste mês. Obrigada!;financeiro;portal;media;validacao
ATE-03102;Então, preciso saber o horário de atendimento da biblioteca.;biblioteca;chat;media;treino
ATE-03103;"Quero reservar um exemplar; além disso, o boleto continua pendente.";biblioteca;telefone;media;treino
ATE-03104;Só queria entender, o boleto continua pendente, mas o que preciso resolver primeiro é que preciso saber o horário de atendimento da biblioteca. Obrigado.;biblioteca;chat;media;validacao
ATE-03105;Há uma questão pedagógica que preciso avaliar. Minha solicitação principal é: o desconto da mensalidade não apareceu.;financeiro;portal;media;treino
ATE-03106;O desconto da mensalidade não apareceu, mas tenho ainda outra questão: preciso solicitar aproveitamento de documentação já entregue.;financeiro;chat;baixa;treino
ATE-03107;Preciso discutir equivalência de conteúdo entre disciplinas, antes da próxima aula.;coordenacao;presencial;baixa;validacao
ATE-03108;minha matrícula não aparece corretamente e, em paralelo, o boleto continua pendente.;secretaria_academica;email;baixa;treino
ATE-03109;O desconto da mensalidade nao apareceu?;financeiro;email;media;treino
ATE-03110;Para resolver ainda este mês, preciso confirmar um estorno.;financeiro;presencial;baixa;treino
ATE-03111;"Não consigo visualizar o boleto deste mês; além disso, não consigo acessar uma tela do sistema.";financeiro;presencial;baixa;validacao
ATE-03112;não consigo acessar uma tela do sistema. minha solicitação principal é: um livro devolvido ainda aparece comigo.;biblioteca;email;baixa;treino
ATE-03113;queria uma orientação, quero confirmar o status da rematrícula? preciso de um retorno.;secretaria_academica;telefone;baixa;treino
ATE-03114;Então, pessoal, não consigo entrar no portal. Agradeço se puderem olhar isso.;suporte_tecnico;chat;alta;treino
ATE-03115;Então, preciso de ajuda, meu nome saiu incorreto em um documento acadêmico. Podem verificar?;secretaria_academica;portal;alta;teste
ATE-03116;Quero discutir uma situação pedagógica com a turma, antes de enviar outro pedido.;coordenacao;presencial;alta;treino
ATE-03117;Venho informar, preciso confirmar um estorno Como resolvo?;financeiro;presencial;baixa;validacao
ATE-03118;Preciso avaliar uma situação excepcional no meu percurso acadêmico, nesta semana.;coordenacao;telefone;baixa;treino
ATE-03119;Minha senha não funçiona;suporte_tecnico;telefone;media;treino
ATE-03120;quero confirmar o status da rematrícula ...;secretaria_academica;telefone;baixa;treino
ATE-03121;"Oi, o comprovante foi enviado, mas o débito continua aberto; além disso, tenho dúvida sobre um registro.";financeiro;telefone;media;treino
ATE-03122;Venho informar, preciso falar com a coordenacao sobre meu planejamento acadêmico. Além disso, quero entender o procedimento de trancamento. Agradeço se puderem olhar isso.;secretaria_academica;chat;media;teste
ATE-03123;Não consigo abrir o ambiente virtual?;suporte_tecnico;telefone;media;treino
ATE-03124;Oi, uma disciplina não consta no meu registro;secretaria_academica;presencial;baixa;treino
ATE-03125;"Quero orientação sobre uma situação com uma disciplina; além disso, também tenho uma pendência de empréstimo.";coordenacao;email;alta;teste
ATE-03126;"meu acesso está bloqueado; além disso, o acesso à biblioteca digital falhou.";suporte_tecnico;chat;media;treino
ATE-03127;O boleto continua pendente, mas o que preciso resolver primeiro é que não consigo entrar no portal.;suporte_tecnico;telefone;media;treino
ATE-03128;"O sistema fecha antes de concluir a operação; além disso, tenho dúvida sobre um pagamento.";suporte_tecnico;chat;baixa;treino
ATE-03129;também preciso confirmar um documento acadêmico, mas o que preciso resolver primeiro é que a página apresenta erro quando tento acessar.;suporte_tecnico;chat;media;treino
ATE-03130;boa tarde, quero entender uma cobrança na mensalidade e, em paralelo, o aceso à biblioteca digital falhou;financeiro;presencial;baixa;treino
ATE-03131;preciso conversar sobre a organização da minha grade, no semestre atual.;coordenacao;telefone;baixa;treino
ATE-03132;quero discutir uma situação pedagógica com a turma. Isso aconteceu para resolver ainda este mês.;coordenacao;email;media;teste
ATE-03133;Então, preciso corrigir meus dados acadêmicos;secretaria_academica;presencial;media;treino
ATE-03134;"Por favor, preciso de informações sobre vencimento e juros; além disso, o portal também está dando erro";financeiro;portal;media;validacao
ATE-03135;não consigo entrar no portal, para organizar minha situação.;suporte_tecnico;email;media;treino
ATE-03136;Registro a seguinte situação: estou com uma dúvida, não consigo entrar no portal. Isso pode ser verificado, por favor?;suporte_tecnico;chat;alta;treino
ATE-03137;O desconto da mensalidade não apareceu. Isso aconteceu na solicitação que abri recentemente.;financeiro;presencial;baixa;treino
ATE-03138;Quero confirmar o status da rematrícula e, em paralelo, tenho dúvida sobre um pagamento.;secretaria_academica;chat;baixa;treino
ATE-03139;"preciso de informações sobre vencimento e juros; situação observada antes de enviar outro pedido.";financeiro;presencial;baixa;treino
ATE-03140;o valor da parcela está diferente. além disso, quero saber se um título está disponível.;biblioteca;portal;alta;treino
ATE-03141;Bom dia, há uma questão pedagógica que preciso avaliar, mas o que preciso resolver primeiro é que não consigo anexar o arquivo no portal. Conseguem me orientar?;suporte_tecnico;email;baixa;treino
ATE-03142;Desde a última atualização do sistema, quero saber sobre a emissão de declaração.;secretaria_academica;telefone;media;treino
ATE-03143;Queria uma orientação, preciso solicitar um histórico escolar? Obrigado.;secretaria_academica;portal;alta;validacao
ATE-03144;Desde o começo da semana, não consigo entrar no portal.;suporte_tecnico;portal;media;treino
ATE-03145;Olá, também preciso confirmar um documento acadêmico. Minha solicitação principal é: quero orientação sobre uma situação com uma disciplina. Podem verificar?;coordenacao;telefone;alta;treino
ATE-03146;Registro a seguinte situação: preciso atualizar um documento da matrícula.;secretaria_academica;chat;alta;treino
ATE-03147;"Olá, preciso solicitar aproveitamento de documentação já entregue; além disso, também apareceu uma cobrança que nao reconheço.";secretaria_academica;chat;alta;treino
ATE-03148;Quero conversar sobre pré-requisitos e sequência de disciplinas. Isso aconteceu desde o começo da semana.;coordenacao;chat;baixa;treino
ATE-03149;Queria uma orientação, quero discutir uma decisão acadêmica, mas o que preciso resolver primeiro é que meu pagamento ainda não foi reconhecido. Isso pode ser verificado, por favor?;financeiro;portal;baixa;treino
ATE-03150;o boleto continua pendente. minha solicitação principal é: a página apresenta erro quando tento acessar.;suporte_tecnico;presencial;alta;treino
ATE-03151;Então, minha matrícula não aparece corretamente. Isso aconteceu antes do prazo informado.;secretaria_academica;portal;media;treino
ATE-03152;Também tenho uma pendência de empréstimo. Minha solicitação principal é: minha senha não funciona.;suporte_tecnico;email;media;treino
ATE-03153;só queria entender, quero negociar uma pendência financeira e, em paralelo, preciso conferir um livro. podem verificar?;financeiro;presencial;alta;treino
ATE-03154;Queria uma orientação, quero negociar uma pendência financeira? Como resolvo?!;financeiro;presencial;media;validacao
ATE-03155;preciso solicitar aproveitamento de documentação já entregue?;secretaria_academica;telefone;media;teste
ATE-03156;preciso saber o horário de atendimento da biblioteca!;biblioteca;portal;media;teste
ATE-03157;Queria uma orientação, quero saber sobre a emissão de declaração e, em paralelo, tenho dúvida sobre um pagamento. Fico no aguardo.;secretaria_academica;portal;media;treino
ATE-03158;por favor, minha matrícula não aparece corretamente e, em paralelo, tbm tenho uma pendência de empréstimo.;secretaria_academica;telefone;media;treino
ATE-03159;meu pagamento ainda n foi reconhecido;financeiro;email;media;treino
ATE-03160;Boa tarde, preciso corrigir meus dados acadêmicos? Fico no aguardo.;secretaria_academica;presencial;baixa;treino
ATE-03161;Então, tenho dúvida sobre um registro, mas o que preciso resolver primeiro é que o desconto da mensalidade não apareceu.;financeiro;chat;media;validacao
ATE-03162;O link de recuperação de senha não chega. Isso aconteceu nesta semana.;suporte_tecnico;email;baixa;validacao
ATE-03163;"uma disciplina não consta no meu registro; além disso, não consigo acessar uma tela do sistema.";secretaria_academica;email;baixa;treino
ATE-03164;Quero informações sobre calendário de matrícula. Isso aconteceu depois de consultar as orientações disponíveis.;secretaria_academica;telefone;alta;treino
ATE-03165;Então, preciso confirmar um estorno.;financeiro;presencial;baixa;treino
ATE-03166;"quero entender uma cobrança na mensalidade; situação observada antes de enviar outro pedido.";financeiro;chat;baixa;treino
ATE-03167;Antes da próxima aula, preciso da segunda via do boleto.;financeiro;email;media;treino
ATE-03168;preciso de informações sobre vencimento e juros?;financeiro;telefone;media;teste
ATE-03169;Então, minha matrícula mostra uma informação estranha. Minha solicitação principal é: quero discutir uma situação pedagógica com a turma.;coordenacao;portal;baixa;treino
ATE-03170;Minha matrícula mostra uma informação estranha. Minha solicitação principal é: o desconto da mensalidade não apareceu, antes de enviar outro pedido.;financeiro;telefone;media;treino
ATE-03171;Também preciso de orientação sobre uma disciplina, mas o que preciso resolver primeiro é que preciso solicitar um histórico escolar.;secretaria_academica;portal;alta;treino
ATE-03172;"Fiz o pagamento e ainda aparece pendência; situação observada antes do prazo informado.";financeiro;chat;baixa;teste
ATE-03173;Então, preciso de ajuda, minha senha não funciona. Agradeço se puderem olhar isso.;suporte_tecnico;email;alta;treino
ATE-03174;Gente, quero informações sobre calendário de matrícula e também o desconto da mensalidade não apareceu.;secretaria_academica;presencial;alta;treino
ATE-03175;Preciso avaliar uma situação excepcional no meu percurso acadêmico!;coordenacao;presencial;media;validacao
ATE-03176;Preciso de orientação sobre uma decisão acadêmica que não é apenas cadastral. Isso aconteceu para conseguir seguir com o processo.;coordenacao;portal;alta;treino
ATE-03177;estou com uma dúvida, tenho dúvida sobre um pagamento. minha solicitação principal é: quero orientação acadêmica antes de escolher as próximas matérias. agradeço se puderem olhar isso.;coordenacao;telefone;baixa;treino
ATE-03178;Venho informar, preciso consultar uma pendência de empréstimo. Fico no aguardo!;biblioteca;portal;media;treino
ATE-03179;"só queria entender, preciso avaliar uma situação excepcional no meu percurso acadêmico; além disso, meu login falha às vezes. conseguem me orientar?";coordenacao;email;alta;validacao
ATE-03180;aparece uma mensagem de erro toda vez q faço login?;suporte_tecnico;email;media;treino
ATE-03181;queria uma orientação, quero discutir uma situação pedagógica com a turma? como resolvo?;coordenacao;chat;baixa;treino
ATE-03182;Preciso conferir um livro. Minha solicitação principal é: quero informações sobre calendário de matrícula.;secretaria_academica;chat;media;treino
ATE-03183;Gostaria de solicitar apoio: tenho dúvida sobre um pagamento. Minha solicitação principal é: quero orientação acadêmica antes de escolher as próximas matérias.;coordenacao;presencial;baixa;treino
ATE-03184;Tenho dúvida sobre um pagamento. Minha solicitação principal é: tenho um problema recorrente em uma turma e preciso de orientação!;coordenacao;telefone;baixa;validacao
ATE-03185;Por favor, um livro devolvido ainda aparece comigo?;biblioteca;portal;media;treino
ATE-03186;a plataforma fica em tela branca e, em paralelo, quero discutir uma decisão acadêmica!!!;suporte_tecnico;presencial;media;validacao
ATE-03187;Gente, preciso avaliar uma situação excepcional no meu percurso acadêmico.;coordenacao;portal;baixa;teste
ATE-03188;Então, quero confirmar a multa de um empréstimo atrasado!;biblioteca;email;media;teste
ATE-03189;a página apresenta erro quando tento acessar;suporte_tecnico;portal;baixa;treino
ATE-03190;Então, quero saber sobre a emissão de declaração?;secretaria_academica;presencial;media;validacao
ATE-03191;a plataforma fica em tela branca, antes do início das aulas.;suporte_tecnico;telefone;media;teste
ATE-03192;Alguém consegue me ajudar, quero confirmar a multa de um empréstimo atrasado?;biblioteca;email;baixa;validacao
ATE-03193;Oi, tenho dúvida sobre um registro. Minha solicitação principal é: não consigo acessar a base de periódicos.;biblioteca;presencial;media;treino
ATE-03194;Estou com uma dúvida, minha matrícula não aparece corretamente. Isso pode ser verificado, por favor?;secretaria_academica;chat;baixa;treino
ATE-03195;Então, quero informações sobre calendário de matrícula e, em paralelo, também tenho uma pendência de empréstimo.;secretaria_academica;email;alta;treino
ATE-03196;Queria uma orientação, preciso renovar um livro;biblioteca;email;baixa;validacao
ATE-03197;Preciso de ajuda, não consigo acessar a base de periódicos Conseguem me orientar?;biblioteca;email;alta;treino
ATE-03198;Não consigo anexar o arquivo no portal. Isso aconteceu desde a última atualização do sistema.;suporte_tecnico;email;alta;treino
ATE-03199;"Gente, preciso solicitar aproveitamento de documentação já entregue; além disso, preciso conferir um livro.";secretaria_academica;email;baixa;treino
ATE-03200;Fiz o pagamento e ainda aparece pendência.;financeiro;presencial;alta;treino
ATE-03201;o boleto continua pendente minha solicitação principal é: quero informações sobre calendário de matrícula;secretaria_academica;telefone;media;treino
ATE-03202;Por favor, quero entender o procedimento de trancamento. Além disso, não consigo acessar um artigo pelo portal da biblioteca.;biblioteca;telefone;baixa;treino
ATE-03203;Gostaria de solicitar apoio: oi, tenho dúvida sobre um registro, mas o que preciso resolver primeiro é que preciso de orientação sobre uma decisão acadêmica que não é apenas cadastral. Conseguem me orientar?;coordenacao;presencial;baixa;treino
ATE-03204;Meu login falha às vezes, mas o que preciso resolver primeiro é que meu pagamento ainda não foi reconhecido. Isso pode ser verificado, por favor?;financeiro;presencial;media;treino
ATE-03205;"um livro devolvido ainda aparece comigo; além disso, também apareceu uma cobrança q não reconheço.";biblioteca;portal;baixa;treino
ATE-03206;Preciso corrigir meus dados acadêmicos, mas tenho ainda outra questão: a plataforma fica em tela branca.;secretaria_academica;email;media;treino
ATE-03207;"A devolução de um livro ainda não foi registrada; além disso, minha matrícula mostra uma informação estranha.";biblioteca;presencial;alta;validacao
ATE-03208;Boa tarde, tenho um problema recorrente em uma turma e preciso de orientação. Isso pode ser verificado, por favor?;coordenacao;presencial;baixa;teste
ATE-03209;Olá, oi, o portal também está dando erro, mas o que preciso resolver primeiro é que quero saber se um título está disponível. Podem verificar?;biblioteca;portal;media;validacao
ATE-03210;"gostaria de registrar, a plataforma fica em tela branca; ao mesmo tempo, preciso solicitar aproveitamento de documentação já entregue. agradeço se puderem olhar isso.";secretaria_academica;presencial;media;treino
ATE-03211;Oi, gostaria de registrar, quero entender o procedimento de trancamento Obrigado.;secretaria_academica;email;media;treino
ATE-03212;Oi, não consigo abrir o ambiente virtual. Além disso, quero reservar um exemplar.;biblioteca;email;media;treino
ATE-03213;Preciso de orientação sobre uma decisão acadêmica que não é apenas cadastral, para organizar minha situação.;coordenacao;presencial;media;treino
ATE-03214;Boa tarde, o comprovante foi enviado, mas o débito continua aberto Fico no aguardo.;financeiro;email;baixa;treino
ATE-03215;Por favor, minha senha não funciona.;suporte_tecnico;presencial;baixa;treino
ATE-03216;venho informar, preciso renovar um livro e, em paralelo, também apareceu uma cobrança que não reconheço conseguem me orientar;biblioteca;email;baixa;treino
ATE-03217;Então, quero informações sobre calendário de matrícula!;secretaria_academica;presencial;media;validacao
ATE-03218;Gente, gostaria de registrar, minha matrícula mostra uma informação estranha, mas o que preciso resolver primeiro é que minha senha não funçiona. Fico no aguardo.;suporte_tecnico;portal;media;treino
ATE-03219;"preciso de informações sobre vencimento e juros; situação observada para conseguir seguir com o processo.";financeiro;telefone;baixa;treino
ATE-03220;estou com uma dúvida, uma disciplina não consta no meu registro e, em paralelo, o boleto continua pendente. como resolvo?;secretaria_academica;presencial;media;treino
ATE-03221;Quero entender uma cobrança na mensalidade e também quero saber se um título está disponível.;financeiro;portal;media;treino
ATE-03222;"Preciso saber o horário de atendimento da biblioteca; além disso, o portal também está dando erro.";biblioteca;telefone;media;validacao
ATE-03223;Oi, tenho dúvida sobre um registro, mas o que preciso resolver primeiro é que não consigo entrar no portal. Agradeço se puderem olhar isso.;suporte_tecnico;telefone;baixa;treino
ATE-03224;Um livro devolvido ainda aparece comigo. Além disso, não consigo anexar o arquivo no portal.;suporte_tecnico;portal;baixa;treino
ATE-03225;Gostaria de solicitar apoio: só queria entender, preciso saber o horário de atendimento da biblioteca e, em paralelo, não consigo acessar uma tela do sistema. Obrigada.;biblioteca;portal;media;treino
ATE-03226;Preciso de ajuda, também preciso de orientação sobre uma disciplina, mas o que preciso resolver primeiro é que não consigo anexar o arquivo no portal. Como resolvo?;suporte_tecnico;portal;media;treino
ATE-03227;"Gente, o link de recuperação de senha não chega; ao mesmo tempo, preciso da segunda via do boleto.";financeiro;presencial;alta;teste
ATE-03228;Olá, minha matrícula mostra uma informação estranha. Minha solicitação principal é: minha senha não funciona.;suporte_tecnico;email;media;treino
ATE-03229;Gente, minha senha não funciona?;suporte_tecnico;email;baixa;treino
ATE-03230;Olá, minha senha não funciona? Agradeço se puderem olhar isso.;suporte_tecnico;email;baixa;validacao
ATE-03231;Então, alguém consegue me ajudar, preciso confirmar um estorno? Isso pode ser verificado, por favor?;financeiro;telefone;media;validacao
ATE-03232;Também preciso de orientação sobre uma disciplina, mas o que preciso resolver primeiro é que preciso da segunda via do boleto.;financeiro;email;baixa;validacao
ATE-03233;n consigo acessar uma tela do sistema. minha solicitação principal é: quero entender uma cobrança na mensalidade. 🙂;financeiro;portal;media;validacao
ATE-03234;Meu login falha às vezes, mas o que preciso resolver primeiro é que preciso solicitar um histórico escolar.;secretaria_academica;portal;baixa;treino
ATE-03235;Não consigo acessar uma tela do sistema, mas o que preciso resolver primeiro é que preciso conversar sobre a organização da minha grade. Como resolvo?;coordenacao;presencial;media;treino
ATE-03236;Por favor, preciso consultar uma pendência de empréstimo Agradeço se puderem olhar isso.;biblioteca;telefone;media;treino
ATE-03237;Por favor, alguém consegue me ajudar, meu pagamento ainda não foi reconhecido e, em paralelo, também preciso de orientação sobre uma disciplina. Agradeço se puderem olhar isso.;financeiro;chat;alta;treino
ATE-03238;o acesso à biblioteca digital falhou, mas o que preciso resolver primeiro é que quero entender uma cobrança na mensalidade.;financeiro;email;media;treino
ATE-03239;alguém consegue me ajudar, preciso solicitar aproveitamento de documentação já entregue.;secretaria_academica;portal;media;treino
ATE-03240;bom dia, uma disciplina não consta no meu registro obrigado ...;secretaria_academica;chat;baixa;treino
ATE-03241;"Quero negociar uma pendência financeira; situação observada antes de enviar outro pedido.";financeiro;presencial;baixa;treino
ATE-03242;Gostaria de registrar, quero entender o procedimento de trancamento. Conseguem me orientar?;secretaria_academica;portal;media;treino
ATE-03243;Por favor, minha matrícula não aparece corretamente e também preciso renovar um livro.;secretaria_academica;email;media;treino
ATE-03244;"A página apresenta erro quando tento acessar; situação observada antes do início das aulas.";suporte_tecnico;portal;baixa;teste
ATE-03245;preciso atualizar um documento da matrícula.;secretaria_academica;telefone;media;treino
ATE-03246;Aparece uma mensagem de erro toda vez que faço login e, em paralelo, também preciso confirmar um documento acadêmico.;suporte_tecnico;presencial;baixa;treino
ATE-03247;Antes da próxima aula, não consigo acessar um artigo pelo portal da biblioteca.;biblioteca;telefone;media;treino
ATE-03248;quero confirmar o status da rematrícula?!!!;secretaria_academica;presencial;baixa;treino
ATE-03249;Quero discutir uma situação pedagógica com a turma e, em paralelo, meu login falha às vezes.;coordenacao;telefone;baixa;teste
ATE-03250;boa tarde, quero confirmar a multa de um empréstimo atrasado. conseguem me orientar?;biblioteca;portal;media;teste
ATE-03251;"O link de recuperação de senha nao chega; além disso, minha matrícula mostra uma informação estranha.";suporte_tecnico;portal;media;treino
ATE-03252;Olá, preciso solicitar um histórico escolar e, em paralelo, também apareceu uma cobrança que não reconheço.;secretaria_academica;email;baixa;treino
ATE-03253;A página apresenta erro quando tento acessar!;suporte_tecnico;portal;baixa;treino
ATE-03254;Por favor, preciso avaliar uma situação excepcional no meu percurso acadêmico?;coordenacao;email;media;treino
ATE-03255;Oi, também preciso de orientação sobre uma disciplina. Minha solicitação principal é: aparece uma mensagem de erro toda vez que faço login.;suporte_tecnico;chat;media;treino
ATE-03256;Solicito orientação: olá, um livro devolvido ainda aparece comigo.;biblioteca;telefone;media;validacao
ATE-03257;Alguém consegue me ajudar, minha matrícula mostra uma informação estranha. Minha solicitação principal é: a plataforma fica em tela branca. Agradeço se puderem olhar isso.;suporte_tecnico;telefone;media;treino
ATE-03258;Registro a seguinte situação: por favor, fiz o pagamento e ainda aparece pendência. Obrigado;financeiro;email;baixa;treino
ATE-03259;Então, o sistema fecha antes de concluir a operação. Isso aconteceu para conseguir seguir com o processo.;suporte_tecnico;portal;alta;treino
ATE-03260;Então, quero confirmar o status da rematricula.;secretaria_academica;email;alta;treino
ATE-03261;Quero entender o procedimento de trancamento e, em paralelo, meu login falha às vezes.;secretaria_academica;portal;media;treino
ATE-03262;O desconto da mensalidade não apareceu;financeiro;telefone;baixa;treino
ATE-03263;Antes do início das aulas, não consigo anexar o arquivo no portal.;suporte_tecnico;email;baixa;teste
ATE-03264;Não consigo entrar no portal e, em paralelo, tenho dúvida sobre um registro.;suporte_tecnico;presencial;media;treino
ATE-03265;Preciso solicitar aproveitamento de documentação já entregue, mas tenho ainda outra questão: meu acesso está bloqueado;secretaria_academica;presencial;media;treino
ATE-03266;"Não consigo visualizar o boleto deste mês; ao mesmo tempo, preciso avaliar uma situação excepcional no meu percurso acadêmico.";coordenacao;telefone;alta;teste
ATE-03267;meu login falha às vezes, mas o que preciso resolver primeiro é que quero negociar uma pendência financeira.;financeiro;email;alta;treino
ATE-03268;Gente, não consigo entrar no portal.;suporte_tecnico;telefone;media;teste
ATE-03269;Olá, quero discutir uma decisão acadêmica, mas o que preciso resolver primeiro é que o desconto da mensalidade não apareceu.;financeiro;presencial;media;treino
ATE-03270;Desde a última atualização do sistema, preciso corrigir meus dados acadêmicos.;secretaria_academica;telefone;media;validacao
ATE-03271;Gente, não consigo visualizar o boleto deste mês.;financeiro;presencial;alta;treino
ATE-03272;a página apresenta erro quando tento acessar e, em paralelo, quero discutir uma decisão acadêmica.;suporte_tecnico;presencial;media;treino
ATE-03273;"Registro a seguinte situação: quero confirmar a multa de um empréstimo atrasado; além disso, também preciso confirmar um documento acadêmico.";biblioteca;telefone;media;treino
ATE-03274;Olá, tenho um problema recorrente em uma turma e preciso de orientação. Além disso, preciso solicitar aproveitamento de documentação já entregue. Fico no aguardo.;secretaria_academica;chat;media;validacao
ATE-03275;Também tenho uma pendência de empréstimo. Minha solicitação principal é: preciso corrigir meus dados acadêmicos.;secretaria_academica;presencial;media;teste
ATE-03276;"Minha matrícula não aparece corretamente; além disso, o portal também está dando erro.";secretaria_academica;email;media;treino
ATE-03277;Quero saber se um título está disponível;biblioteca;presencial;baixa;treino
ATE-03278;Venho informar, minha senha não funciona. Além disso, preciso falar com a coordenação sobre meu planejamento acadêmico. Podem verificar?;coordenacao;presencial;media;validacao
ATE-03279;Gente, olá, não consigo acessar a base de periódicos. Podem verificar?;biblioteca;portal;baixa;treino
ATE-03280;Gente, não consigo anexar o arquivo no portal e, em paralelo, preciso conferir um livro.;suporte_tecnico;email;baixa;validacao
ATE-03281;Estou com uma dúvida, meu nome saiu incorreto em um documento acadêmico e, em paralelo, meu login falha às vezes. Obrigado.;secretaria_academica;presencial;media;validacao
ATE-03282;Por favor, quero confirmar a multa de um empréstimo atrasado? Fico no aguardo.;biblioteca;email;media;validacao
ATE-03283;O link de recuperação de senha não chega;suporte_tecnico;portal;alta;treino
ATE-03284;Por favor, bom dia, há uma questão pedagógica que preciso avaliar, mas o que preciso resolver primeiro é que meu pagamento ainda não foi reconhecido!;financeiro;portal;media;teste
ATE-03285;"preciso confirmar um estorno; situação observada para organizar minha situação.";financeiro;email;media;treino
ATE-03286;"Alguém consegue me ajudar, o desconto da mensalidade não apareceu; ao mesmo tempo, o link de recuperação de senha não chega. Conseguem me orientar?";suporte_tecnico;portal;baixa;teste
ATE-03287;Gente, preciso corrigir meus dados acadêmicos.;secretaria_academica;email;baixa;validacao
ATE-03288;Venho informar, preciso de orientação sobre uma decisão acadêmica que não é apenas cadastral. Agradeço se puderem olhar isso;coordenacao;presencial;alta;teste
ATE-03289;"Quero orientação sobre uma situação com uma disciplina; além disso, tenho dúvida sobre um registro.";coordenacao;email;baixa;treino
ATE-03290;Então, olá, a devolução de um livro ainda não foi registrada e, em paralelo, também preciso de orientação sobre uma disciplina. Como resolvo?;biblioteca;telefone;alta;treino
ATE-03291;Quero confirmar o status da rematrícula.;secretaria_academica;portal;media;treino
ATE-03292;Gostaria de solicitar apoio: quero discutir uma situação pedagógica com a turma e, em paralelo, minha matrícula mostra uma informação estranha.;coordenacao;chat;baixa;validacao
ATE-03293;"quero saber se um título está disponível; ao mesmo tempo, preciso de informações sobre vencimento e juros.";financeiro;presencial;baixa;teste
ATE-03294;Preciso de ajuda, a devolução de um livro ainda não foi registrada Podem verificar?;biblioteca;presencial;baixa;treino
ATE-03295;Então, meu login falha às vezes. Minha solicitação principal é: o desconto da mensalidade não apareceu;financeiro;portal;media;treino
ATE-03296;preciso atualizar um documento da matrícula. Isso aconteceu antes de enviar outro pedido.;secretaria_academica;telefone;baixa;teste
ATE-03297;Oi, quero reservar um exemplar. Como resolvo?;biblioteca;telefone;baixa;validacao
ATE-03298;TENHO DÚVIDA SOBRE UM REGISTRO, MAS O QUE PRECISO RESOLVER PRIMEIRO É QUE PRECISO AVALIAR UMA SITUAÇÃO EXCEPCIONAL NO MEU PERCURSO ACADÊMICO.;coordenacao;presencial;baixa;treino
ATE-03299;Preciso da segunda via do boleto, mas tenho ainda outra questão: quero informações sobre calendário de matrícula.;financeiro;portal;alta;treino
ATE-03300;venho informar, quero confirmar a multa de um empréstimo atrasado. conseguem me orientar?;biblioteca;portal;media;treino
ATE-03301;Solicito orientação: preciso de informações sobre vencimento e juros?;financeiro;telefone;alta;treino
ATE-03302;Oi, queria uma orientação, tenho dúvida sobre um pagamento, mas o que preciso resolver primeiro é que preciso de orientação sobre uma decisão acadêmica que não é apenas cadastral. Preciso de um retorno.;coordenacao;chat;media;treino
ATE-03303;Estou com uma dúvida, quero saber se um título está disponível. Obrigado.;biblioteca;presencial;media;treino
ATE-03304;O boleto continua pendente, mas o que preciso resolver primeiro é que a devolução de um livro ainda não foi registrada.;biblioteca;portal;baixa;treino
ATE-03305;"NÃO CONSIGO ENTRAR NO PORTAL; ALÉM DISSO, MINHA MATRÍCULA MOSTRA UMA INFORMAÇÃO ESTRANHA.";suporte_tecnico;portal;media;treino
ATE-03306;Gente, o comprovante foi enviado, mas o débito continua aberto?;financeiro;portal;alta;treino
ATE-03307;Preciso de ajuda, o desconto da mensalidade não apareceu e também quero saber se um título está disponível. Agradeço se puderem olhar isso;financeiro;presencial;media;validacao
ATE-03308;O acesso à biblioteca digital falhou. Minha solicitação principal é: a plataforma fica em tela branca.;suporte_tecnico;telefone;baixa;treino
ATE-03309;Gente, quero discutir uma situação pedagógica com a turma. Além disso, não consigo anexar o arquivo no portal.;suporte_tecnico;chat;baixa;teste
ATE-03310;"Olá, quero orientação sobre uma situação com uma disciplina; além disso, também preciso confirmar um documento acadêmico.";coordenacao;chat;baixa;treino
ATE-03311;"O portal também está dando erro. Minha solicitação principal é: tenho um problema recorrente em uma turma e preciso de orientação; situação observada para conseguir seguir com o processo.";coordenacao;email;alta;treino
ATE-03312;não consigo acessar a base de periódicos;biblioteca;chat;baixa;treino
ATE-03313;Tenho dúvida sobre um registro. Minha solicitação principal é: o sistema fecha antes de concluir a operação.;suporte_tecnico;chat;alta;treino
ATE-03314;"Então, preciso conversar sobre a organização da minha grade; além disso, não consigo acessar uma tela do sistema.";coordenacao;chat;baixa;teste
ATE-03315;"A plataforma fica em tela branca; ao mesmo tempo, quero entender o procedimento de trancamento.";secretaria_academica;telefone;media;treino
ATE-03316;Olá, quero orientação sobre uma situação com uma disciplina e, em paralelo, também tenho uma pendência de empréstimo.;coordenacao;telefone;baixa;treino
ATE-03317;preciso de ajuda, quero reservar um exemplar? como resolvo?;biblioteca;portal;alta;treino
ATE-03318;"Solicito orientação: não consigo visualizar o boleto deste mês; ao mesmo tempo, quero informações sobre calendário de matrícula.";secretaria_academica;chat;baixa;treino
ATE-03319;"Uma disciplina não consta no meu registro; além disso, o boleto continua pendente, desde ontem.";secretaria_academica;email;media;treino
ATE-03320;meu nome saiu incorreto em um documento acadêmico, antes da próxima aula.;secretaria_academica;presencial;baixa;treino
ATE-03321;"Uma disciplina não consta no meu registro; situação observada depois de tentar pelo portal.";secretaria_academica;presencial;media;treino
ATE-03322;Gente, olá, o valor da parcela está diferente, mas tenho ainda outra questão: quero orientação sobre uma situação com uma disciplina. Obrigada.;financeiro;chat;baixa;treino
ATE-03323;Preciso falar com a coordenação sobre meu planejamento acadêmico. Isso aconteceu antes do prazo informado.;coordenacao;portal;baixa;treino
ATE-03324;Quero informações sobre calendário de matrícula, para conseguir seguir com o processo.;secretaria_academica;telefone;media;treino
ATE-03325;Oi, quero reservar um exemplar? Podem verificar?;biblioteca;portal;baixa;treino
ATE-03326;"Quero conversar sobre pré-requisitos e sequência de disciplinas; além disso, tenho dúvida sobre um pagamento.";coordenacao;telefone;media;validacao
ATE-03327;A PLATAFORMA FICA EM TELA BRANCA?;suporte_tecnico;presencial;media;treino
ATE-03328;gostaria de registrar, um livro devolvido ainda aparece comigo como resolvo?;biblioteca;chat;alta;treino
ATE-03329;quero confirmar a multa de um empréstimo atrasado? 😤!;biblioteca;email;alta;treino
ATE-03330;Então, alguém consegue me ajudar, quero entender o procedimento de trancamento e, em paralelo, quero discutir uma decisão acadêmica. Podem verificar?;secretaria_academica;portal;alta;validacao
ATE-03331;tbm preciso confirmar um documento acadêmico minha solicitação principal é: o aplicativo não carrega;suporte_tecnico;presencial;baixa;validacao
ATE-03332;O sistema fecha antes de concluir a operação.;suporte_tecnico;telefone;baixa;treino
ATE-03333;Oi, o desconto da mensalidade não apareceu e, em paralelo, o portal também está dando erro.;financeiro;telefone;media;teste
ATE-03334;Olá, quero negociar uma pendência financeira e, em paralelo, minha matrícula mostra uma informação estranha.;financeiro;presencial;media;treino
ATE-03335;Alguém consegue me ajudar, meu acesso esta bloqueado e, em paralelo, minha matrícula mostra uma informação estranha. Obrigada.;suporte_tecnico;presencial;media;treino
ATE-03336;Quero orientação sobre uma situação com uma disciplina e, em paralelo, o acesso à biblioteca digital falhou.;coordenacao;chat;alta;treino
ATE-03337;não consigo acessar um artigo pelo portal da biblioteca. Isso aconteceu antes da próxima aula.;biblioteca;presencial;media;treino
ATE-03338;Minha senha não funciona e, em paralelo, também tenho uma pendência de empréstimo.;suporte_tecnico;telefone;alta;treino
ATE-03339;Desde ontem, meu pagamento ainda não foi reconhecido.;financeiro;presencial;media;treino
ATE-03340;Bom dia, preciso corrigir meus dados acadêmicos? Agradeço se puderem olhar isso.;secretaria_academica;presencial;alta;teste
ATE-03341;Desde ontem, quero orientação sobre uma situação com uma disciplina.;coordenacao;presencial;alta;treino
ATE-03342;Quero confirmar o status da rematrícula e, em paralelo, não consigo acessar uma tela do sistema.;secretaria_academica;presencial;media;treino
ATE-03343;O aplicativo não carrega?;suporte_tecnico;telefone;alta;treino
ATE-03344;Antes do prazo informado, o desconto da mensalidade não apareceu.;financeiro;presencial;media;validacao
ATE-03345;Gostaria de solicitar apoio: não consigo entrar no portal.;suporte_tecnico;telefone;media;validacao
ATE-03346;Estou com uma dúvida, quero negociar uma pendência financeira e também quero conversar sobre pré-requisitos e sequência de disciplinas. Obrigada.;financeiro;email;media;treino
ATE-03347;"quero confirmar a multa de um empréstimo atrasado; ao mesmo tempo, meu nome saiu incorreto em um documento acadêmico";secretaria_academica;presencial;media;treino
ATE-03348;Preciso conferir um livro. Minha solicitação principal é: a página apresenta erro quando tento acessar.;suporte_tecnico;telefone;media;treino
ATE-03349;Estou com uma dúvida, a plataforma fica em tela branca. Obrigado;suporte_tecnico;presencial;alta;validacao
ATE-03350;Gente, há uma questão pedagógica que preciso avaliar. Minha solicitação principal é: preciso consultar uma pendência de empréstimo.;biblioteca;portal;media;validacao
ATE-03351;PRECISO FALAR COM A COORDENAÇÃO SOBRE MEU PLANEJAMENTO ACADÊMICO.;coordenacao;presencial;media;treino
ATE-03352;GOSTARIA DE REGISTRAR, PRECISO CONFERIR UM LIVRO. MINHA SOLICITAÇÃO PRINCIPAL É: PRECISO SOLICITAR UM HISTÓRICO ESCOLAR. PODEM VERIFICAR?;secretaria_academica;presencial;media;teste
ATE-03353;Desde ontem, quero saber sobre a emissão de declaração.;secretaria_academica;portal;baixa;treino
ATE-03354;Só queria entender, o portal também está dando erro. Minha solicitação principal é: o comprovante foi enviado, mas o débito continua aberto. Fico no aguardo.;financeiro;portal;media;treino
ATE-03355;O sistema fecha antes de concluir a operação e também quero discutir uma situação pedagógica com a turma. Conseguem me orientar?;suporte_tecnico;portal;alta;treino
ATE-03356;Quero discutir uma situação pedagógica com a turma;coordenacao;portal;baixa;teste
ATE-03357;Preciso renovar um livro;biblioteca;presencial;baixa;treino
ATE-03358;Por favor, não consigo acessar um artigo pelo portal da biblioteca. além disso, quero negociar uma pendência financeira.;financeiro;telefone;media;treino
ATE-03359;"Por favor, quero entender o procedimento de trancamento; situação observada para conseguir seguir com o processo.";secretaria_academica;presencial;media;teste
ATE-03360;Venho informar, também preciso de orientação sobre uma disciplina, mas o que preciso resolver primeiro é que o aplicativo não carrega. Podem verificar?;suporte_tecnico;presencial;media;treino
ATE-03361;Oi, minha senha não funciona;suporte_tecnico;presencial;baixa;treino
ATE-03362;Oi, quero entender o procedimento de trancamento e, em paralelo, quero discutir uma decisão acadêmica.;secretaria_academica;portal;baixa;validacao
ATE-03363;Venho informar, preciso conferir um livro. Minha solicitação principal é: não consigo entrar no portal. Podem verificar?;suporte_tecnico;email;alta;treino
ATE-03364;Olá, estou com uma dúvida, há uma questão pedagógica que preciso avaliar. Minha solicitação principal é: preciso saber o horário de atendimento da biblioteca. Agradeço se puderem olhar isso.;biblioteca;portal;baixa;treino
ATE-03365;"preciso de informações sobre vencimento e juros; ao mesmo tempo, meu nome saiu incorreto em um documento acadêmico.";secretaria_academica;presencial;media;validacao
ATE-03366;Alguém consegue me ajudar, não consigo acessar uma tela do sistema. Minha solicitação principal é: o comprovante foi enviado, mas o débito continua aberto.;financeiro;email;baixa;treino
ATE-03367;Por favor, meu pagamento ainda nao foi reconhecido? Obrigada.;financeiro;chat;baixa;treino
ATE-03368;Solicito orientação: não consigo acessar um artigo pelo portal da biblioteca.;biblioteca;telefone;baixa;validacao
ATE-03369;"Preciso consultar uma pendência de empréstimo; ao mesmo tempo, o sistema fecha antes de concluir a operação.";suporte_tecnico;telefone;media;treino
ATE-03370;preciso de ajuda, não consigo acessar a base de periódicos. como resolvo? 😕;biblioteca;telefone;baixa;teste
ATE-03371;Gente, preciso confirmar um estorno e, em paralelo, o portal também está dando erro.;financeiro;email;media;teste
ATE-03372;"preciso saber o horário de atendimento da biblioteca; situação observada para resolver ainda este mês.";biblioteca;email;baixa;treino
ATE-03373;Por favor, o portal também está dando erro. Minha solicitação principal é: o comprovante foi enviado, mas o débito continua aberto.;financeiro;email;alta;treino
ATE-03374;Queria uma orientação, preciso falar com a coordenação sobre meu planejamento acadêmico? Isso pode ser verificado, por favor?;coordenacao;telefone;media;teste
ATE-03375;Olá, quero informações sobre calendário de matrícula.;secretaria_academica;portal;alta;treino
ATE-03376;Registro a seguinte situação: venho informar, um livro devolvido ainda aparece comigo, mas tenho ainda outra questão: o valor da parcela está diferente. Fico no aguardo.;biblioteca;email;baixa;treino
ATE-03377;Por favor, preciso saber o horário de atendimento da biblioteca?;biblioteca;presencial;media;teste
ATE-03378;Quero entender o procedimento de trancamento. Isso aconteceu antes da próxima aula.;secretaria_academica;email;media;treino
ATE-03379;"preciso de ajuda, o sistema fecha antes de concluir a operação; além disso, há uma questão pedagógica que preciso avaliar";suporte_tecnico;presencial;baixa;treino
ATE-03380;Solicito orientação: não consigo acessar uma tela do sistema, mas o que preciso resolver primeiro é que minha matricula não aparece corretamente.;secretaria_academica;chat;media;treino
ATE-03381;Gente, venho informar, quero saber se um título está disponível e também preciso atualizar um documento da matrícula. Obrigado.;biblioteca;presencial;media;treino
ATE-03382;"Oi, o desconto da mensalidade não apareceu; além disso, o acesso à biblioteca digital falhou.";financeiro;portal;baixa;treino
ATE-03383;Oi, olá, preciso confirmar um estorno? Fico no aguardo;financeiro;telefone;media;treino
ATE-03384;Bom dia, preciso saber o horário de atendimento da biblioteca? Preciso de um retorno.;biblioteca;telefone;baixa;treino
ATE-03385;"olá, preciso corrigir meus dados acadêmicos; além disso, tenho dúvida sobre um pagamento. obrigado";secretaria_academica;portal;baixa;teste
ATE-03386;Nesta semana, tenho um problema recorrente em uma turma e preciso de orientação.;coordenacao;email;media;treino
ATE-03387;preciso conferir um livro, mas o que preciso resolver primeiro é que preciso confirmar um estorno. 😤;financeiro;chat;baixa;treino
ATE-03388;Queria uma orientação, preciso solicitar aproveitamento de documentação já entregue Agradeço se puderem olhar isso.;secretaria_academica;email;media;treino
ATE-03389;Desde ontem, não consigo visualizar o boleto deste mês.;financeiro;portal;media;treino
ATE-03390;Então, o comprovante foi enviado, mas o débito continua aberto?;financeiro;chat;media;treino
ATE-03391;Pessoal, uma disciplina não consta no meu registro. Agradeço se puderem olhar isso.;secretaria_academica;chat;baixa;teste
ATE-03392;Quero discutir uma situação pedagógica com a turma, mas tenho ainda outra questão: quero saber se um título está disponível.;coordenacao;presencial;baixa;validacao
ATE-03393;Venho informar, quero discutir uma decisão acadêmica, mas o que preciso resolver primeiro é que a devolução de um livro ainda não foi registrada. Obrigado.;biblioteca;telefone;media;validacao
ATE-03394;Gostaria de registrar, tenho dúvida sobre um registro. Minha solicitação principal é: meu acesso está bloqueado. Preciso de um retorno.;suporte_tecnico;presencial;media;treino
ATE-03395;tenho um problema recorrente em uma turma e preciso de orientação;coordenacao;portal;alta;teste
ATE-03396;"Uma disciplina não consta no meu registro; além disso, meu login falha às vezes.";secretaria_academica;email;baixa;validacao
ATE-03397;"preciso falar com a coordenação sobre meu planejamento acadêmico; situação observada depois de tentar pelo portal.";coordenacao;portal;media;treino
ATE-03398;Só queria entender, aparece uma mensagem de erro toda vez que faço login? Preciso de um retorno.;suporte_tecnico;telefone;baixa;treino
ATE-03399;não consigo entrar no portal. Isso aconteceu antes do início das aulas.;suporte_tecnico;portal;media;treino
ATE-03400;Preciso conferir um livro, mas o que preciso resolver primeiro é que uma disciplina não consta no meu registro.;secretaria_academica;portal;baixa;treino
ATE-03401;"preciso de ajuda, não consigo visualizar o boleto deste mês; ao mesmo tempo, aparece uma mensagem de erro toda vez que faço login podem verificar";suporte_tecnico;chat;media;treino
ATE-03402;Gente, pessoal, fiz o pagamento e ainda aparece pendência e, em paralelo, também tenho uma pendência de empréstimo. Como resolvo?;financeiro;portal;alta;treino
ATE-03403;Gostaria de solicitar apoio: por favor, preciso discutir equivalência de conteúdo entre disciplinas. Obrigada.;coordenacao;presencial;baixa;treino
ATE-03404;"Minha senha não funçiona; além disso, tenho dúvida sobre um registro.";suporte_tecnico;chat;alta;treino
ATE-03405;"olá, não consigo abrir o ambiente virtual; além disso, também preciso confirmar um documento acadêmico. isso pode ser verificado, por favor?";suporte_tecnico;chat;media;treino
ATE-03406;A página apresenta erro quando tento acessar e, em paralelo, tenho dúvida sobre um registro.;suporte_tecnico;portal;alta;treino
ATE-03407;Olá, aparece uma mensagem de erro toda vez que faço login e também quero entender uma cobrança na mensalidade.;suporte_tecnico;presencial;media;treino
ATE-03408;Gente, não consigo visualizar o boleto deste mês?;financeiro;email;baixa;treino
ATE-03409;n consigo visualizar o boleto deste mês?!;financeiro;email;media;treino
ATE-03410;"Preciso discutir equivalência de conteúdo entre disciplinas; ao mesmo tempo, preciso corrigir meus dados acadêmicos.";secretaria_academica;chat;alta;teste
ATE-03411;Minha matrícula não aparece corretamente.;secretaria_academica;telefone;media;treino
ATE-03412;"O comprovante foi enviado, mas o débito continua aberto; além disso, o acesso à biblioteca digital falhou.";financeiro;telefone;media;treino
ATE-03413;Então, quero saber sobre a emissão de declaração;secretaria_academica;presencial;baixa;treino
ATE-03414;Alguém consegue me ajudar, o portal também está dando erro. Minha solicitação principal é: não consigo acessar um artigo pelo portal da biblioteca. Fico no aguardo.;biblioteca;presencial;baixa;teste
ATE-03415;Tenho um problema recorrente em uma turma e preciso de orientação e, em paralelo, o acesso à biblioteca digital falhou.;coordenacao;email;media;treino
ATE-03416;"Oi, quero entender o procedimento de trancamento; além disso, também apareceu uma cobrança que não reconheço";secretaria_academica;chat;alta;validacao
ATE-03417;Tenho um problema recorrente em uma turma e preciso de orientação, para conseguir seguir com o processo.;coordenacao;presencial;alta;treino
ATE-03418;Boa tarde, meu pagamento ainda não foi reconhecido. Além disso, o sistema fecha antes de concluir a operação. Fico no aguardo.;suporte_tecnico;email;alta;treino
ATE-03419;"Preciso saber o horário de atendimento da biblioteca; situação observada depois de tentar pelo portal.";biblioteca;chat;alta;treino
ATE-03420;estou com uma dúvida, quero informações sobre calendário de matrícula. além disso, não consigo visualizar o boleto deste mês. como resolvo?;financeiro;chat;baixa;treino
ATE-03421;Olá, tenho dúvida sobre um pagamento. Minha solicitação principal é: quero saber se um título está disponível.;biblioteca;email;alta;validacao
ATE-03422;quero saber sobre a emissão de declaração. Isso aconteceu depois de tentar pelo portal.;secretaria_academica;portal;baixa;treino
ATE-03423;Olá, quero saber sobre a emissão de declaração!;secretaria_academica;presencial;baixa;treino
ATE-03424;Gente, pessoal, meu acesso está bloqueado, mas tenho ainda outra questão: o desconto da mensalidade não apareceu. Como resolvo?;suporte_tecnico;chat;media;treino
ATE-03425;"aparece uma mensagem de erro toda vez que faço login; situação observada antes do início das aulas.";suporte_tecnico;chat;baixa;teste
ATE-03426;Estou com uma dúvida, quero entender uma cobrança na mensalidade Conseguem me orientar?;financeiro;presencial;alta;treino
ATE-03427;Por favor, quero negociar uma pendência financeira e, em paralelo, preciso conferir um livro.;financeiro;telefone;media;treino
ATE-03428;Oi, não consigo anexar o arquivo no portal.;suporte_tecnico;presencial;alta;treino
ATE-03429;Olá, não consigo entrar no portal e, em paralelo, o boleto continua pendente.;suporte_tecnico;portal;alta;treino
ATE-03430;o boleto continua pendente. minha solicitação principal é: a plataforma fica em tela branca.;suporte_tecnico;chat;media;treino
ATE-03431;Gente, o aplicativo não carrega.;suporte_tecnico;portal;baixa;teste
ATE-03432;Preciso solicitar um histórico escolar. Isso aconteceu nesta semana.;secretaria_academica;telefone;baixa;treino
ATE-03433;preciso conferir um livro. minha solicitação principal é: não consigo entrar no portal.;suporte_tecnico;presencial;media;treino
ATE-03434;Preciso saber o horário de atendimento da biblioteca. Isso aconteceu para organizar minha situação.;biblioteca;email;alta;treino
ATE-03435;O acesso à biblioteca digital falhou. Minha solicitação principal é: quero orientação acadêmica antes de escolher as próximas matérias.;coordenacao;chat;alta;teste
ATE-03436;n consigo acessar um artigo pelo portal da biblioteca. além disso, n consigo visualizar o boleto deste mês;financeiro;telefone;baixa;treino
ATE-03437;também preciso confirmar um documento acadêmico minha solicitação principal é: fiz o pagamento e ainda aparece pendência!;financeiro;presencial;alta;validacao
ATE-03438;Preciso solicitar um histórico escolar, desde a última atualização do sistema.;secretaria_academica;presencial;baixa;treino
ATE-03439;Não consigo acessar um artigo pelo portal da biblioteca e, em paralelo, minha matrícula mostra uma informação estranha.;biblioteca;portal;media;treino
ATE-03440;Também apareceu uma cobrança que não reconheço. Minha solicitação principal é: quero informações sobre calendário de matrícula.;secretaria_academica;portal;media;treino
ATE-03441;"Preciso da segunda via do boleto; além disso, não consigo acessar uma tela do sistema!";financeiro;portal;media;treino
ATE-03442;Quero conversar sobre pré-requisitos e sequência de disciplinas. Isso aconteceu para conseguir seguir com o processo.;coordenacao;email;media;treino
ATE-03443;meu acesso está bloqueado e também quero saber sobre a emissão de declaração.;suporte_tecnico;email;baixa;treino
ATE-03444;Pessoal, uma disciplina não consta no meu registro Isso pode ser verificado, por favor?;secretaria_academica;presencial;baixa;treino
ATE-03445;Oi, o aplicativo não carrega?;suporte_tecnico;chat;baixa;treino
ATE-03446;Olá, meu nome saiu incorreto em um documento acadêmico. Isso aconteceu para conseguir seguir com o processo.;secretaria_academica;telefone;baixa;treino
ATE-03447;Quero reservar um exemplar e também preciso confirmar um estorno.;biblioteca;chat;media;treino
ATE-03448;A PÁGINA APRESENTA ERRO QUANDO TENTO ACESSAR?;suporte_tecnico;portal;baixa;treino
ATE-03449;"não consigo visualizar o boleto deste mês; além disso, o portal também está dando erro.";financeiro;email;alta;treino
ATE-03450;Gente, tenho um problema recorrente em uma turma e preciso de orientação;coordenacao;chat;baixa;treino
ATE-03451;"Meu nome saiu incorreto em um documento acadêmico; além disso, tenho dúvida sobre um pagamento.";secretaria_academica;chat;media;teste
ATE-03452;Meu login falha às vezes, mas o que preciso resolver primeiro é que preciso falar com a coordenacao sobre meu planejamento acadêmico.;coordenacao;telefone;media;teste
ATE-03453;Não consigo acessar uma tela do sistema, mas o que preciso resolver primeiro é que preciso da segunda via do boleto.;financeiro;chat;baixa;treino
ATE-03454;Então, por favor, o valor da parcela está diferente? Conseguem me orientar?;financeiro;chat;media;treino
ATE-03455;Por favor, quero orientação acadêmica antes de escolher as próximas matérias.;coordenacao;email;media;treino
ATE-03456;o valor da parcela está diferente ...;financeiro;chat;media;treino
ATE-03457;Gostaria de registrar, quero saber sobre a emissão de declaração e, em paralelo, o boleto continua pendente. Como resolvo?;secretaria_academica;portal;media;validacao
ATE-03458;Por favor, minha matrícula não aparece corretamente e também quero negociar uma pendência financeira.;secretaria_academica;chat;media;treino
ATE-03459;PRECISO CORRIGIR MEUS DADOS ACADÊMICOS E, EM PARALELO, PRECISO CONFERIR UM LIVRO.;secretaria_academica;telefone;baixa;treino
ATE-03460;Gente, por favor, o link de recuperação de senha não chega? Agradeço se puderem olhar isso.;suporte_tecnico;portal;baixa;treino
ATE-03461;Solicito orientação: quero entender o procedimento de trancamento?;secretaria_academica;portal;alta;treino
ATE-03462;Registro a seguinte situação: preciso de ajuda, a página apresenta erro quando tento acessar Podem verificar?;suporte_tecnico;telefone;baixa;treino
ATE-03463;Olá, há uma questão pedagógica que preciso avaliar, mas o que preciso resolver primeiro é que quero negociar uma pendência financeira. Fico no aguardo.;financeiro;telefone;media;treino
ATE-03464;Na solicitação que abri recentemente, quero entender uma cobrança na mensalidade.;financeiro;portal;baixa;treino
ATE-03465;Bom dia, preciso de informações sobre vencimento e juros? Podem verificar?;financeiro;chat;media;treino
ATE-03466;A página apresenta erro quando tento acessar e, em paralelo, também tenho uma pendência de empréstimo.;suporte_tecnico;telefone;baixa;teste
ATE-03467;O desconto da mensalidade não apareceu e, em paralelo, meu login falha às vezes.;financeiro;presencial;baixa;treino
ATE-03468;Então, não consigo acessar a base de periódicos e, em paralelo, há uma questão pedagógica que preciso avaliar.;biblioteca;presencial;baixa;treino
ATE-03469;O boleto continua pendente, mas o que preciso resolver primeiro é que aparece uma mensagem de erro toda vez que faço login!;suporte_tecnico;telefone;baixa;treino
ATE-03470;só queria entender, preciso corrigir meus dados acadêmicos? obrigado.;secretaria_academica;portal;media;validacao
ATE-03471;"Olá, quero confirmar o status da rematrícula; ao mesmo tempo, meu acesso está bloqueado.";suporte_tecnico;email;media;teste
ATE-03472;o valor da parcela está diferente, mas tenho ainda outra questão: o sistema fecha antes de concluir a operação.;financeiro;chat;media;treino
ATE-03473;"Minha matrícula não aparece corretamente; situação observada desde ontem.";secretaria_academica;chat;baixa;validacao
ATE-03474;Olá, alguém consegue me ajudar, preciso saber o horário de atendimento da biblioteca? Isso pode ser verificado, por favor?;biblioteca;presencial;media;teste
ATE-03475;"O comprovante foi enviado, mas o débito continua aberto; situação observada antes do prazo informado.";financeiro;presencial;alta;treino
ATE-03476;QUERO ORIENTAÇÃO ACADÊMICA ANTES DE ESCOLHER AS PRÓXIMAS MATÉRIAS?!;coordenacao;presencial;baixa;validacao
ATE-03477;Oi, também preciso de orientação sobre uma disciplina, mas o que preciso resolver primeiro é que o aplicativo não carrega.;suporte_tecnico;portal;alta;treino
ATE-03478;A plataforma fica em tela branca, para organizar minha situação.;suporte_tecnico;chat;baixa;treino
ATE-03479;"Quero orientação acadêmica antes de escolher as próximas matérias; situação observada no semestre atual.";coordenacao;email;baixa;treino
ATE-03480;"Quero reservar um exemplar; além disso, quero discutir uma decisão acadêmica.";biblioteca;portal;media;treino
ATE-03481;O boleto continua pendente, mas o que preciso resolver primeiro é que uma disciplina não consta no meu registro. Isso aconteceu para resolver ainda este mês.;secretaria_academica;telefone;alta;treino
ATE-03482;quero saber se um título está disponível e, em paralelo, também preciso confirmar um documento acadêmico!;biblioteca;telefone;media;treino
ATE-03483;preciso consultar uma pendência de empréstimo;biblioteca;portal;baixa;teste
ATE-03484;Desde a última atualização do sistema, quero reservar um exemplar.;biblioteca;portal;media;treino
ATE-03485;o aplicativo não carrega. 🙂;suporte_tecnico;portal;media;treino
ATE-03486;"Gostaria de solicitar apoio: por favor, a plataforma fica em tela branca; além disso, o acesso à biblioteca digital falhou. Podem verificar?";suporte_tecnico;email;media;treino
ATE-03487;Preciso de informações sobre vencimento e juros, mas tenho ainda outra questão: não consigo abrir o ambiente virtual. Podem verificar?;financeiro;portal;media;treino
ATE-03488;Gostaria de registrar, preciso saber o horário de atendimento da biblioteca, mas tenho ainda outra questão: preciso de informações sobre vencimento e juros. Fico no aguardo;biblioteca;email;media;treino
ATE-03489;preciso de ajuda, um livro devolvido ainda aparece comigo isso pode ser verificado, por favor?;biblioteca;email;media;treino
ATE-03490;Quero confirmar o status da rematrícula. Além disso, a página apresenta erro quando tento acessar!;suporte_tecnico;chat;alta;treino
ATE-03491;Quero informações sobre calendário de matrícula. Isso aconteceu desde o começo da semana.;secretaria_academica;telefone;media;teste
ATE-03492;bom dia, tenho um problema recorrente em uma turma e preciso de orientação? como resolvo?;coordenacao;email;alta;treino
ATE-03493;Oi, quero entender o procedimento de trancamento.;secretaria_academica;chat;media;treino
ATE-03494;Há uma questão pedagógica que preciso avaliar, mas o que preciso resolver primeiro é que meu acesso está bloqueado.;suporte_tecnico;email;media;treino
ATE-03495;BOA TARDE, O DESCONTO DA MENSALIDADE NÃO APARECEU OBRIGADA.;financeiro;presencial;media;treino
ATE-03496;Quero informações sobre calendário de matrícula. Isso aconteceu antes do prazo informado.;secretaria_academica;presencial;baixa;treino
ATE-03497;Gostaria de registrar, não consigo visualizar o boleto deste mês. Podem verificar?;financeiro;telefone;media;teste
ATE-03498;"O valor da parcela está diferente; além disso, o acesso à biblioteca digital falhou. Agradeço se puderem olhar isso.";financeiro;presencial;baixa;validacao
ATE-03499;Nesta semana, um livro devolvido ainda aparece comigo.;biblioteca;chat;media;validacao
ATE-03500;estou com uma dúvida, tenho um problema recorrente em uma turma e preciso de orientação e, em paralelo, o aceso à biblioteca digital falhou. conseguem me orientar?;coordenacao;presencial;media;treino
ATE-03501;minha matrícula mostra uma informação estranha, mas o que preciso resolver primeiro é que quero entender uma cobrança na mensalidade.;financeiro;presencial;media;treino
ATE-03502;"Olá, alguém consegue me ajudar, fiz o pagamento e ainda aparece pendência; além disso, também preciso de orientação sobre uma disciplina. Preciso de um retorno.";financeiro;chat;media;treino
ATE-03503;Preciso discutir equivalência de conteúdo entre disciplinas e, em paralelo, o boleto continua pendente.;coordenacao;email;baixa;treino
ATE-03504;Venho informar, há uma questão pedagógica que preciso avaliar. Minha solicitação principal é: uma disciplina não consta no meu registro. Obrigada.;secretaria_academica;presencial;alta;treino
ATE-03505;Alguém consegue me ajudar, também preciso de orientação sobre uma disciplina, mas o que preciso resolver primeiro é que a devolução de um livro ainda não foi registrada. Podem verificar?;biblioteca;email;alta;treino
ATE-03506;Gostaria de solicitar apoio: preciso confirmar um estorno. Além disso, a plataforma fica em tela branca.;suporte_tecnico;chat;alta;treino
ATE-03507;PRECISO DE INFORMAÇÕES SOBRE VENCIMENTO E JUROS.;financeiro;telefone;baixa;treino
ATE-03508;Preciso da segunda via do boleto;financeiro;chat;baixa;treino
ATE-03509;Oi, quero saber se um título está disponível. Além disso, não consigo entrar no portal;suporte_tecnico;email;media;treino
ATE-03510;preciso solicitar um histórico escolar, antes de enviar outro pedido.;secretaria_academica;email;baixa;treino
ATE-03511;Boa tarde, quero reservar um exemplar. Além disso, a página apresenta erro quando tento acessar. Preciso de um retorno!;suporte_tecnico;chat;alta;treino
ATE-03512;Gente, preciso atualizar um documento da matrícula;secretaria_academica;presencial;media;treino
ATE-03513;quero confirmar o status da rematrícula e também preciso falar com a coordenação sobre meu planejamento acadêmico.;secretaria_academica;chat;baixa;treino
ATE-03514;Por favor, não consigo anexar o arquivo no portal e, em paralelo, o acesso à biblioteca digital falhou. Conseguem me orientar?;suporte_tecnico;portal;alta;treino
ATE-03515;"Meu nome saiu incorreto em um documento acadêmico; situação observada depois de consultar as orientações disponíveis.";secretaria_academica;telefone;alta;treino
ATE-03516;"Olá, quero negociar uma pendência financeira; ao mesmo tempo, preciso conversar sobre a organização da minha grade";coordenacao;portal;alta;treino
ATE-03517;Queria uma orientação, meu login falha às vezes, mas o que preciso resolver primeiro é que meu nome saiu incorreto em um documento acadêmico. Fico no aguardo.;secretaria_academica;telefone;alta;treino
ATE-03518;"Um livro devolvido ainda aparece comigo; situação observada antes da próxima aula.";biblioteca;presencial;media;treino
ATE-03519;Uma disciplina não consta no meu registro, na solicitação que abri recentemente.;secretaria_academica;email;alta;treino
ATE-03520;"Oi, não consigo acessar a base de periódicos; situação observada antes de enviar outro pedido.";biblioteca;chat;media;treino
ATE-03521;"só queria entender, quero negociar uma pendência financeira; além disso, preciso conferir um livro. isso pode ser verificado, por favor?";financeiro;portal;baixa;treino
ATE-03522;Solicito orientação: preciso da segunda via do boleto Preciso de um retorno.;financeiro;portal;media;treino
ATE-03523;"Registro a seguinte situação: preciso renovar um livro; ao mesmo tempo, quero negociar uma pendência financeira.";financeiro;telefone;media;treino
ATE-03524;"Gostaria de registrar, preciso renovar um livro; além disso, também preciso confirmar um documento acadêmico. Como resolvo?";biblioteca;email;media;treino
ATE-03525;"Preciso renovar um livro; além disso, minha matrícula mostra uma informação estranha.";biblioteca;presencial;media;treino
ATE-03526;Preciso solicitar um histórico escolar;secretaria_academica;chat;baixa;validacao
ATE-03527;Nesta semana, o valor da parcela está diferente.;financeiro;telefone;media;treino
ATE-03528;Oi, aparece uma mensagem de erro toda vez que faço login e, em paralelo, também preciso confirmar um documento acadêmico.;suporte_tecnico;chat;alta;treino
ATE-03529;quero saber sobre a emissão de declaração;secretaria_academica;presencial;alta;treino
ATE-03530;a página apresenta erro quando tento acessar e, em paralelo, o boleto continua pendente!!!;suporte_tecnico;portal;baixa;treino
ATE-03531;"quero conversar sobre pré-requisitos e sequência de disciplinas; além disso, o acesso à biblioteca digital falhou";coordenacao;email;media;validacao
ATE-03532;Então, estou com uma dúvida, quero confirmar a multa de um empréstimo atrasado? Agradeço se puderem olhar isso.;biblioteca;telefone;alta;treino
ATE-03533;Olá, venho informar, preciso conversar sobre a organização da minha grade Isso pode ser verificado, por favor?;coordenacao;telefone;baixa;treino
ATE-03534;Não consigo anexar o arquivo no portal e, em paralelo, há uma questão pedagógica que preciso avaliar.;suporte_tecnico;chat;alta;treino
ATE-03535;;coordenacao;email;baixa;treino
ATE-03536;Olá, olá, também preciso confirmar um documento acadêmico, mas o que preciso resolver primeiro é que a página apresenta erro quando tento acessar. Preciso de um retorno.;suporte_tecnico;presencial;baixa;treino
ATE-03537;A página apresenta erro quando tento acessar e, em paralelo, tenho dúvida sobre um registro;suporte_tecnico;presencial;media;treino
ATE-03538;;suporte_tecnico;telefone;alta;treino
ATE-03539;"quero entender uma cobrança na mensalidade; além disso, preciso conferir um livro.";financeiro;telefone;baixa;treino
ATE-03540;Oi, estou com uma dúvida, também preciso de orientação sobre uma disciplina. Minha solicitação principal é: meu pagamento ainda não foi reconhecido. Preciso de um retorno.;financeiro;presencial;alta;treino
ATE-03541;O portal também está dando erro. Minha solicitação principal é: tenho um problema recorrente em uma turma e preciso de orientação.;coordenacao;portal;media;treino
ATE-03542;Há uma questão pedagógica que preciso avaliar. Minha solicitação principal é: aparece uma mensagem de erro toda vez que faço login.;suporte_tecnico;portal;media;teste
ATE-03543;Então, preciso solicitar aproveitamento de documentação já entregue;secretaria_academica;chat;baixa;treino
ATE-03544;oi, a página apresenta erro quando tento acessar?;suporte_tecnico;email;media;treino
ATE-03545;Oi, quero informações sobre calendário de matrícula?;secretaria_academica;presencial;media;treino
ATE-03546;OI, PRECISO CONSULTAR UMA PENDÊNCIA DE EMPRÉSTIMO. ALÉM DISSO, QUERO CONFIRMAR O STATUS DA REMATRÍCULA.;secretaria_academica;telefone;media;treino
ATE-03547;"Por favor, preciso discutir equivalência de conteúdo entre disciplinas; além disso, tenho dúvida sobre um registro.";coordenacao;telefone;media;validacao
ATE-03548;"Minha matricula não aparece corretamente; ao mesmo tempo, o valor da parcela está diferente.";financeiro;email;media;treino
ATE-03549;Quero confirmar o status da rematricula.;secretaria_academica;chat;media;treino
ATE-03550;"Olá, meu pagamento ainda não foi reconhecido; além disso, quero discutir uma decisão acadêmica.";financeiro;chat;media;treino
ATE-03551;Gente, o link de recuperação de senha não chega. Além disso, meu pagamento ainda não foi reconhecido.;financeiro;chat;media;treino
ATE-03552;"Solicito orientação: fiz o pagamento e ainda aparece pendência; situação observada no semestre atual.";financeiro;email;baixa;treino
ATE-03553;Então, preciso solicitar aproveitamento de documentação já entregue?;secretaria_academica;telefone;media;treino
ATE-03554;Só queria entender, o boleto continua pendente, mas o que preciso resolver primeiro é que preciso atualizar um documento da matrícula. Conseguem me orientar?;secretaria_academica;email;media;treino
ATE-03555;Oi, preciso solicitar um histórico escolar? Podem verificar?;secretaria_academica;portal;alta;treino
ATE-03556;Gostaria de registrar, preciso da segunda via do boleto e, em paralelo, o acesso à biblioteca digital falhou. Obrigada.;financeiro;presencial;alta;teste
ATE-03557;minha matrícula não aparece corretamente ...;secretaria_academica;email;media;treino
ATE-03558;Antes da próxima aula, quero orientação sobre uma situação com uma disciplina.;coordenacao;email;alta;treino
ATE-03559;"uma disciplina não consta no meu registro; situação observada para conseguir seguir com o processo.";secretaria_academica;telefone;alta;validacao
ATE-03560;Preciso falar com a coordenação sobre meu planejamento acadêmico e, em paralelo, também tenho uma pendência de empréstimo.;coordenacao;portal;media;teste
ATE-03561;Por favor, por favor, alguém consegue me ajudar, fiz o pagamento e ainda aparece pendência Preciso de um retorno.;financeiro;telefone;baixa;treino
ATE-03562;quero confirmar a multa de um empréstimo atrasado e também quero entender uma cobrança na mensalidade.;biblioteca;telefone;alta;treino
ATE-03563;Por favor, quero entender uma cobrança na mensalidade. Além disso, preciso solicitar aproveitamento de documentação já entregue.;secretaria_academica;portal;media;treino
ATE-03564;BOM DIA, HÁ UMA QUESTÃO PEDAGÓGICA QUE PRECISO AVALIAR. MINHA SOLICITAÇÃO PRINCIPAL É: PRECISO DE INFORMAÇÕES SOBRE VENCIMENTO E JUROS. COMO RESOLVO?;financeiro;email;baixa;teste
ATE-03565;o sistema fecha antes de concluir a operação e, em paralelo, há uma questão pedagógica que preciso avaliar.;suporte_tecnico;presencial;baixa;validacao
ATE-03566;"Preciso corrigir meus dados acadêmicos; situação observada antes do prazo informado.";secretaria_academica;email;baixa;treino
ATE-03567;Queria uma orientação, também preciso de orientação sobre uma disciplina. Minha solicitação principal é: aparece uma mensagem de erro toda vez que faço login. Como resolvo?;suporte_tecnico;portal;baixa;treino
ATE-03568;"preciso consultar uma pendência de empréstimo; além disso, também apareceu uma cobrança que não reconheço.";biblioteca;email;alta;treino
ATE-03569;só queria entender, tenho dúvida sobre um pagamento, mas o que preciso resolver primeiro é que meu aceso está bloqueado. fico no aguardo.;suporte_tecnico;portal;baixa;treino
ATE-03570;Quero discutir uma decisão acadêmica, mas o que preciso resolver primeiro é que minha senha não funciona.;suporte_tecnico;telefone;alta;treino
ATE-03571;"O desconto da mensalidade não apareceu; situação observada na solicitação que abri recentemente.";financeiro;email;media;validacao
ATE-03572;Também tenho uma pendência de empréstimo. Minha solicitação principal é: preciso avaliar uma situação excepcional no meu percurso acadêmico.;coordenacao;presencial;baixa;validacao
ATE-03573;Não consigo acessar uma tela do sistema. Minha solicitação principal é: preciso discutir equivalência de conteúdo entre disciplinas.;coordenacao;presencial;media;teste
ATE-03574;Registro a seguinte situação: quero discutir uma situação pedagógica com a turma e, em paralelo, também preciso confirmar um documento acadêmico.;coordenacao;email;baixa;treino
ATE-03575;Não consigo acessar um artigo pelo portal da biblioteca e, em paralelo, não consigo acessar uma tela do sistema. Preciso de um retorno.;biblioteca;presencial;baixa;treino
ATE-03576;"Oi, quero confirmar a multa de um empréstimo atrasado; além disso, o boleto continua pendente.";biblioteca;email;media;validacao
ATE-03577;A página apresenta erro quando tento acessar, antes do início das aulas.;suporte_tecnico;presencial;media;treino
ATE-03578;PRECISO CORRIGIR MEUS DADOS ACADÊMICOS;secretaria_academica;email;media;treino
ATE-03579;preciso renovar um livro;biblioteca;chat;baixa;treino
ATE-03580;Preciso renovar um livro.;biblioteca;presencial;baixa;treino
ATE-03581;Meu pagamento ainda não foi reconhecido e, em paralelo, também preciso de orientação sobre uma disciplina!;financeiro;email;baixa;treino
ATE-03582;Queria uma orientação, quero discutir uma decisão acadêmica, mas o que preciso resolver primeiro é que meu pagamento ainda não foi reconhecido. Isso pode ser verificado, por favor?;financeiro;presencial;alta;treino
ATE-03583;Quero entender o procedimento de trancamento e, em paralelo, também tenho uma pendência de empréstimo.;secretaria_academica;portal;media;treino
ATE-03584;Quero confirmar o status da rematrícula e, em paralelo, o portal também está dando erro;secretaria_academica;portal;alta;treino
ATE-03585;tenho dúvida sobre um pagamento, mas o que preciso resolver primeiro é que a plataforma fica em tela branca.;suporte_tecnico;portal;media;treino
ATE-03586;o comprovante foi enviado, mas o débito continua aberto e também quero saber sobre a emissão de declaração.;financeiro;chat;alta;treino
ATE-03587;"não consigo entrar no portal; além disso, tenho dúvida sobre um pagamento.";suporte_tecnico;presencial;baixa;treino
ATE-03588;TENHO DÚVIDA SOBRE UM PAGAMENTO, MAS O QUE PRECISO RESOLVER PRIMEIRO É QUE NÃO CONSIGO ACESSAR UM ARTIGO PELO PORTAL DA BIBLIOTECA.;biblioteca;chat;baixa;teste
ATE-03589;Gostaria de solicitar apoio: um livro devolvido ainda aparece comigo. Além disso, uma disciplina não consta no meu registro.;secretaria_academica;chat;baixa;treino
ATE-03590;não consigo acessar uma tela do sistema, mas o que preciso resolver primeiro é que não consigo acessar a base de periódicos.;biblioteca;chat;media;treino
ATE-03591;Venho informar, o aplicativo não carrega. Obrigada.;suporte_tecnico;presencial;alta;treino
ATE-03592;preciso discutir equivalência de conteúdo entre disciplinas?;coordenacao;email;media;validacao
ATE-03593;Venho informar, o sistema fecha antes de concluir a operação. Fico no aguardo!;suporte_tecnico;portal;media;treino
ATE-03594;Oi, queria uma orientação, quero confirmar a multa de um empréstimo atrasado Isso pode ser verificado, por favor?;biblioteca;presencial;media;treino
ATE-03595;Olá, alguém consegue me ajudar, fiz o pagamento e ainda aparece pendência. Obrigada.;financeiro;telefone;alta;treino
ATE-03596;"Não consigo acessar a base de periódicos; situação observada nesta semana; preciso de retorno.";biblioteca;chat;media;teste
ATE-03597;Solicito orientação: também preciso de orientação sobre uma disciplina. Minha solicitação principal é: preciso da segunda via do boleto.;financeiro;telefone;baixa;teste
ATE-03598;Então, preciso renovar um livro, no semestre atual.;biblioteca;presencial;baixa;validacao
ATE-03599;Registro a seguinte situação: a plataforma fica em tela branca e, em paralelo, também tenho uma pendência de empréstimo.;suporte_tecnico;email;baixa;treino
ATE-03600;Bom dia, um livro devolvido ainda aparece comigo? Preciso de um retorno.;biblioteca;presencial;media;treino
ATE-03601;Gostaria de solicitar apoio: olá, meu login falha às vezes. Minha solicitação principal é: quero conversar sobre pré-requisitos e sequência de disciplinas. Agradeço se puderem olhar isso.;coordenacao;presencial;media;treino
ATE-03602;a plataforma fica em tela branca. Isso aconteceu depois de consultar as orientações disponíveis.;suporte_tecnico;email;baixa;treino
ATE-03603;Preciso solicitar um histórico escolar, desde ontem.;secretaria_academica;presencial;baixa;treino
ATE-03604;"Preciso discutir equivalência de conteúdo entre disciplinas; além disso, também preciso confirmar um documento acadêmico.";coordenacao;chat;baixa;teste
ATE-03605;Não consigo entrar no portal. Isso aconteceu no semestre atual.;suporte_tecnico;email;media;treino
ATE-03606;Gente, boa tarde, quero entender uma cobrança na mensalidade. Obrigado.;financeiro;chat;media;teste
ATE-03607;Preciso discutir equivalência de conteúdo entre disciplinas e, em paralelo, meu login falha às vezes.;coordenacao;telefone;baixa;teste
ATE-03608;Solicito orientação: venho informar, quero discutir uma decisão acadêmica, mas o que preciso resolver primeiro é que o link de recuperação de senha não chega. Podem verificar?;suporte_tecnico;presencial;media;validacao
ATE-03609;Gostaria de registrar, quero orientação acadêmica antes de escolher as próximas matérias? Obrigada.;coordenacao;chat;media;treino
ATE-03610;"O link de recuperação de senha não chega; situação observada depois de tentar pelo portal.";suporte_tecnico;email;media;treino
ATE-03611;Por favor, meu acesso está bloqueado? Isso pode ser verificado, por favor?;suporte_tecnico;telefone;media;treino
ATE-03612;quero confirmar a multa de um empréstimo atrasado além disso, preciso falar com a coordenação sobre meu planejamento acadêmico!;coordenacao;presencial;alta;treino
ATE-03613;Olá, queria uma orientação, também preciso de orientação sobre uma disciplina. Minha solicitação principal é: preciso de informações sobre vencimento e juros. Fico no aguardo.;financeiro;portal;media;treino
ATE-03614;Bom dia, quero saber se um título está disponível Podem verificar?;biblioteca;email;baixa;treino
ATE-03615;Bom dia, quero saber sobre a emissão de declaração e, em paralelo, o portal também está dando erro. Obrigada.;secretaria_academica;portal;baixa;treino
ATE-03616;venho informar, preciso discutir equivalência de conteúdo entre disciplinas agradeço se puderem olhar isso!!!;coordenacao;presencial;media;treino
ATE-03617;Oi, quero entender o procedimento de trancamento. Além disso, quero negociar uma pendência financeira.;financeiro;presencial;media;treino
ATE-03618;"Meu pagamento ainda não foi reconhecido; situação observada desde ontem.";financeiro;chat;baixa;treino
ATE-03619;preciso consultar uma pendência de empréstimo e, em paralelo, o portal também está dando erro.;biblioteca;presencial;media;treino
ATE-03620;Olá, o aplicativo não carrega?;suporte_tecnico;telefone;alta;treino
ATE-03621;tenho dúvida sobre um pagamento, mas o que preciso resolver primeiro é que a plataforma fica em tela branca. 😕;suporte_tecnico;portal;alta;treino
ATE-03622;"Preciso de informações sobre vencimento e juros; ao mesmo tempo, tenho um problema recorrente em uma turma e preciso de orientação.";coordenacao;telefone;alta;treino
ATE-03623;Desde ontem, preciso de orientação sobre uma decisão acadêmica que não é apenas cadastral.;coordenacao;portal;media;treino
ATE-03624;preciso conversar sobre a organização da minha grade. Isso aconteceu antes do início das aulas.;coordenacao;presencial;media;treino
ATE-03625;Oi, também preciso de orientação sobre uma disciplina. Minha solicitação principal é: o desconto da mensalidade não apareceu.;financeiro;chat;baixa;treino
ATE-03626;"minha senha não funciona; situação observada antes do prazo informado.";suporte_tecnico;presencial;baixa;validacao
ATE-03627;bom dia, minha matrícula não aparece corretamente como resolvo?;secretaria_academica;email;baixa;validacao
ATE-03628;"quero entender uma cobrança na mensalidade; ao mesmo tempo, preciso atualizar um documento da matrícula.";secretaria_academica;presencial;media;teste
ATE-03629;Gente, preciso solicitar um histórico escolar, mas tenho ainda outra questão: o sistema fecha antes de concluir a operação.;secretaria_academica;email;baixa;validacao
ATE-03630;"Quero reservar um exemplar; além disso, há uma questão pedagógica que preciso avaliar.";biblioteca;presencial;baixa;treino
ATE-03631;Bom dia, preciso de informações sobre vencimento e juros Obrigada.;financeiro;portal;baixa;treino
ATE-03632;"fiz o pagamento e ainda aparece pendência; além disso, meu login falha às vezes.";financeiro;chat;baixa;treino
ATE-03633;Queria uma orientação, preciso discutir equivalência de conteúdo entre disciplinas Podem verificar?;coordenacao;email;alta;validacao
ATE-03634;Olá, preciso atualizar um documento da matricula;secretaria_academica;telefone;baixa;treino
ATE-03635;queria uma orientação, meu nome saiu incorreto em um documento acadêmico e, em paralelo, quero discutir uma decisão acadêmica!;secretaria_academica;email;media;treino
ATE-03636;Solicito orientação: preciso da segunda via do boleto e, em paralelo, não consigo acessar uma tela do sistema.;financeiro;telefone;media;validacao
ATE-03637;Por favor, o link de recuperação de senha não chega?;suporte_tecnico;telefone;baixa;treino
ATE-03638;Minha matrícula mostra uma informação estranha, mas o que preciso resolver primeiro é que aparece uma mensagem de erro toda vez que faço login.;suporte_tecnico;telefone;alta;treino
ATE-03639;Desde ontem, a página apresenta erro quando tento acessar.;suporte_tecnico;presencial;alta;treino
ATE-03640;"queria uma orientação, quero discutir uma situação pedagógica com a turma; além disso, não consigo acessar uma tela do sistema fico no aguardo";coordenacao;email;baixa;treino
ATE-03641;Preciso saber o horário de atendimento da biblioteca Como resolvo?;biblioteca;email;alta;treino
ATE-03642;meu pagamento ainda não foi reconhecido?;financeiro;portal;alta;treino
ATE-03643;alguém consegue me ajudar, também preciso de orientação sobre uma disciplina. minha solicitação principal é: quero saber sobre a emissão de declaração. isso pode ser verificado, por favor?;secretaria_academica;chat;media;treino
ATE-03644;"Olá, gostaria de registrar, quero entender uma cobrança na mensalidade; além disso, quero discutir uma decisão acadêmica. Obrigada.";financeiro;email;alta;treino
ATE-03645;Por favor, oi, quero confirmar o status da rematrícula. Podem verificar?!;secretaria_academica;email;alta;validacao
ATE-03646;o aceso à biblioteca digital falhou. minha solicitação principal é: preciso da segunda via do boleto.;financeiro;chat;baixa;treino
ATE-03647;Quero confirmar o status da rematrícula e, em paralelo, também tenho uma pendência de empréstimo.;secretaria_academica;email;baixa;validacao
ATE-03648;Olá, não consigo acessar uma tela do sistema, mas o que preciso resolver primeiro é que quero informações sobre calendário de matrícula. Agradeço se puderem olhar isso.;secretaria_academica;portal;media;treino
ATE-03649;Olá, também apareceu uma cobrança que nao reconheço, mas o que preciso resolver primeiro é que nao consigo acessar a base de periódicos.;biblioteca;telefone;alta;validacao
ATE-03650;Não consigo entrar no portal. Além disso, quero confirmar a multa de um empréstimo atrasado.;biblioteca;email;baixa;validacao
ATE-03651;"Olá, o valor da parcela está diferente; além disso, não consigo acessar uma tela do sistema.";financeiro;presencial;baixa;teste
ATE-03652;"Quero orientação acadêmica antes de escolher as próximas matérias; além disso, minha matrícula mostra uma informação estranha. Isso pode ser verificado, por favor?";coordenacao;telefone;media;treino
ATE-03653;Preciso corrigir meus dados acadêmicos. Isso aconteceu antes de enviar outro pedido.;secretaria_academica;chat;media;teste
ATE-03654;meu acesso está bloqueado, depois de tentar pelo portal.;suporte_tecnico;chat;media;teste
ATE-03655;Na solicitação que abri recentemente, preciso de informações sobre vencimento e juros.;financeiro;email;media;treino
ATE-03656;Por favor, o portal também está dando erro. Minha solicitação principal é: quero confirmar a multa de um empréstimo atrasado. Conseguem me orientar?;biblioteca;email;media;treino
ATE-03657;Preciso renovar um livro e também quero orientação sobre uma situação com uma disciplina.;biblioteca;telefone;baixa;treino
ATE-03658;O portal também está dando erro. Minha solicitação principal é: quero entender uma cobrança na mensalidade.;financeiro;portal;media;validacao
ATE-03659;preciso conversar sobre a organização da minha grade;coordenacao;chat;media;treino
ATE-03660;Preciso conversar sobre a organização da minha grade. Isso aconteceu depois de tentar pelo portal.;coordenacao;portal;media;treino
ATE-03661;Gente, minha matrícula não aparece corretamente e também quero confirmar a multa de um empréstimo atrasado!;secretaria_academica;chat;media;teste
ATE-03662;Então, o sistema fecha antes de concluir a operação, para conseguir seguir com o processo.;suporte_tecnico;email;baixa;treino
ATE-03663;Por favor, preciso saber o horário de atendimento da biblioteca;biblioteca;portal;alta;treino
ATE-03664;queria uma orientação, meu pagamento ainda não foi reconhecido? fico no aguardo.;financeiro;portal;media;treino
ATE-03665;Gostaria de solicitar apoio: há uma questão pedagógica que preciso avaliar. Minha solicitação principal é: preciso confirmar um estorno.;financeiro;portal;media;treino
ATE-03666;Gostaria de solicitar apoio: pessoal, meu pagamento ainda não foi reconhecido Podem verificar?!;financeiro;presencial;media;treino
ATE-03667;Quero entender uma cobrança na mensalidade, desde o começo da semana.;financeiro;presencial;media;teste
ATE-03668;Preciso de ajuda, o aplicativo não carrega? Isso pode ser verificado, por favor?;suporte_tecnico;chat;media;treino
ATE-03669;Antes do prazo informado, quero confirmar a multa de um empréstimo atrasado.;biblioteca;email;baixa;treino
ATE-03670;Oi, não consigo entrar no portal e, em paralelo, o boleto continua pendente;suporte_tecnico;email;alta;teste
ATE-03671;"olá, preciso corrigir meus dados acadêmicos; ao mesmo tempo, não consigo acessar um artigo pelo portal da biblioteca. conseguem me orientar?";biblioteca;telefone;media;treino
ATE-03672;Preciso avaliar uma situação excepcional no meu percurso acadêmico, mas tenho ainda outra questão: não consigo anexar o arquivo no portal.;coordenacao;portal;media;teste
ATE-03673;Olá, meu pagamento ainda não foi reconhecido Fico no aguardo.;financeiro;portal;media;teste
ATE-03674;"A página apresenta erro quando tento acessar; além disso, minha matrícula mostra uma informação estranha.";suporte_tecnico;email;media;treino
ATE-03675;Oi, quero saber sobre a emissão de declaração? Fico no aguardo.;secretaria_academica;chat;baixa;validacao
ATE-03676;preciso atualizar um documento da matrícula, para conseguir seguir com o processo.;secretaria_academica;portal;alta;treino
ATE-03677;Por favor, o valor da parcela está diferente Isso pode ser verificado, por favor?;financeiro;presencial;media;teste
ATE-03678;Para organizar minha situação, aparece uma mensagem de erro toda vez que faço login.;suporte_tecnico;presencial;alta;validacao
ATE-03679;"fiz o pagamento e ainda aparece pendência; ao mesmo tempo, o link de recuperação de senha não chega!";suporte_tecnico;portal;alta;treino
ATE-03680;"Meu nome saiu incorreto em um documento acadêmico; além disso, também preciso de orientação sobre uma disciplina.";secretaria_academica;chat;alta;treino
ATE-03681;Então, preciso corrigir meus dados acadêmicos. Além disso, o aplicativo não carrega.;suporte_tecnico;email;baixa;treino
ATE-03682;Quero saber sobre a emissão de declaração, mas tenho ainda outra questão: minha senha não funciona;secretaria_academica;chat;media;treino
ATE-03683;Estou com uma dúvida, preciso corrigir meus dados acadêmicos Obrigada.;secretaria_academica;chat;baixa;treino
ATE-03684;quero entender o procedimento de trancamento. além disso, tenho um problema recorrente em uma turma e preciso de orientação.;coordenacao;chat;media;treino
ATE-03685;Olá, preciso de ajuda, minha matrícula nao aparece corretamente e também quero confirmar a multa de um empréstimo atrasado. Preciso de um retorno.;secretaria_academica;portal;media;treino
ATE-03686;olá, preciso da segunda via do boleto?;financeiro;presencial;media;teste
ATE-03687;Um livro devolvido ainda aparece comigo. Além disso, o desconto da mensalidade não apareceu.;financeiro;telefone;media;treino
ATE-03688;Oi, preciso de informações sobre vencimento e juros?;financeiro;presencial;alta;validacao
ATE-03689;Por favor, preciso solicitar aproveitamento de documentação já entregue. Preciso de um retorno.;secretaria_academica;presencial;media;teste
ATE-03690;"Não consigo entrar no portal; situação observada antes do início das aulas.";suporte_tecnico;portal;media;validacao
ATE-03691;Registro a seguinte situação: preciso consultar uma pendência de empréstimo?;biblioteca;portal;baixa;teste
ATE-03692;"Pessoal, uma disciplina não consta no meu registro; além disso, meu login falha às vezes. Obrigado.";secretaria_academica;chat;baixa;treino
ATE-03693;OLÁ, QUERO INFORMAÇÕES SOBRE CALENDÁRIO DE MATRÍCULA OBRIGADA.;secretaria_academica;presencial;baixa;treino
ATE-03694;"Olá, venho informar, preciso confirmar um estorno; além disso, preciso conferir um livro. Obrigada.";financeiro;telefone;media;treino
ATE-03695;"Minha matrícula mostra uma informação estranha, mas o que preciso resolver primeiro é que fiz o pagamento e ainda aparece pendência; preciso de retorno.";financeiro;chat;alta;treino
ATE-03696;Por favor, não consigo acessar a base de periódicos Agradeço se puderem olhar isso.;biblioteca;email;baixa;treino
ATE-03697;Gostaria de solicitar apoio: aparece uma mensagem de erro toda vez que faço login.;suporte_tecnico;chat;baixa;treino
ATE-03698;Gente, preciso de ajuda, a página apresenta erro quando tento acessar Fico no aguardo.;suporte_tecnico;portal;baixa;treino
ATE-03699;"fiz o pagamento e ainda aparece pendência; além disso, também preciso confirmar um documento acadêmico.";financeiro;telefone;baixa;treino
ATE-03700;Quero saber sobre a emissão de declaração, mas tenho ainda outra questão: quero saber se um título está disponível.;secretaria_academica;portal;alta;treino
ATE-03701;Uma disciplina não consta no meu registro, para resolver ainda este mês.;secretaria_academica;presencial;baixa;treino
ATE-03702;Gostaria de solicitar apoio: o comprovante foi enviado, mas o débito continua aberto?;financeiro;email;media;treino
ATE-03703;Gostaria de solicitar apoio: só queria entender, não consigo abrir o ambiente virtual, mas tenho ainda outra questão: preciso conversar sobre a organização da minha grade. Obrigado.;suporte_tecnico;email;media;treino
ATE-03704;Estou com uma dúvida, o aplicativo não carrega. Como resolvo?;suporte_tecnico;email;baixa;treino
ATE-03705;boa tarde, meu nome saiu incorreto em um documento acadêmico e também preciso discutir equivalência de conteúdo entre disciplinas. conseguem me orientar?;secretaria_academica;email;baixa;treino
ATE-03706;O link de recuperação de senha não chega, nesta semana.;suporte_tecnico;telefone;media;teste
ATE-03707;a devolução de um livro ainda não foi registrada. Isso aconteceu no semestre atual.;biblioteca;chat;media;treino
ATE-03708;Só queria entender, quero discutir uma situação pedagógica com a turma? Preciso de um retorno.;coordenacao;email;baixa;validacao
ATE-03709;preciso renovar um livro. Isso aconteceu nesta semana.;biblioteca;portal;alta;treino
ATE-03710;também preciso de orientação sobre uma disciplina, mas o q preciso resolver primeiro é q fiz o pagamento e ainda aparece pendência.;financeiro;presencial;media;treino
ATE-03711;olá, quero saber sobre a emissão de declaração? conseguem me orientar?;secretaria_academica;portal;baixa;treino
ATE-03712;TENHO UM PROBLEMA RECORRENTE EM UMA TURMA E PRECISO DE ORIENTAÇÃO E TAMBÉM UMA DISCIPLINA NÃO CONSTA NO MEU REGISTRO.;coordenacao;email;baixa;treino
ATE-03713;oi, o sistema fecha antes de concluir a operação? obrigado.;suporte_tecnico;telefone;media;treino
ATE-03714;"Um livro devolvido ainda aparece comigo; situação observada na solicitação que abri recentemente.";biblioteca;email;baixa;treino
ATE-03715;gostaria de registrar, quero confirmar o status da rematrícula preciso de um retorno.;secretaria_academica;email;media;treino
ATE-03716;Oi, quero orientação acadêmica antes de escolher as próximas matérias?;coordenacao;chat;media;validacao
ATE-03717;Meu pagamento ainda não foi reconhecido. Isso aconteceu depois de tentar pelo portal.;financeiro;chat;media;treino
ATE-03718;Quero informações sobre calendário de matrícula?;secretaria_academica;chat;media;treino
ATE-03719;"Não consigo abrir o ambiente virtual; ao mesmo tempo, quero confirmar o status da rematrícula.";secretaria_academica;presencial;media;treino
ATE-03720;Gente, alguém consegue me ajudar, preciso solicitar um histórico escolar. Além disso, preciso da segunda via do boleto. Obrigada.;financeiro;telefone;baixa;validacao
ATE-03721;Olá, queria uma orientação, fiz o pagamento e ainda aparece pendência. Conseguem me orientar?;financeiro;telefone;baixa;treino
ATE-03722;Olá, o link de recuperação de senha não chega e também preciso corrigir meus dados acadêmicos.;suporte_tecnico;telefone;media;treino
ATE-03723;preciso saber o horário de atendimento da biblioteca. Isso aconteceu antes da próxima aula.;biblioteca;portal;alta;teste
ATE-03724;tenho um problema recorrente em uma turma e preciso de orientação e tambem um livro devolvido ainda aparece comigo.;coordenacao;telefone;media;treino
ATE-03725;Gostaria de solicitar apoio: queria uma orientação, quero informações sobre calendário de matrícula. Conseguem me orientar?!;secretaria_academica;presencial;baixa;treino
ATE-03726;Também apareceu uma cobrança que não reconheço, mas o que preciso resolver primeiro é que quero orientação sobre uma situação com uma disciplina.;coordenacao;chat;media;validacao
ATE-03727;um livro devolvido ainda aparece comigo e, em paralelo, também preciso confirmar um documento acadêmico.;biblioteca;presencial;media;treino
ATE-03728;Por favor, meu nome saiu incorreto em um documento acadêmico e também a página apresenta erro quando tento acessar. Como resolvo?;secretaria_academica;presencial;alta;treino
ATE-03729;"Quero confirmar o status da rematrícula; além disso, o acesso à biblioteca digital falhou.";secretaria_academica;presencial;media;treino
ATE-03730;Solicito orientação: venho informar, meu pagamento ainda não foi reconhecido?;financeiro;portal;alta;treino
ATE-03731;Gente, estou com uma dúvida, a plataforma fica em tela branca? Obrigada.;suporte_tecnico;portal;media;validacao
ATE-03732;"o link de recuperação de senha não chega; além disso, o acesso à biblioteca digital falhou";suporte_tecnico;portal;media;treino
ATE-03733;o comprovante foi enviado, mas o débito continua aberto, antes do prazo informado.;financeiro;portal;alta;treino
ATE-03734;"quero confirmar a multa de um empréstimo atrasado; além disso, há uma questão pedagógica q preciso avaliar.";biblioteca;presencial;media;treino
ATE-03735;queria uma orientação, a devolução de um livro ainda não foi registrada. além disso, a plataforma fica em tela branca. obrigada.;suporte_tecnico;presencial;media;treino
ATE-03736;Por favor, preciso avaliar uma situação excepcional no meu percurso acadêmico. Isso aconteceu antes do início das aulas.;coordenacao;presencial;media;treino
ATE-03737;o aplicativo não carrega?;suporte_tecnico;telefone;baixa;treino
ATE-03738;só queria entender, tenho um problema recorrente em uma turma e preciso de orientação;coordenacao;email;baixa;treino
ATE-03739;Antes do início das aulas, quero reservar um exemplar.;biblioteca;portal;alta;treino
ATE-03740;Por favor, o desconto da mensalidade não apareceu?;financeiro;email;media;teste
ATE-03741;também preciso confirmar um documento acadêmico, mas o que preciso resolver primeiro é que o sistema fecha antes de concluir a operação.;suporte_tecnico;portal;baixa;validacao
ATE-03742;Olá, o sistema fecha antes de concluir a operação Fico no aguardo.;suporte_tecnico;presencial;media;treino
ATE-03743;Gostaria de solicitar apoio: quero informações sobre calendário de matrícula.;secretaria_academica;portal;alta;validacao
ATE-03744;"Oi, quero informações sobre calendário de matrícula; além disso, há uma questão pedagógica que preciso avaliar; situação observada antes do prazo informado.";secretaria_academica;presencial;media;treino
ATE-03745;Gente, há uma questão pedagógica que preciso avaliar, mas o que preciso resolver primeiro é que quero confirmar o status da rematrícula.;secretaria_academica;telefone;alta;teste
ATE-03746;Olá, também apareceu uma cobrança que nao reconheço, mas o que preciso resolver primeiro é que preciso avaliar uma situação excepcional no meu percurso acadêmico.;coordenacao;chat;baixa;treino
ATE-03747;a página apresenta erro quando tento acessar. ...;suporte_tecnico;portal;alta;treino
ATE-03748;quero saber sobre a emissão de declaração, mas tenho ainda outra questão: preciso saber o horário de atendimento da biblioteca.;secretaria_academica;email;alta;treino
ATE-03749;Para organizar minha situação, a devolução de um livro ainda não foi registrada.;biblioteca;chat;media;teste
ATE-03750;Preciso solicitar aproveitamento de documentação já entregue;secretaria_academica;telefone;media;treino
ATE-03751;"Por favor, preciso discutir equivalência de conteúdo entre disciplinas; situação observada antes da próxima aula.";coordenacao;telefone;baixa;treino
ATE-03752;preciso confirmar um estorno. Isso aconteceu para resolver ainda este mês.;financeiro;telefone;media;treino
ATE-03753;O valor da parcela está diferente. Isso aconteceu para organizar minha situação.;financeiro;presencial;alta;validacao
ATE-03754;a página apresenta erro quando tento acessar, no semestre atual.;suporte_tecnico;chat;media;treino
ATE-03755;Preciso de informações sobre vencimento e juros. Além disso, preciso corrigir meus dados acadêmicos.;secretaria_academica;email;baixa;treino
ATE-03756;Olá, quero saber sobre a emissão de declaração e também preciso consultar uma pendência de empréstimo.;secretaria_academica;portal;media;treino
ATE-03757;"Preciso da segunda via do boleto; além disso, preciso conferir um livro.";financeiro;portal;media;treino
ATE-03758;Registro a seguinte situação: também apareceu uma cobrança que não reconheço, mas o que preciso resolver primeiro é que preciso solicitar aproveitamento de documentação já entregue.;secretaria_academica;presencial;alta;treino
ATE-03759;pessoal, o link de recuperação de senha não chega. além disso, o desconto da mensalidade não apareceu. conseguem me orientar?;financeiro;telefone;media;treino
ATE-03760;Para organizar minha situação, preciso de orientação sobre uma decisão acadêmica que não é apenas cadastral.;coordenacao;chat;media;validacao
ATE-03761;"A devolução de um livro ainda não foi registrada; além disso, há uma questão pedagógica que preciso avaliar.";biblioteca;email;baixa;treino
ATE-03762;"Preciso consultar uma pendência de empréstimo; situação observada depois de tentar pelo portal.";biblioteca;telefone;baixa;teste
ATE-03763;POR FAVOR, VENHO INFORMAR, PRECISO RENOVAR UM LIVRO? PRECISO DE UM RETORNO;biblioteca;chat;baixa;treino
ATE-03764;"Minha matricula não aparece corretamente; além disso, preciso conferir um livro.";secretaria_academica;email;media;teste
ATE-03765;só queria entender, quero saber se um título está disponível. preciso de um retorno.;biblioteca;presencial;baixa;treino
ATE-03766;Não consigo acessar um artigo pelo portal da biblioteca!;biblioteca;email;baixa;treino
ATE-03767;Para conseguir seguir com o processo, um livro devolvido ainda aparece comigo.;biblioteca;presencial;media;treino
ATE-03768;"QUERO DISCUTIR UMA SITUAÇÃO PEDAGÓGICA COM A TURMA; ALÉM DISSO, PRECISO CONFERIR UM LIVRO.";coordenacao;email;alta;treino
ATE-03769;Por favor, fiz o pagamento e ainda aparece pendência. Além disso, preciso solicitar aproveitamento de documentação já entregue.;secretaria_academica;portal;media;teste
ATE-03770;quero saber sobre a emissão de declaração. Isso aconteceu antes de enviar outro pedido.;secretaria_academica;presencial;media;validacao
ATE-03771;tenho um problema recorrente em uma turma e preciso de orientação e também minha senha não funciona.;coordenacao;email;media;treino
ATE-03772;Também preciso de orientação sobre uma disciplina. Minha solicitação principal é: o valor da parcela está diferente.;financeiro;presencial;media;treino
ATE-03773;"Preciso atualizar um documento da matrícula; além disso, há uma questão pedagógica que preciso avaliar!";secretaria_academica;portal;baixa;validacao
ATE-03774;Oi, tenho um problema recorrente em uma turma e preciso de orientação. Obrigada.;coordenacao;portal;alta;validacao
ATE-03775;Depois de tentar pelo portal, preciso avaliar uma situação excepcional no meu percurso acadêmico.;coordenacao;presencial;baixa;treino
ATE-03776;tenho um problema recorrente em uma turma e preciso de orientação!;coordenacao;presencial;media;treino
ATE-03777;Quero discutir uma decisão acadêmica. Minha solicitação principal é: não consigo anexar o arquivo no portal.;suporte_tecnico;portal;media;treino
ATE-03778;Só queria entender, quero orientação sobre uma situação com uma disciplina? Conseguem me orientar?;coordenacao;presencial;media;treino
ATE-03779;preciso de ajuda, a plataforma fica em tela branca. preciso de um retorno.;suporte_tecnico;telefone;alta;teste
ATE-03780;O link de recuperação de senha não chega, desde o começo da semana.;suporte_tecnico;presencial;media;treino
ATE-03781;O boletoo continua pendente. Minha solicitação principal é: preciso falar com a coordenação sobre meu planejamento acadêmico.;coordenacao;telefone;alta;treino
ATE-03782;gostaria de registrar, também apareceu uma cobrança que não reconheço, mas o que preciso resolver primeiro é que a plataforma fica em tela branca. podem verificar?;suporte_tecnico;email;media;treino
ATE-03783;quero saber se um título está disponível?!;biblioteca;telefone;media;treino
ATE-03784;Boa tarde, meu acesso está bloqueado Preciso de um retorno.;suporte_tecnico;telefone;media;treino
ATE-03785;Estou com uma dúvida, o desconto da mensalidade não apareceu Como resolvo?;financeiro;portal;baixa;teste
ATE-03786;"Quero entender uma cobrança na mensalidade; além disso, o acesso à biblioteca digital falhou.";financeiro;email;baixa;teste
ATE-03787;"O link de recuperação de senha não chega; além disso, tenho dúvida sobre um registro.";suporte_tecnico;telefone;baixa;teste
ATE-03788;Então, preciso de ajuda, quero saber sobre a emissão de declaração;secretaria_academica;email;media;treino
ATE-03789;Então, fiz o pagamento e ainda aparece pendência e, em paralelo, o portal também está dando erro.;financeiro;portal;alta;treino
ATE-03790;meu login falha às vezes. minha solicitação principal é: a devolução de um livro ainda não foi registrada.;biblioteca;email;baixa;treino
ATE-03791;Quero discutir uma situação pedagógica com a turma, mas tenho ainda outra questão: preciso solicitar um histórico escolar, nesta semana.;coordenacao;presencial;alta;treino
ATE-03792;Por favor, preciso de orientação sobre uma decisão acadêmica que não é apenas cadastral.;coordenacao;email;media;treino
ATE-03793;Então, também apareceu uma cobrança que não reconheço, mas o que preciso resolver primeiro é que preciso consultar uma pendência de empréstimo.;biblioteca;chat;media;treino
ATE-03794;Alguém consegue me ajudar, quero reservar um exemplar? Preciso de um retorno.;biblioteca;presencial;baixa;validacao
ATE-03795;"Quero discutir uma situação pedagógica com a turma; situação observada na solicitação que abri recentemente.";coordenacao;portal;baixa;teste
ATE-03796;Preciso consultar uma pendência de empréstimo e também preciso corrigir meus dados acadêmicos.;biblioteca;presencial;media;treino
ATE-03797;Não consigo abrir o ambiente virtual e, em paralelo, o acesso à biblioteca digital falhou.;suporte_tecnico;presencial;baixa;validacao
ATE-03798;não consigo acessar uma tela do sistema. minha solicitação principal é: quero saber sobre a emissão de declaração.;secretaria_academica;portal;baixa;validacao
ATE-03799;Meu pagamento ainda não foi reconhecido, desde o começo da semana.;financeiro;portal;baixa;validacao
ATE-03800;Gente, fiz o pagamento e ainda aparece pendência e, em paralelo, o acesso à biblioteca digital falhou!;financeiro;portal;media;treino
ATE-03801;um livro devolvido ainda aparece comigo, mas tenho ainda outra questão: preciso da segunda via do boleto;biblioteca;chat;media;treino
ATE-03802;"Quero saber sobre a emissão de declaração; ao mesmo tempo, meu pagamento ainda não foi reconhecido.";financeiro;telefone;media;treino
ATE-03803;Então, queria uma orientação, também preciso de orientação sobre uma disciplina, mas o que preciso resolver primeiro é que quero entender uma cobrança na mensalidade. Obrigado.;financeiro;telefone;media;teste
ATE-03804;quero confirmar a multa de um empréstimo atrasado, mas tenho ainda outra questão: preciso confirmar um estorno.;biblioteca;portal;alta;treino
ATE-03805;por favor, preciso de informações sobre vencimento e juros e, em paralelo, tenho dúvida sobre um registro. conseguem me orientar?;financeiro;portal;alta;treino
ATE-03806;Também tenho uma pendência de empréstimo. Minha solicitação principal é: quero discutir uma situação pedagógica com a turma.;coordenacao;presencial;media;validacao
ATE-03807;Quero entender o procedimento de trancamento?!;secretaria_academica;telefone;media;teste
ATE-03808;Também tenho uma pendência de empréstimo, mas o que preciso resolver primeiro é que quero confirmar o status da rematrícula.;secretaria_academica;presencial;media;teste
ATE-03809;Meu pagamento ainda não foi reconhecido, mas tenho ainda outra questão: quero saber sobre a emissão de declaração.;financeiro;telefone;alta;treino
ATE-03810;Alguém consegue me ajudar, uma disciplina não consta no meu registro. Como resolvo?;secretaria_academica;telefone;alta;treino
ATE-03811;"Quero entender o procedimento de trancamento; situação observada para organizar minha situação.";secretaria_academica;presencial;alta;treino
ATE-03812;quero entender uma cobrança na mensalidade. Isso aconteceu no semestre atual.;financeiro;portal;baixa;treino
ATE-03813;Desde a última atualização do sistema, preciso da segunda via do boleto.;financeiro;telefone;media;treino
ATE-03814;preciso solicitar aproveitamento de documentação já entregue.;secretaria_academica;chat;alta;treino
ATE-03815;Preciso de ajuda, preciso renovar um livro Preciso de um retorno.;biblioteca;presencial;baixa;treino
ATE-03816;"Preciso confirmar um estorno; situação observada no semestre atual.";financeiro;telefone;baixa;validacao
ATE-03817;Não consigo acessar a base de periódicos;biblioteca;presencial;baixa;validacao
ATE-03818;Solicito orientação: minha matrícula mostra uma informação estranha. Minha solicitação principal é: meu acesso está bloqueado.;suporte_tecnico;telefone;alta;teste
ATE-03819;Oi, preciso renovar um livro;biblioteca;telefone;media;teste
ATE-03820;O sistema fecha antes de concluir a operação, desde o começo da semana.;suporte_tecnico;telefone;baixa;teste
ATE-03821;tbm preciso confirmar um documento acadêmico, mas o que preciso resolver primeiro é que o valor da parcela esta diferente.;financeiro;telefone;baixa;treino
ATE-03822;Uma disciplina não consta no meu registro. Isso aconteceu depois de consultar as orientações disponíveis.;secretaria_academica;chat;media;treino
ATE-03823;queria uma orientação, quero confirmar o status da rematrícula e, em paralelo, meu login falha às vezes. como resolvo?;secretaria_academica;telefone;media;teste
ATE-03824;Gente, gostaria de registrar, preciso confirmar um estorno e, em paralelo, também tenho uma pendência de empréstimo. Fico no aguardo.;financeiro;chat;baixa;treino
ATE-03825;Depois de tentar pelo portal, não consigo acessar a base de periódicos.;biblioteca;portal;media;treino
ATE-03826;Tenho um problema recorrente em uma turma e preciso de orientação e, em paralelo, não consigo acessar uma tela do sistema.;coordenacao;chat;baixa;treino
ATE-03827;Uma disciplina nao consta no meu registro?;secretaria_academica;portal;baixa;validacao
ATE-03828;Gente, quero negociar uma pendência financeira, desde o começo da semana.;financeiro;chat;media;validacao
ATE-03829;Solicito orientação: preciso avaliar uma situação excepcional no meu percurso acadêmico?;coordenacao;presencial;media;validacao
ATE-03830;Preciso solicitar aproveitamento de documentação já entregue. Isso aconteceu depois de tentar pelo portal.;secretaria_academica;presencial;media;treino
ATE-03831;Oi, gostaria de registrar, quero conversar sobre pré-requisitos e sequência de disciplinas? Conseguem me orientar?;coordenacao;telefone;baixa;treino
ATE-03832;Oi, quero conversar sobre pré-requisitos e sequência de disciplinas?;coordenacao;chat;baixa;treino
ATE-03833;Então, há uma questão pedagógica que preciso avaliar. Minha solicitação principal é: não consigo visualizar o boleto deste mês.;financeiro;chat;alta;treino
ATE-03834;Oi, pessoal, preciso consultar uma pendência de empréstimo. Além disso, meu acesso está bloqueado. Isso pode ser verificado, por favor?;suporte_tecnico;presencial;media;treino
ATE-03835;"Oi, quero informações sobre calendário de matrícula; além disso, também tenho uma pendência de empréstimo.";secretaria_academica;email;media;teste
ATE-03836;Solicito orientação: também apareceu uma cobrança que não reconheço. Minha solicitação principal é: um livro devolvido ainda aparece comigo.;biblioteca;chat;baixa;teste
ATE-03837;"Preciso discutir equivalência de conteúdo entre disciplinas e, em paralelo, meu login falha às vezes; situação observada antes de enviar outro pedido.";coordenacao;portal;media;treino
ATE-03838;Quero confirmar a multa de um empréstimo atrasado. Além disso, quero confirmar o status da rematrícula.;secretaria_academica;portal;media;validacao
ATE-03839;quero saber sobre a emissão de declaração e, em paralelo, também preciso de orientação sobre uma disciplina.;secretaria_academica;portal;media;treino
ATE-03840;Queria uma orientação, quero reservar um exemplar Preciso de um retorno.;biblioteca;portal;baixa;teste
ATE-03841;Então, a devolução de um livro ainda não foi registrada!;biblioteca;presencial;baixa;treino
ATE-03842;Para conseguir seguir com o processo, preciso de orientação sobre uma decisão acadêmica que não é apenas cadastral.;coordenacao;chat;media;teste
ATE-03843;PRECISO DE AJUDA, TAMBÉM PRECISO DE ORIENTAÇÃO SOBRE UMA DISCIPLINA. MINHA SOLICITAÇÃO PRINCIPAL É: QUERO CONFIRMAR O STATUS DA REMATRÍCULA. 🙂;secretaria_academica;portal;alta;treino
ATE-03844;"O acesso à biblioteca digital falhou, mas o que preciso resolver primeiro é que o desconto da mensalidade não apareceu; situação observada desde ontem.";financeiro;chat;baixa;treino
ATE-03845;Gostaria de registrar, um livro devolvido ainda aparece comigo. Agradeço se puderem olhar isso;biblioteca;chat;media;validacao
ATE-03846;"Gostaria de solicitar apoio: a página apresenta erro quando tento acessar; ao mesmo tempo, quero discutir uma situação pedagógica com a turma.";coordenacao;telefone;media;treino
ATE-03847;"Oi, venho informar, o link de recuperação de senha não chega; ao mesmo tempo, quero saber sobre a emissão de declaração. Preciso de um retorno.";secretaria_academica;presencial;baixa;teste
ATE-03848;tenho dúvida sobre um registro, mas o que preciso resolver primeiro é que a página apresenta erro quando tento acessar;suporte_tecnico;email;media;treino
ATE-03849;Há uma questão pedagógica que preciso avaliar, mas o que preciso resolver primeiro é que um livro devolvido ainda aparece comigo.;biblioteca;telefone;media;treino
ATE-03850;BOA TARDE, QUERO INFORMAÇÕES SOBRE CALENDÁRIO DE MATRÍCULA. PRECISO DE UM RETORNO;secretaria_academica;chat;baixa;treino
ATE-03851;"venho informar, fiz o pagamento e ainda aparece pendência; além disso, há uma questão pedagógica q preciso avaliar como resolvo";financeiro;presencial;media;treino
ATE-03852;Solicito orientação: preciso consultar uma pendência de empréstimo.;biblioteca;email;baixa;treino
ATE-03853;"A plataforma fica em tela branca; situação observada desde a última atualização do sistema.";suporte_tecnico;chat;baixa;treino
ATE-03854;Pessoal, preciso solicitar um histórico escolar e, em paralelo, o acesso à biblioteca digital falhou. Como resolvo?!;secretaria_academica;telefone;alta;treino
ATE-03855;Preciso conversar sobre a organização da minha grade e, em paralelo, o boleto continua pendente.;coordenacao;email;media;validacao
ATE-03856;tbm tenho uma pendência de empréstimo. minha solicitação principal é: preciso falar com a coordenação sobre meu planejamento acadêmico.;coordenacao;presencial;alta;treino
ATE-03857;TENHO DÚVIDA SOBRE UM REGISTRO, MAS O QUE PRECISO RESOLVER PRIMEIRO É QUE MEU ACESO ESTÁ BLOQUEADO.;suporte_tecnico;email;media;validacao
ATE-03858;preciso solicitar aproveitamento de documentação já entregue e, em paralelo, também preciso de orientação sobre uma disciplina.;secretaria_academica;email;media;treino
ATE-03859;Preciso consultar uma pendência de empréstimo, desde ontem.;biblioteca;presencial;baixa;treino
ATE-03860;Registro a seguinte situação: preciso atualizar um documento da matrícula;secretaria_academica;presencial;baixa;treino
ATE-03861;Queria uma orientação, quero informações sobre calendário de matrícula. Além disso, um livro devolvido ainda aparece comigo. Fico no aguardo!;biblioteca;telefone;baixa;treino
ATE-03862;por favor, preciso conversar sobre a organização da minha grade? obrigado.;coordenacao;telefone;media;teste
ATE-03863;Registro a seguinte situação: quero confirmar a multa de um empréstimo atrasado?;biblioteca;presencial;alta;validacao
ATE-03864;Por favor, quero confirmar o status da rematrícula?;secretaria_academica;presencial;media;treino
ATE-03865;Gente, bom dia, quero orientação sobre uma situação com uma disciplina? Conseguem me orientar?;coordenacao;presencial;baixa;treino
ATE-03866;A página apresenta erro quando tento acessar. Isso aconteceu para conseguir seguir com o processo.;suporte_tecnico;presencial;media;treino
ATE-03867;há uma questão pedagógica que preciso avaliar, mas o que preciso resolver primeiro é que o desconto da mensalidade não apareceu!;financeiro;chat;alta;validacao
ATE-03868;Não consigo acessar uma tela do sistema, mas o que preciso resolver primeiro é que o desconto da mensalidade não apareceu.;financeiro;email;media;treino
ATE-03869;"Gente, quero entender uma cobrança na mensalidade; além disso, meu login falha às vezes.";financeiro;presencial;media;treino
ATE-03870;também preciso de orientação sobre uma disciplina, mas o que preciso resolver primeiro é que quero reservar um exemplar.;biblioteca;presencial;alta;validacao
ATE-03871;Gente, quero discutir uma situação pedagógica com a turma.;coordenacao;email;alta;treino
ATE-03872;Oi, pessoal, não consigo acessar uma tela do sistema. Minha solicitação principal é: uma disciplina não consta no meu registro. Podem verificar.;secretaria_academica;presencial;media;treino
ATE-03873;há uma questão pedagógica q preciso avaliar, mas o q preciso resolver primeiro é q preciso corrigir meus dados acadêmicos.;secretaria_academica;telefone;baixa;validacao
ATE-03874;Olá, o sistema fecha antes de concluir a operação?;suporte_tecnico;portal;baixa;validacao
ATE-03875;Gostaria de solicitar apoio: pessoal, preciso corrigir meus dados acadêmicos? Como resolvo?;secretaria_academica;chat;baixa;validacao
ATE-03876;Oi, preciso de informações sobre vencimento e juros;financeiro;portal;baixa;validacao
ATE-03877;"Oi, o sistema fecha antes de concluir a operação; além disso, também preciso de orientação sobre uma disciplina.";suporte_tecnico;chat;alta;treino
ATE-03878;GENTE, NÃO CONSIGO VISUALIZAR O BOLETO DESTE MÊS. ALÉM DISSO, UM LIVRO DEVOLVIDO AINDA APARECE COMIGO!;biblioteca;presencial;baixa;teste
ATE-03879;;biblioteca;presencial;media;treino
ATE-03880;Na solicitação que abri recentemente, o link de recuperação de senha não chega.;suporte_tecnico;email;baixa;treino
ATE-03881;Olá, quero informações sobre calendário de matrícula. Além disso, quero negociar uma pendência financeira.;financeiro;presencial;alta;validacao
ATE-03882;"o link de recuperação de senha não chega; além disso, minha matrícula mostra uma informação estranha.";suporte_tecnico;telefone;baixa;validacao
ATE-03883;Venho informar, preciso discutir equivalência de conteúdo entre disciplinas. Obrigado.;coordenacao;chat;baixa;treino
ATE-03884;GOSTARIA DE SOLICITAR APOIO: QUERO CONFIRMAR A MULTA DE UM EMPRÉSTIMO ATRASADO. ALÉM DISSO, MEU PAGAMENTO AINDA NAO FOI RECONHECIDO.;financeiro;chat;baixa;treino
ATE-03885;Minha matrícula não aparece corretamente e, em paralelo, o acesso à biblioteca digital falhou.;secretaria_academica;telefone;media;treino
ATE-03886;quero discutir uma decisão acadêmica, mas o que preciso resolver primeiro é que meu nome saiu incorreto em um documento acadêmico;secretaria_academica;chat;media;treino
ATE-03887;"Pessoal, o sistema fecha antes de concluir a operação; além disso, tenho dúvida sobre um registro. Agradeço se puderem olhar isso!";suporte_tecnico;chat;baixa;treino
ATE-03888;meu acesso está bloqueado?;suporte_tecnico;telefone;alta;treino
ATE-03889;Preciso saber o horário de atendimento da biblioteca;biblioteca;chat;alta;teste
ATE-03890;Antes do início das aulas, não consigo visualizar o boleto deste mês.;financeiro;telefone;media;treino
ATE-03891;olá, quero confirmar a multa de um empréstimo atrasado? podem verificar?;biblioteca;telefone;media;treino
ATE-03892;Por favor, quero negociar uma pendência financeira? Agradeço se puderem olhar isso.;financeiro;email;baixa;treino
ATE-03893;Oi, não consigo acessar a base de periódicos? Como resolvo?;biblioteca;telefone;baixa;validacao
ATE-03894;minha matrícula não aparece corretamente. 😤;secretaria_academica;telefone;media;treino
ATE-03895;Solicito orientação: queria uma orientação, não consigo anexar o arquivo no portal. Obrigado;suporte_tecnico;email;media;treino
ATE-03896;"Gostaria de solicitar apoio: não consigo acessar um artigo pelo portal da biblioteca; além disso, também preciso confirmar um documento acadêmico.";biblioteca;presencial;baixa;validacao
ATE-03897;"Não consigo abrir o ambiente virtual; além disso, minha matrícula mostra uma informação estranha.";suporte_tecnico;presencial;baixa;treino
ATE-03898;"A plataforma fica em tela branca; ao mesmo tempo, fiz o pagamento e ainda aparece pendência.";financeiro;telefone;baixa;treino
ATE-03899;não consigo anexar o arquivo no portal. Isso aconteceu antes do prazo informado.;suporte_tecnico;portal;baixa;teste
ATE-03900;Registro a seguinte situação: alguém consegue me ajudar, meu nome saiu incorreto em um documento acadêmico.;secretaria_academica;telefone;baixa;treino
ATE-03901;Bom dia, preciso de informações sobre vencimento e juros;financeiro;chat;media;treino
ATE-03902;Também tenho uma pendência de empréstimo, mas o que preciso resolver primeiro é que quero discutir uma situação pedagógica com a turma.;coordenacao;chat;media;treino
ATE-03903;"Meu nome saiu incorreto em um documento acadêmico; ao mesmo tempo, o aplicativo não carrega. Podem verificar?";suporte_tecnico;portal;alta;treino
ATE-03904;Olá, preciso saber o horário de atendimento da biblioteca.;biblioteca;presencial;baixa;teste
ATE-03905;meu nome saiu incorreto em um documento acadêmico.;secretaria_academica;telefone;media;treino
ATE-03906;Por favor, tenho um problema recorrente em uma turma e preciso de orientação;coordenacao;portal;media;treino
ATE-03907;Preciso de orientação sobre uma decisão acadêmica que não é apenas cadastral. Isso aconteceu para resolver ainda este mês.;coordenacao;presencial;baixa;treino
ATE-03908;"Preciso da segunda via do boleto; além disso, quero discutir uma decisão acadêmica";financeiro;presencial;alta;teste
ATE-03909;Oi, meu login falha às vezes. Minha solicitação principal é: quero informações sobre calendário de matrícula.;secretaria_academica;email;alta;treino
ATE-03910;"preciso solicitar um histórico escolar; além disso, o portal também está dando erro";secretaria_academica;chat;alta;treino
ATE-03911;por favor, bom dia, aparece uma mensagem de erro toda vez que faço login, mas tenho ainda outra questão: preciso da segunda via do boleto. conseguem me orientar?!;suporte_tecnico;telefone;alta;validacao
ATE-03912;quero reservar um exemplar;biblioteca;email;media;validacao
ATE-03913;Meu acesso está bloqueado, depois de tentar pelo portal.;suporte_tecnico;email;media;treino
ATE-03914;Por favor, preciso avaliar uma situação excepcional no meu percurso acadêmico. Isso aconteceu depois de tentar pelo portal.;coordenacao;email;alta;treino
ATE-03915;Preciso solicitar aproveitamento de documentação já entregue e, em paralelo, o acesso à biblioteca digital falhou.;secretaria_academica;telefone;baixa;treino
ATE-03916;quero orientação acadêmica antes de escolher as próximas matérias além disso, quero confirmar a multa de um empréstimo atrasado;biblioteca;email;alta;treino
ATE-03917;Antes do prazo informado, preciso solicitar um histórico escolar.;secretaria_academica;chat;baixa;treino
ATE-03918;"Por favor, a página apresenta erro quando tento acessar; além disso, preciso conferir um livro. Agradeço se puderem olhar isso.";suporte_tecnico;telefone;media;treino
ATE-03919;tenho um problema recorrente em uma turma e preciso de orientação e também preciso solicitar aproveitamento de documentação ja entregue.;coordenacao;portal;alta;validacao
ATE-03920;Por favor, gostaria de registrar, preciso conferir um livro. Minha solicitação principal é: o link de recuperação de senha não chega.;suporte_tecnico;portal;baixa;validacao
ATE-03921;Registro a seguinte situação: venho informar, preciso corrigir meus dados acadêmicos? Agradeço se puderem olhar isso!;secretaria_academica;email;media;treino
ATE-03922;Só queria entender, quero confirmar o status da rematrícula. Além disso, não consigo abrir o ambiente virtual. Fico no aguardo.;suporte_tecnico;email;media;treino
ATE-03923;olá, aparece uma mensagem de erro toda vez que faço login. obrigado. 😤;suporte_tecnico;email;media;treino
ATE-03924;Bom dia, quero negociar uma pendência financeira? Isso pode ser verificado, por favor?;financeiro;chat;media;treino
ATE-03925;Meu login falha às vezes, mas o que preciso resolver primeiro é que um livro devolvido ainda aparece comigo. Isso aconteceu na solicitação que abri recentemente.;biblioteca;portal;baixa;treino
ATE-03926;ENTÃO, PRECISO DE ORIENTAÇÃO SOBRE UMA DECISÃO ACADÊMICA QUE NAO É APENAS CADASTRAL?;coordenacao;portal;media;treino
ATE-03927;Gente, o valor da parcela está diferente e também não consigo acessar a base de periódicos.;financeiro;email;media;treino
ATE-03928;Nesta semana, meu acesso está bloqueado.;suporte_tecnico;chat;baixa;treino
ATE-03929;Olá, por favor, fiz o pagamento e ainda aparece pendência e, em paralelo, quero discutir uma decisão acadêmica. Fico no aguardo.;financeiro;telefone;baixa;teste
ATE-03930;Boa tarde, preciso solicitar aproveitamento de documentação já entregue e, em paralelo, o portal também está dando erro. Podem verificar?;secretaria_academica;chat;alta;teste
ATE-03931;Por favor, estou com uma dúvida, preciso discutir equivalência de conteúdo entre disciplinas Preciso de um retorno.;coordenacao;chat;media;treino
ATE-03932;tenho dúvida sobre um pagamento, mas o que preciso resolver primeiro é que aparece uma mensagem de erro toda vez que faço login.;suporte_tecnico;telefone;media;validacao
ATE-03933;pessoal, quero saber sobre a emissão de declaração?;secretaria_academica;email;baixa;treino
ATE-03934;"meu pagamento ainda não foi reconhecido; situação observada para resolver ainda este mês.";financeiro;chat;baixa;validacao
ATE-03935;Gostaria de solicitar apoio: só queria entender, preciso da segunda via do boleto? Isso pode ser verificado, por favor?!;financeiro;chat;media;treino
ATE-03936;O aplicativo não carrega, antes do prazo informado.;suporte_tecnico;chat;media;treino
ATE-03937;Oi, preciso discutir equivalência de conteúdo entre disciplinas?!;coordenacao;email;alta;treino
ATE-03938;Não consigo visualizar o boleto deste mês!;financeiro;telefone;alta;treino
ATE-03939;Um livro devolvido ainda aparece comigo, desde ontem.;biblioteca;telefone;alta;treino
ATE-03940;Bom dia, preciso renovar um livro? Podem verificar?;biblioteca;telefone;baixa;treino
ATE-03941;Gostaria de solicitar apoio: gostaria de registrar, uma disciplina não consta no meu registro. Obrigada.;secretaria_academica;telefone;media;treino
ATE-03942;"Quero reservar um exemplar; além disso, quero discutir uma decisão acadêmica; situação observada antes de enviar outro pedido.";biblioteca;portal;alta;validacao
ATE-03943;Por favor, meu login falha às vezes, mas o que preciso resolver primeiro é que preciso confirmar um estorno.;financeiro;email;baixa;treino
ATE-03944;pessoal, quero orientação acadêmica antes de escolher as próximas matérias e, em paralelo, minha matrícula mostra uma informação estranha. isso pode ser verificado, por favor?;coordenacao;presencial;media;validacao
ATE-03945;minha matrícula mostra uma informação estranha minha solicitação principal é: preciso de orientação sobre uma decisão acadêmica q não é apenas cadastral;coordenacao;chat;media;validacao
ATE-03946;Preciso de ajuda, meu login falha às vezes. Minha solicitação principal é: não consigo visualizar o boleto deste mês. Conseguem me orientar?;financeiro;email;alta;treino
ATE-03947;"Não consigo acessar um artigo pelo portal da biblioteca; situação observada depois de consultar as orientações disponíveis.";biblioteca;telefone;baixa;treino
ATE-03948;Preciso da segunda via do boleto, mas tenho ainda outra questão: quero informações sobre calendário de matrícula. Agradeço se puderem olhar isso.;financeiro;chat;baixa;treino
ATE-03949;Olá, gostaria de registrar, o link de recuperação de senha não chega.;suporte_tecnico;telefone;baixa;treino
ATE-03950;Gente, quero negociar uma pendência financeira e também meu acesso está bloqueado.;financeiro;email;alta;treino
ATE-03951;O valor da parcela está diferente e, em paralelo, não consigo acessar uma tela do sistema.;financeiro;presencial;baixa;validacao
ATE-03952;queria uma orientação, meu login falha às vezes. minha solicitação principal é: o comprovante foi enviado, mas o débito continua aberto. preciso de um retorno.;financeiro;telefone;alta;treino
ATE-03953;preciso de ajuda, não consigo entrar no portal? podem verificar?;suporte_tecnico;telefone;alta;treino
ATE-03954;Para resolver ainda este mês, preciso de orientação sobre uma decisão acadêmica que não é apenas cadastral.;coordenacao;email;alta;treino
ATE-03955;Quero entender uma cobrança na mensalidade.;financeiro;telefone;media;treino
ATE-03956;Oi, quero saber sobre a emissão de declaração;secretaria_academica;chat;alta;treino
ATE-03957;Então, minha matrícula mostra uma informação estranha. Minha solicitação principal é: a devolução de um livro ainda não foi registrada.;biblioteca;portal;alta;treino
ATE-03958;Por favor, olá, minha matrícula não aparece corretamente? Preciso de um retorno.;secretaria_academica;presencial;alta;treino
ATE-03959;"Não consigo visualizar o boleto deste mês; situação observada para organizar minha situação.";financeiro;telefone;baixa;treino
ATE-03960;venho informar, quero saber sobre a emissão de declaração agradeço se puderem olhar isso;secretaria_academica;portal;baixa;treino
ATE-03961;Quero orientação sobre uma situação com uma disciplina. Além disso, não consigo anexar o arquivo no portal.;suporte_tecnico;telefone;baixa;validacao
ATE-03962;"Oi, não consigo acessar a base de periódicos; ao mesmo tempo, preciso confirmar um estorno.";financeiro;presencial;media;treino
ATE-03963;MEU NOME SAIU INCORRETO EM UM DOCUMENTO ACADÊMICO.;secretaria_academica;presencial;baixa;teste
ATE-03964;"O link de recuperação de senha não chega; situação observada antes da próxima aula.";suporte_tecnico;email;alta;treino
ATE-03965;Oi, também preciso de orientação sobre uma disciplina, mas o que preciso resolver primeiro é que minha matrícula não aparece corretamente.;secretaria_academica;email;media;treino
ATE-03966;Tenho um problema recorrente em uma turma e preciso de orientação?;coordenacao;chat;baixa;treino
ATE-03967;Quero orientação acadêmica antes de escolher as próximas matérias. Isso aconteceu para organizar minha situação.;coordenacao;portal;baixa;treino
ATE-03968;quero orientação acadêmica antes de escolher as próximas matérias e, em paralelo, o acesso à biblioteca digital falhou;coordenacao;presencial;media;treino
ATE-03969;A página apresenta erro quando tento acessar.;suporte_tecnico;presencial;media;treino
ATE-03970;Quero informações sobre calendário de matrícula, depois de consultar as orientações disponíveis.;secretaria_academica;email;baixa;validacao
ATE-03971;Olá, há uma questão pedagógica que preciso avaliar. Minha solicitação principal é: preciso corrigir meus dados acadêmicos. Fico no aguardo.;secretaria_academica;chat;media;treino
ATE-03972;Meu login falha às vezes, mas o que preciso resolver primeiro é que nao consigo visualizar o boleto deste mês.;financeiro;telefone;alta;treino
ATE-03973;Só queria entender, quero entender uma cobrança na mensalidade?;financeiro;email;media;treino
ATE-03974;Preciso discutir equivalência de conteúdo entre disciplinas, mas tenho ainda outra questão: a devoluçao de um livro ainda não foi registrada.;coordenacao;presencial;alta;treino
ATE-03975;quero confirmar a multa de um empréstimo atrasado e, em paralelo, meu login falha às vezes;biblioteca;presencial;baixa;treino
ATE-03976;não consigo anexar o arquivo no portal e também preciso atualizar um documento da matrícula.;suporte_tecnico;email;media;treino
ATE-03977;por favor, quero entender o procedimento de trancamento e, em paralelo, o boleto continua pendente. preciso de um retorno!;secretaria_academica;portal;alta;treino
ATE-03978;meu pagamento ainda não foi reconhecido. Isso aconteceu antes do início das aulas.;financeiro;chat;media;treino
ATE-03979;Gostaria de registrar, preciso avaliar uma situação excepcional no meu percurso acadêmico. Além disso, o aplicativo não carrega. Agradeço se puderem olhar isso;suporte_tecnico;chat;media;treino
ATE-03980;Olá, meu nome saiu incorreto em um documento acadêmico e, em paralelo, não consigo acessar uma tela do sistema. Como resolvo?;secretaria_academica;presencial;baixa;treino
ATE-03981;Olá, preciso solicitar aproveitamento de documentação já entregue;secretaria_academica;presencial;alta;treino
ATE-03982;Por favor, preciso solicitar um histórico escolar e também quero orientação acadêmica antes de escolher as próximas matérias.;secretaria_academica;email;media;treino
ATE-03983;"Quero orientação acadêmica antes de escolher as próximas matérias; situação observada antes de enviar outro pedido.";coordenacao;chat;media;treino
ATE-03984;Olá, preciso conferir um livro, mas o que preciso resolver primeiro é que preciso de informações sobre vencimento e juros. Conseguem me orientar?;financeiro;portal;baixa;treino
ATE-03985;Gostaria de solicitar apoio: oi, preciso confirmar um estorno? Como resolvo?;financeiro;email;alta;treino
ATE-03986;Preciso da segunda via do boleto, depois de consultar as orientações disponíveis.;financeiro;presencial;baixa;teste
ATE-03987;O boleto continua pendente, mas o que preciso resolver primeiro é que quero entender o procedimento de trancamento.;secretaria_academica;portal;alta;treino
ATE-03988;Não consigo anexar o arquivo no portal. Isso aconteceu no semestre atual.;suporte_tecnico;chat;alta;treino
ATE-03989;"Olá, meu acesso está bloqueado; além disso, também apareceu uma cobrança que não reconheço.";suporte_tecnico;portal;alta;treino
ATE-03990;Olá, quero orientação sobre uma situação com uma disciplina e, em paralelo, preciso conferir um livro.;coordenacao;telefone;alta;treino
ATE-03991;então, quero confirmar o status da rematrícula;secretaria_academica;telefone;media;treino
ATE-03992;Também preciso confirmar um documento acadêmico. Minha solicitação principal é: preciso discutir equivalência de conteúdo entre disciplinas.;coordenacao;email;media;teste
ATE-03993;quero saber se um título está disponível;biblioteca;email;baixa;treino
ATE-03994;Registro a seguinte situação: meu pagamento ainda não foi reconhecido?;financeiro;email;media;treino
ATE-03995;preciso de ajuda, preciso renovar um livro? obrigada.;biblioteca;telefone;alta;treino
ATE-03996;Alguém consegue me ajudar, preciso da segunda via do boleto Obrigado.;financeiro;chat;media;treino
ATE-03997;O comprovante foi enviado, mas o débito continua aberto!;financeiro;email;baixa;treino
ATE-03998;"Preciso falar com a coordenação sobre meu planejamento acadêmico; além disso, preciso conferir um livro.";coordenacao;telefone;media;treino
ATE-03999;Preciso solicitar um histórico escolar!;secretaria_academica;chat;media;validacao
ATE-04000;Estou com uma dúvida, quero reservar um exemplar. Além disso, aparece uma mensagem de erro toda vez que faço login. Fico no aguardo.;suporte_tecnico;telefone;alta;validacao
ATE-04001;Solicito orientação: quero negociar uma pendência financeira e, em paralelo, meu login falha às vezes.;financeiro;presencial;media;treino
ATE-04002;Gostaria de solicitar apoio: por favor, não consigo acessar um artigo pelo portal da biblioteca. Preciso de um retorno.;biblioteca;chat;baixa;treino
ATE-04003;oi, não consigo visualizar o boleto deste mês conseguem me orientar;financeiro;email;alta;treino
ATE-04004;"Quero discutir uma situação pedagógica com a turma; situação observada antes do prazo informado.";coordenacao;portal;media;treino
ATE-04005;"Por favor, preciso da segunda via do boleto; além disso, também preciso confirmar um documento acadêmico.";financeiro;chat;alta;treino
ATE-04006;Há uma questão pedagógica que preciso avaliar. Minha solicitação principal é: uma disciplina não consta no meu registro.;secretaria_academica;telefone;baixa;teste
ATE-04007;Gostaria de solicitar apoio: oi, não consigo visualizar o boleto deste mês. Isso pode ser verificado, por favor?;financeiro;presencial;alta;treino
ATE-04008;Então, alguém consegue me ajudar, preciso consultar uma pendência de empréstimo? Podem verificar?;biblioteca;presencial;baixa;treino
ATE-04009;Preciso atualizar um documento da matrícula. Além disso, quero reservar um exemplar.;biblioteca;presencial;alta;treino
ATE-04010;olá, o sistema fecha antes de concluir a operação e, em paralelo, o boleto continua pendente. preciso de um retorno.;suporte_tecnico;telefone;alta;treino
ATE-04011;Quero orientação acadêmica antes de escolher as próximas matérias, desde ontem.;coordenacao;telefone;baixa;treino
ATE-04012;Só queria entender, quero confirmar o status da rematrícula. Conseguem me orientar?;secretaria_academica;presencial;baixa;treino
ATE-04013;Então, olá, não consigo abrir o ambiente virtual? Fico no aguardo.;suporte_tecnico;telefone;baixa;validacao
ATE-04014;minha matrícula não aparece corretamente e, em paralelo, quero discutir uma decisão acadêmica.;secretaria_academica;email;alta;treino
ATE-04015;"Gente, meu pagamento ainda não foi reconhecido; além disso, preciso conferir um livro.";financeiro;email;baixa;treino
ATE-04016;o acesso à biblioteca digital falhou. minha solicitação principal é: o link de recuperação de senha não chega.;suporte_tecnico;email;media;treino
ATE-04017;A plataforma fica em tela branca Podem verificar?;suporte_tecnico;chat;media;teste
ATE-04018;Solicito orientação: estou com uma dúvida, o desconto da mensalidade não apareceu? Obrigado.;financeiro;portal;media;validacao
ATE-04019;Para organizar minha situação, quero saber sobre a emissão de declaração.;secretaria_academica;telefone;baixa;validacao
ATE-04020;Olá, por favor, preciso saber o horário de atendimento da biblioteca? Podem verificar?;biblioteca;chat;media;treino
ATE-04021;gostaria de registrar, minha senha n funciona e, em paralelo, também preciso de orientação sobre uma disciplina. isso pode ser verificado, por favor?;suporte_tecnico;portal;alta;treino
ATE-04022;"quero informações sobre calendário de matrícula; além disso, não consigo acessar uma tela do sistema.";secretaria_academica;email;baixa;treino
ATE-04023;"O link de recuperação de senha não chega; ao mesmo tempo, quero saber sobre a emissão de declaração.";secretaria_academica;presencial;media;validacao
ATE-04024;n consigo anexar o arquivo no portal. além disso, meu nome saiu incorreto em um documento acadêmico.;secretaria_academica;chat;baixa;validacao
ATE-04025;Para organizar minha situação, quero discutir uma situação pedagógica com a turma.;coordenacao;email;media;treino
ATE-04026;Gente, por favor, quero orientação acadêmica antes de escolher as próximas matérias? Isso pode ser verificado, por favor?;coordenacao;email;baixa;teste
ATE-04027;Nesta semana, gente, quero negociar uma pendência financeira.;financeiro;presencial;baixa;treino
ATE-04028;Meu nome saiu incorreto em um documento acadêmico!;secretaria_academica;email;baixa;treino
ATE-04029;Pessoal, preciso falar com a coordenação sobre meu planejamento acadêmico, mas tenho ainda outra questão: fiz o pagamento e ainda aparece pendência. Conseguem me orientar?!;coordenacao;chat;alta;treino
ATE-04030;tenho dúvida sobre um registro minha solicitação principal é: preciso falar com a coordenação sobre meu planejamento acadêmico 😕!;coordenacao;chat;media;teste
ATE-04031;O sistema fecha antes de concluir a operação e, em paralelo, tenho dúvida sobre um pagamento.;suporte_tecnico;chat;media;treino
ATE-04032;"Preciso solicitar aproveitamento de documentação já entregue; ao mesmo tempo, a plataforma fica em tela branca.";suporte_tecnico;telefone;media;treino
ATE-04033;"O comprovante foi enviado, mas o débito continua aberto; situação observada nesta semana.";financeiro;email;media;treino
ATE-04034;"Queria uma orientação, nao consigo acessar a base de periódicos; além disso, também preciso de orientação sobre uma disciplina. Agradeço se puderem olhar isso.";biblioteca;presencial;media;treino
ATE-04035;Olá, minha senha não funciona? Conseguem me orientar?;suporte_tecnico;portal;alta;treino
ATE-04036;"Quero reservar um exemplar; ao mesmo tempo, quero negociar uma pendência financeira.";financeiro;telefone;alta;treino
ATE-04037;Preciso solicitar aproveitamento de documentação ja entregue. Isso aconteceu na solicitação que abri recentemente.;secretaria_academica;portal;media;treino
ATE-04038;Oi, preciso renovar um livro e, em paralelo, meu login falha às vezes.;biblioteca;presencial;baixa;treino
ATE-04039;Minha matrícula não aparece corretamente e, em paralelo, também tenho uma pendência de empréstimo.;secretaria_academica;chat;baixa;treino
ATE-04040;preciso de ajuda, o valor da parcela está diferente? preciso de um retorno.;financeiro;presencial;alta;validacao
ATE-04041;Nesta semana, só queria entender, não consigo acessar a base de periódicos? Fico no aguardo.;biblioteca;portal;media;treino
ATE-04042;O acesso à biblioteca digital falhou. Minha solicitação principal é: quero informações sobre calendário de matrícula;secretaria_academica;presencial;media;treino
ATE-04043;O aplicativo nao carrega e, em paralelo, há uma questão pedagógica que preciso avaliar.;suporte_tecnico;email;baixa;treino
ATE-04044;Então, um livro devolvido ainda aparece comigo!;biblioteca;presencial;baixa;teste
ATE-04045;O comprovante foi enviado, mas o débito continua aberto.;financeiro;presencial;alta;validacao
ATE-04046;"Quero orientação sobre uma situação com uma disciplina; situação observada depois de tentar pelo portal.";coordenacao;email;media;teste
ATE-04047;Quero saber sobre a emissão de declaração;secretaria_academica;email;baixa;treino
ATE-04048;O valor da parcela está diferente.;financeiro;presencial;baixa;treino
ATE-04049;Oi, o aplicativo não carrega. Obrigado.;suporte_tecnico;portal;baixa;teste
ATE-04050;"não consigo entrar no portal; situação observada depois de consultar as orientações disponíveis.";suporte_tecnico;telefone;baixa;validacao
ATE-04051;bom dia, quero negociar uma pendência financeira. além disso, meu acesso está bloqueado. obrigada.;suporte_tecnico;email;media;teste
ATE-04052;Oi, o comprovante foi enviado, mas o débito continua aberto Conseguem me orientar?;financeiro;presencial;alta;treino
ATE-04053;oi, preciso consultar uma pendência de empréstimo e, em paralelo, tenho dúvida sobre um registro. fico no aguardo!;biblioteca;chat;alta;treino
ATE-04054;Oi, queria uma orientação, o portal também está dando erro, mas o que preciso resolver primeiro é que quero informações sobre calendário de matrícula. Obrigado.;secretaria_academica;email;alta;teste
ATE-04055;Gente, preciso de ajuda, o aplicativo não carrega. Conseguem me orientar?;suporte_tecnico;telefone;media;treino
ATE-04056;Gostaria de solicitar apoio: preciso de ajuda, o acesso à biblioteca digital falhou, mas o que preciso resolver primeiro é que a página apresenta erro quando tento acessar. Fico no aguardo.;suporte_tecnico;telefone;alta;treino
ATE-04057;"o sistema fecha antes de concluir a operação; situação observada para conseguir seguir com o processo.";suporte_tecnico;telefone;baixa;treino
ATE-04058;Preciso consultar uma pendência de empréstimo e, em paralelo, o portal também está dando erro.;biblioteca;telefone;media;treino
ATE-04059;Oi, não consigo visualizar o boleto deste mês e, em paralelo, também preciso confirmar um documento acadêmico.;financeiro;telefone;baixa;treino
ATE-04060;Quero discutir uma situação pedagógica com a turma, mas tenho ainda outra questão: preciso atualizar um documento da matrícula.;coordenacao;telefone;alta;treino
ATE-04061;Meu pagamento ainda não foi reconhecido;financeiro;telefone;baixa;teste
ATE-04062;Quero orientação sobre uma situação com uma disciplina;coordenacao;portal;alta;validacao
ATE-04063;Solicito orientação: olá, quero orientação sobre uma situação com uma disciplina e, em paralelo, o acesso à biblioteca digital falhou. Obrigada;coordenacao;presencial;baixa;treino
ATE-04064;preciso confirmar um estorno;financeiro;portal;media;treino
ATE-04065;Oi, preciso corrigir meus dados acadêmicos;secretaria_academica;portal;baixa;teste
ATE-04066;"Solicito orientação: preciso atualizar um documento da matrícula; ao mesmo tempo, preciso renovar um livro.";biblioteca;email;media;treino
ATE-04067;Por favor, o valor da parcela está diferente, mas tenho ainda outra questão: preciso renovar um livro.;financeiro;chat;media;treino
ATE-04068;Antes de enviar outro pedido, preciso atualizar um documento da matrícula.;secretaria_academica;chat;media;treino
ATE-04069;A página apresenta erro quando tento acessar. Como resolvo?;suporte_tecnico;presencial;baixa;treino
ATE-04070;"Não consigo acessar um artigo pelo portal da biblioteca; ao mesmo tempo, preciso discutir equivalência de conteúdo entre disciplinas.";coordenacao;chat;media;treino
ATE-04071;Gente, boa tarde, meu login falha às vezes, mas o que preciso resolver primeiro é que o desconto da mensalidade não apareceu. Obrigado.;financeiro;portal;alta;validacao
ATE-04072;queria uma orientação, quero informações sobre calendário de matrícula, mas tenho ainda outra questão: o sistema fecha antes de concluir a operação podem verificar;secretaria_academica;presencial;media;validacao
ATE-04073;"não consigo entrar no portal; situação observada depois de tentar pelo portal.";suporte_tecnico;portal;alta;treino
ATE-04074;Alguém consegue me ajudar, não consigo entrar no portal. Além disso, não consigo acessar um artigo pelo portal da biblioteca. Como resolvo?;biblioteca;email;alta;treino
ATE-04075;Então, olá, quero entender o procedimento de trancamento Agradeço se puderem olhar isso!;secretaria_academica;chat;alta;treino
ATE-04076;O boletoo continua pendente, mas o que preciso resolver primeiro é que não consigo acessar a base de periódicos.;biblioteca;telefone;baixa;treino
ATE-04077;"O link de recuperação de senha não chega; além disso, também preciso de orientação sobre uma disciplina.";suporte_tecnico;telefone;baixa;validacao
ATE-04078;Preciso de ajuda, meu nome saiu incorreto em um documento acadêmico. Além disso, meu acesso está bloqueado. Fico no aguardo.;suporte_tecnico;email;alta;treino
ATE-04079;Solicito orientação: preciso conferir um livro. Minha solicitação principal é: minha matrícula não aparece corretamente.;secretaria_academica;presencial;baixa;treino
ATE-04080;Antes de enviar outro pedido, preciso solicitar um histórico escolar.;secretaria_academica;portal;alta;treino
ATE-04081;"O aplicativo não carrega; situação observada no semestre atual.";suporte_tecnico;telefone;media;treino
ATE-04082;"Também preciso de orientação sobre uma disciplina. Minha solicitação principal é: o valor da parcela está diferente; situação observada para resolver ainda este mês.";financeiro;presencial;media;treino
ATE-04083;Solicito orientação: preciso solicitar um histórico escolar?;secretaria_academica;portal;alta;treino
ATE-04084;NÃO CONSIGO ACESSAR A BASE DE PERIÓDICOS. ALÉM DISSO, QUERO INFORMAÇÕES SOBRE CALENDÁRIO DE MATRÍCULA.;secretaria_academica;email;baixa;treino
ATE-04085;Quero negociar uma pendência financeira. Isso aconteceu para conseguir seguir com o processo.;financeiro;telefone;alta;treino
ATE-04086;Não consigo acessar um artigo pelo portal da biblioteca?;biblioteca;email;media;treino
ATE-04087;Minha matrícula não aparece corretamente. Isso aconteceu no semestre atual.;secretaria_academica;chat;baixa;validacao
ATE-04088;Gente, quero negociar uma pendência financeira. Isso aconteceu depois de tentar pelo portal.;financeiro;presencial;baixa;treino
ATE-04089;Oi, quero discutir uma decisão acadêmica. Minha solicitação principal é: a devolução de um livro ainda nao foi registrada.;biblioteca;portal;baixa;teste
ATE-04090;Olá, preciso de ajuda, quero orientação acadêmica antes de escolher as próximas matérias? Como resolvo?;coordenacao;chat;alta;treino
ATE-04091;quero entender uma cobrança na mensalidade, mas tenho ainda outra questão: não consigo acessar a base de periódicos.;financeiro;chat;alta;treino
ATE-04092;Quero saber se um título está disponível. Além disso, uma disciplina não consta no meu registro.;secretaria_academica;presencial;baixa;treino
ATE-04093;"não consigo acessar a base de periódicos; ao mesmo tempo, quero negociar uma pendência financeira. 😤";financeiro;telefone;media;treino
ATE-04094;Gostaria de registrar, aparece uma mensagem de erro toda vez que faço login. Podem verificar?;suporte_tecnico;presencial;media;treino
ATE-04095;oi, quero discutir uma decisão acadêmica, mas o que preciso resolver primeiro é que não consigo anexar o arquivo no portal.;suporte_tecnico;presencial;baixa;treino
ATE-04096;"Quero confirmar o status da rematrícula; situação observada antes do prazo informado.";secretaria_academica;chat;alta;treino
ATE-04097;então, tambem preciso de orientação sobre uma disciplina. minha solicitação principal é: quero reservar um exemplar.;biblioteca;chat;media;treino
ATE-04098;Então, quero entender uma cobrança na mensalidade.;financeiro;email;baixa;treino
ATE-04099;o sistema fecha antes de concluir a operação;suporte_tecnico;presencial;alta;teste
ATE-04100;Venho informar, o valor da parcela está diferente e também minha matrícula não aparece corretamente. Agradeço se puderem olhar isso.;financeiro;email;baixa;treino
ATE-04101;quero orientação sobre uma situação com uma disciplina;coordenacao;presencial;baixa;validacao
ATE-04102;"a página apresenta erro quando tento acessar; ao mesmo tempo, quero saber sobre a emissão de declaração.";secretaria_academica;presencial;media;validacao
ATE-04103;Alguém consegue me ajudar, meu nome saiu incorreto em um documento acadêmico. Além disso, preciso consultar uma pendência de empréstimo. Como resolvo?;biblioteca;email;alta;treino
ATE-04104;"Olá, gostaria de registrar, meu pagamento ainda não foi reconhecido; além disso, preciso conferir um livro. Obrigado.";financeiro;chat;media;treino
ATE-04105;"OLÁ, PRECISO CORRIGIR MEUS DADOS ACADÊMICOS; ALÉM DISSO, TAMBÉM PRECISO DE ORIENTAÇÃO SOBRE UMA DISCIPLINA. PRECISO DE UM RETORNO.";secretaria_academica;presencial;alta;treino
ATE-04106;"preciso solicitar um histórico escolar; além disso, preciso conferir um livro.";secretaria_academica;portal;baixa;treino
ATE-04107;Oi, quero reservar um exemplar;biblioteca;email;baixa;treino
ATE-04108;Na solicitação que abri recentemente, preciso confirmar um estorno.;financeiro;portal;media;treino
ATE-04109;Olá, estou com uma dúvida, quero saber sobre a emissão de declaração? Conseguem me orientar?;secretaria_academica;presencial;media;treino
ATE-04110;Solicito orientação: preciso de ajuda, preciso corrigir meus dados acadêmicos. Obrigado.;secretaria_academica;email;baixa;treino
ATE-04111;"Gente, preciso atualizar um documento da matrícula; situação observada depois de tentar pelo portal.";secretaria_academica;portal;alta;treino
ATE-04112;oi, preciso de ajuda, uma disciplina não consta no meu registro como resolvo?;secretaria_academica;chat;alta;treino
ATE-04113;Estou com uma dúvida, preciso solicitar um histórico escolar e, em paralelo, não consigo acessar uma tela do sistema. Podem verificar?;secretaria_academica;email;media;treino
ATE-04114;Quero entender uma cobrança na mensalidade e também tenho um problema recorrente em uma turma e preciso de orientação.;financeiro;presencial;alta;validacao
ATE-04115;Quero reservar um exemplar, nesta semana.;biblioteca;chat;media;treino
ATE-04116;Por favor, venho informar, um livro devolvido ainda aparece comigo Agradeço se puderem olhar isso.;biblioteca;telefone;media;treino
ATE-04117;Então, quero negociar uma pendência financeira e, em paralelo, tenho dúvida sobre um registro.;financeiro;portal;alta;treino
ATE-04118;Quero entender uma cobrança na mensalidade e também o aplicativo não carrega.;financeiro;email;alta;treino
ATE-04119;Por favor, a plataforma fica em tela branca;suporte_tecnico;chat;media;teste
ATE-04120;"Quero orientação acadêmica antes de escolher as próximas matérias; além disso, minha matricula mostra uma informação estranha";coordenacao;presencial;media;validacao
ATE-04121;"Quero saber se um título está disponível; ao mesmo tempo, o comprovante foi enviado, mas o débito continua aberto.";financeiro;email;media;teste
ATE-04122;Olá, o sistema fecha antes de concluir a operação;suporte_tecnico;presencial;baixa;treino
ATE-04123;Registro a seguinte situação: preciso de informações sobre vencimento e juros. Além disso, minha matrícula não aparece corretamente.;secretaria_academica;telefone;media;treino
ATE-04124;Quero saber sobre a emissão de declaração?;secretaria_academica;portal;alta;teste
ATE-04125;Oi, preciso renovar um livro e, em paralelo, meu login falha às vezes.;biblioteca;presencial;media;treino
ATE-04126;preciso conversar sobre a organização da minha grade!;coordenacao;email;alta;treino
ATE-04127;Então, pessoal, quero saber sobre a emissão de declaração;secretaria_academica;telefone;media;treino
ATE-04128;por favor, preciso avaliar uma situação excepcional no meu percurso acadêmico obrigado.;coordenacao;telefone;alta;treino
ATE-04129;Pessoal, o portal também está dando erro, mas o que preciso resolver primeiro é que preciso discutir equivalência de conteúdo entre disciplinas. Fico no aguardo.;coordenacao;email;baixa;validacao
ATE-04130;Minha matrícula mostra uma informação estranha. Minha solicitação principal é: o desconto da mensalidade não apareceu.;financeiro;presencial;media;teste
ATE-04131;olá, gostaria de registrar, a devolução de um livro ainda não foi registrada e, em paralelo, meu login falha às vezes. obrigada.;biblioteca;telefone;media;treino
ATE-04132;Alguém consegue me ajudar, preciso discutir equivalência de conteúdo entre disciplinas? Obrigado.;coordenacao;telefone;baixa;treino
ATE-04133;minha senha não funciona.;suporte_tecnico;presencial;alta;validacao
ATE-04134;"Por favor, quero informações sobre calendário de matrícula; situação observada antes do prazo informado.";secretaria_academica;presencial;alta;treino
ATE-04135;Oi, preciso saber o horário de atendimento da biblioteca, mas tenho ainda outra questão: quero discutir uma situação pedagógica com a turma. Conseguem me orientar?;biblioteca;presencial;alta;treino
ATE-04136;Oi, solicito orientação: tambem tenho uma pendência de empréstimo. Minha solicitação principal é: quero confirmar o status da rematrícula.;secretaria_academica;portal;alta;treino
ATE-04137;"Preciso de informações sobre vencimento e juros; além disso, também preciso de orientação sobre uma disciplina.";financeiro;presencial;baixa;treino
ATE-04138;Por favor, a página apresenta erro quando tento acessar.;suporte_tecnico;email;media;teste
ATE-04139;Aparece uma mensagem de erro toda vez que faço login;suporte_tecnico;email;baixa;treino
ATE-04140;venho informar, aparece uma mensagem de erro toda vez que faço login? fico no aguardo.;suporte_tecnico;telefone;media;validacao
ATE-04141;Gente, preciso de orientação sobre uma decisão acadêmica que não é apenas cadastral?;coordenacao;portal;baixa;treino
ATE-04142;Preciso conferir um livro, mas o que preciso resolver primeiro é que quero informações sobre calendário de matrícula.;secretaria_academica;presencial;media;treino
ATE-04143;por favor, não consigo abrir o ambiente virtual. como resolvo?;suporte_tecnico;email;baixa;treino
ATE-04144;Estou com uma dúvida, preciso da segunda via do boleto. Podem verificar?;financeiro;telefone;baixa;treino
ATE-04145;Também tenho uma pendência de empréstimo, mas o que preciso resolver primeiro é que meu nome saiu incorreto em um documento acadêmico.;secretaria_academica;presencial;baixa;treino
ATE-04146;"O link de recuperação de senha não chega; situação observada antes do prazo informado.";suporte_tecnico;presencial;alta;treino
ATE-04147;Quero orientação sobre uma situação com uma disciplina, antes da próxima aula.;coordenacao;presencial;baixa;treino
ATE-04148;Oi, o aplicativo não carrega. Além disso, tenho um problema recorrente em uma turma e preciso de orientação. Fico no aguardo.;coordenacao;portal;media;treino
ATE-04149;olá, o link de recuperação de senha não chega fico no aguardo 🙂;suporte_tecnico;chat;baixa;treino
ATE-04150;O desconto da mensalidade não apareceu. Isso aconteceu para resolver ainda este mês.;financeiro;portal;alta;treino
ATE-04151;Gente, estou com uma dúvida, preciso confirmar um estorno Isso pode ser verificado, por favor?;financeiro;email;baixa;treino
ATE-04152;Minha matrícula mostra uma informação estranha. Minha solicitação principal é: o desconto da mensalidade não apareceu. Isso aconteceu desde a última atualização do sistema.;financeiro;email;media;treino
ATE-04153;Preciso conferir um livro. Minha solicitação principal é: não consigo abrir o ambiente virtual.;suporte_tecnico;chat;alta;treino
ATE-04154;Por favor, não consigo acessar um artigo pelo portal da biblioteca Agradeço se puderem olhar isso.;biblioteca;portal;baixa;teste
ATE-04155;A página apresenta erro quando tento acessar, mas tenho ainda outra questão: quero saber se um título está disponível.;suporte_tecnico;portal;alta;treino
ATE-04156;Olá, preciso de informações sobre vencimento e juros, para resolver ainda este mês.;financeiro;telefone;media;validacao
ATE-04157;Quero discutir uma decisão acadêmica. Minha solicitação principal é: preciso de informações sobre vencimento e juros.;financeiro;email;baixa;treino
ATE-04158;olá, nao consigo acessar a base de periódicos. agradeço se puderem olhar isso.;biblioteca;telefone;alta;treino
ATE-04159;"Boa tarde, um livro devolvido ainda aparece comigo; além disso, minha matrícula mostra uma informação estranha. Obrigada.";biblioteca;telefone;baixa;treino
ATE-04160;"Então, não consigo abrir o ambiente virtual; situação observada no semestre atual.";suporte_tecnico;chat;baixa;treino
ATE-04161;Meu pagamento ainda nao foi reconhecido e, em paralelo, o portal também está dando erro!;financeiro;portal;alta;validacao
ATE-04162;Preciso consultar uma pendência de empréstimo;biblioteca;telefone;media;treino
ATE-04163;n consigo anexar o arquivo no portal e também preciso conversar sobre a organização da minha grade!;suporte_tecnico;telefone;media;treino
ATE-04164;Gente, a plataforma fica em tela branca?;suporte_tecnico;telefone;media;treino
ATE-04165;Minha matrícula não aparece corretamente;secretaria_academica;telefone;baixa;treino
ATE-04166;Oi, o aplicativo não carrega e, em paralelo, tenho dúvida sobre um pagamento. Conseguem me orientar?;suporte_tecnico;chat;alta;treino
ATE-04167;Minha matrícula não aparece corretamente. Isso aconteceu nesta semana.;secretaria_academica;chat;baixa;validacao
ATE-04168;só queria entender, quero saber se um título está disponível isso pode ser verificado, por favor?;biblioteca;telefone;media;treino
ATE-04169;boa tarde, tenho um problema recorrente em uma turma e preciso de orientação. isso pode ser verificado, por favor?;coordenacao;portal;baixa;teste
ATE-04170;A página apresenta erro quando tento acessar. Além disso, quero negociar uma pendência financeira!;financeiro;chat;media;validacao
ATE-04171;Oi, olá, preciso solicitar aproveitamento de documentação já entregue. Fico no aguardo.;secretaria_academica;email;media;treino
ATE-04172;Por favor, quero orientação sobre uma situação com uma disciplina Obrigado.;coordenacao;portal;baixa;treino
ATE-04173;ENTÃO, QUERO ORIENTAÇÃO SOBRE UMA SITUAÇÃO COM UMA DISCIPLINA.;coordenacao;telefone;alta;treino
ATE-04174;não consigo entrar no portal. Isso aconteceu antes da próxima aula.;suporte_tecnico;chat;media;teste
ATE-04175;preciso discutir equivalência de conteúdo entre disciplinas, mas tenho ainda outra questão: preciso corrigir meus dados acadêmicos.;coordenacao;presencial;media;validacao
ATE-04176;Gostaria de solicitar apoio: o comprovante foi enviado, mas o débito continua aberto;financeiro;telefone;media;treino
ATE-04177;Quero orientação sobre uma situação com uma disciplina.;coordenacao;presencial;alta;teste
ATE-04178;por favor, o desconto da mensalidade não apareceu e, em paralelo, meu login falha às vezes. podem verificar?;financeiro;email;alta;treino
ATE-04179;"Registro a seguinte situação: olá, quero negociar uma pendência financeira; ao mesmo tempo, o aplicativo não carrega. Obrigada.";suporte_tecnico;chat;media;treino
ATE-04180;Para organizar minha situação, quero confirmar a multa de um empréstimo atrasado.;biblioteca;presencial;media;treino
ATE-04181;"Olá, estou com uma dúvida, tenho um problema recorrente em uma turma e preciso de orientação; além disso, não consigo acessar uma tela do sistema. Fico no aguardo.";coordenacao;email;media;treino
ATE-04182;"Solicito orientação: quero entender uma cobrança na mensalidade; além disso, há uma questão pedagógica que preciso avaliar.";financeiro;presencial;baixa;treino
ATE-04183;Quero entender o procedimento de trancamento!;secretaria_academica;portal;alta;treino
ATE-04184;"Olá, bom dia, fiz o pagamento e ainda aparece pendência; além disso, minha matrícula mostra uma informação estranha. Conseguem me orientar?";financeiro;chat;media;teste
ATE-04185;Solicito orientação: preciso confirmar um estorno?;financeiro;presencial;alta;treino
ATE-04186;Queria uma orientação, quero saber se um título está disponível. Obrigada.;biblioteca;presencial;media;teste
ATE-04187;"Olá, uma disciplina não consta no meu registro; além disso, preciso conferir um livro.";secretaria_academica;telefone;media;validacao
ATE-04188;Gente, olá, preciso falar com a coordenação sobre meu planejamento acadêmico. Como resolvo?;coordenacao;portal;baixa;treino
ATE-04189;Só queria entender, o sistema fecha antes de concluir a operação. Como resolvo?;suporte_tecnico;email;media;treino
ATE-04190;Olá, preciso de ajuda, quero negociar uma pendência financeira e também preciso solicitar um histórico escolar. Como resolvo?;financeiro;presencial;media;teste
ATE-04191;A DEVOLUÇÃO DE UM LIVRO AINDA NÃO FOI REGISTRADA.;biblioteca;telefone;baixa;teste
ATE-04192;Gostaria de solicitar apoio: por favor, também preciso confirmar um documento acadêmico. Minha solicitação principal é: o valor da parcela está diferente. Conseguem me orientar?;financeiro;chat;media;treino
ATE-04193;Alguém consegue me ajudar, quero discutir uma decisão acadêmica, mas o que preciso resolver primeiro é que não consigo visualizar o boleto deste mês. Agradeço se puderem olhar isso.;financeiro;presencial;baixa;treino
ATE-04194;Por favor, preciso consultar uma pendência de empréstimo. Além disso, não consigo entrar no portal.;suporte_tecnico;telefone;media;validacao
ATE-04195;quero confirmar a multa de um empréstimo atrasado. além disso, quero entender uma cobrança na mensalidade.;financeiro;chat;media;validacao
ATE-04196;Então, quero saber sobre a emissão de declaração. Além disso, fiz o pagamento e ainda aparece pendência.;financeiro;portal;alta;treino
ATE-04197;Queria uma orientação, quero orientação acadêmica antes de escolher as próximas matérias. Isso pode ser verificado, por favor?!;coordenacao;email;media;treino
ATE-04198;o comprovante foi enviado, mas o débito continua aberto;financeiro;portal;baixa;treino
ATE-04199;O desconto da mensalidade não apareceu, mas tenho ainda outra questão: um livro devolvido ainda aparece comigo.;financeiro;chat;alta;validacao
ATE-04200;"meu acesso está bloqueado; além disso, o boleto continua pendente.";suporte_tecnico;email;media;treino
ATE-04201;"O comprovante foi enviado, mas o débito continua aberto; situação observada antes da próxima aula.";financeiro;chat;media;treino
ATE-04202;O aplicativo não carrega. Isso aconteceu nesta semana.;suporte_tecnico;chat;media;treino
ATE-04203;Oi, estou com uma dúvida, a plataforma fica em tela branca. Conseguem me orientar?;suporte_tecnico;email;alta;teste
ATE-04204;Por favor, o sistema fecha antes de concluir a operação, antes do início das aulas.;suporte_tecnico;chat;baixa;teste
ATE-04205;Oi, não consigo abrir o ambiente virtual?;suporte_tecnico;email;media;treino
ATE-04206;Oi, o boleto continua pendente, mas o que preciso resolver primeiro é que meu nome saiu incorreto em um documento acadêmico.;secretaria_academica;email;alta;treino
ATE-04207;"Gente, preciso de orientação sobre uma decisão acadêmica que não é apenas cadastral; situação observada no semestre atual.";coordenacao;telefone;baixa;treino
ATE-04208;o aplicativo não carrega, mas tenho ainda outra questão: meu pagamento ainda não foi reconhecido. podem verificar?;suporte_tecnico;chat;baixa;validacao
ATE-04209;"O desconto da mensalidade não apareceu; além disso, há uma questão pedagógica que preciso avaliar.";financeiro;chat;media;treino
ATE-04210;preciso consultar uma pendência de empréstimo!;biblioteca;telefone;alta;treino
ATE-04211;Pessoal, o acesso à biblioteca digital falhou. Minha solicitação principal é: o desconto da mensalidade não apareceu.;financeiro;telefone;media;teste
ATE-04212;O boleto continua pendente. Minha solicitação principal é: não consigo acessar a base de periódicos.;biblioteca;email;media;validacao
ATE-04213;Oi, preciso discutir equivalência de conteúdo entre disciplinas.;coordenacao;presencial;alta;treino
ATE-04214;estou com uma dúvida, meu pagamento ainda não foi reconhecido e também preciso consultar uma pendência de empréstimo.;financeiro;chat;baixa;treino
ATE-04215;Não consigo anexar o arquivo no portal;suporte_tecnico;presencial;baixa;treino
ATE-04216;Por favor, tenho dúvida sobre um pagamento, mas o que preciso resolver primeiro é que preciso atualizar um documento da matricula.;secretaria_academica;email;baixa;validacao
ATE-04217;Olá, preciso de informações sobre vencimento e juros;financeiro;portal;alta;treino
ATE-04218;Não consigo acessar a base de periódicos?;biblioteca;presencial;media;treino
ATE-04219;Gente, venho informar, não consigo entrar no portal e, em paralelo, quero discutir uma decisão acadêmica. Podem verificar?;suporte_tecnico;email;media;treino
ATE-04220;Estou com uma dúvida, não consigo acessar um artigo pelo portal da biblioteca e, em paralelo, o portal também está dando erro. Isso pode ser verificado, por favor?;biblioteca;portal;baixa;treino
ATE-04221;Para resolver ainda este mês, o sistema fecha antes de concluir a operação.;suporte_tecnico;telefone;baixa;treino
ATE-04222;Estou com uma dúvida, quero entender o procedimento de trancamento Preciso de um retorno.;secretaria_academica;portal;alta;teste
ATE-04223;Olá, quero entender o procedimento de trancamento, mas tenho ainda outra questão: preciso confirmar um estorno.;secretaria_academica;portal;baixa;treino
ATE-04224;"gente, não consigo acessar um artigo pelo portal da biblioteca; ao mesmo tempo, quero informações sobre calendário de matrícula.";secretaria_academica;telefone;baixa;validacao
ATE-04225;Venho informar, não consigo visualizar o boleto deste mês e também quero informações sobre calendário de matrícula.;financeiro;portal;media;teste
ATE-04226;meu pagamento ainda n foi reconhecido?;financeiro;email;media;treino
ATE-04227;"Quero saber sobre a emissão de declaração; situação observada antes da próxima aula.";secretaria_academica;email;baixa;treino
ATE-04228;preciso da segunda via do boletoo;financeiro;presencial;baixa;treino
ATE-04229;Preciso de ajuda, quero informações sobre calendário de matrícula, mas tenho ainda outra questão: quero entender uma cobrança na mensalidade. Como resolvo?;secretaria_academica;telefone;media;validacao
ATE-04230;Então, quero discutir uma decisão acadêmica, mas o que preciso resolver primeiro é que meu acesso está bloqueado.;suporte_tecnico;portal;media;validacao
ATE-04231;Pessoal, preciso solicitar aproveitamento de documentação já entregue. Além disso, meu acesso está bloqueado. Conseguem me orientar?;suporte_tecnico;telefone;media;treino
ATE-04232;Solicito orientação: venho informar, fiz o pagamento e ainda aparece pendência Agradeço se puderem olhar isso.;financeiro;portal;media;teste
ATE-04233;O boleto continua pendente. Minha solicitação principal é: preciso discutir equivalência de conteúdo entre disciplinas.;coordenacao;chat;baixa;treino
ATE-04234;Preciso corrigir meus dados acadêmicos e, em paralelo, o aceso à biblioteca digital falhou.;secretaria_academica;chat;baixa;treino
ATE-04235;Tenho um problema recorrente em uma turma e preciso de orientação, antes do início das aulas.;coordenacao;email;media;treino
ATE-04236;meu pagamento ainda n foi reconhecido.;financeiro;presencial;alta;teste
ATE-04237;"A plataforma fica em tela branca; além disso, também apareceu uma cobrança que não reconheço.";suporte_tecnico;portal;media;treino
ATE-04238;Também apareceu uma cobrança que não reconheço, mas o que preciso resolver primeiro é que meu acesso está bloqueado;suporte_tecnico;telefone;media;treino
ATE-04239;Bom dia, não consigo acessar uma tela do sistema, mas o que preciso resolver primeiro é que o comprovante foi enviado, mas o débito continua aberto. Preciso de um retorno.;financeiro;presencial;baixa;treino
ATE-04240;Solicito orientação: quero conversar sobre pré-requisitos e sequência de disciplinas e, em paralelo, também tenho uma pendência de empréstimo.;coordenacao;chat;baixa;teste
ATE-04241;queria uma orientação, tenho dúvida sobre um pagamento, mas o que preciso resolver primeiro é que preciso saber o horário de atendimento da biblioteca. agradeço se puderem olhar isso.;biblioteca;email;media;treino
ATE-04242;Quero negociar uma pendência financeira;financeiro;telefone;alta;validacao
ATE-04243;O portal também está dando erro. Minha solicitação principal é: preciso falar com a coordenação sobre meu planejamento acadêmico.;coordenacao;portal;baixa;treino
ATE-04244;não consigo acessar uma tela do sistema, mas o q preciso resolver primeiro é q preciso de informações sobre vencimento e juros.;financeiro;presencial;media;treino
ATE-04245;quero negociar uma pendência financeira podem verificar;financeiro;email;baixa;treino
ATE-04246;Então, olá, o desconto da mensalidade não apareceu Podem verificar?;financeiro;portal;baixa;treino
ATE-04247;Quero reservar um exemplar, para organizar minha situação.;biblioteca;portal;media;validacao
ATE-04248;Preciso saber o horário de atendimento da biblioteca. Além disso, minha senha não funciona.;suporte_tecnico;presencial;alta;teste
ATE-04249;Olá, quero discutir uma situação pedagógica com a turma? Conseguem me orientar?;coordenacao;email;media;treino
ATE-04250;não consigo acessar um artigo pelo portal da biblioteca. além disso, quero negociar uma pendência financeira.;financeiro;portal;media;treino
ATE-04251;"meu acesso está bloqueado; além disso, também apareceu uma cobrança que não reconheço.";suporte_tecnico;telefone;baixa;treino
ATE-04252;Bom dia, a plataforma fica em tela branca Conseguem me orientar?;suporte_tecnico;chat;alta;teste
ATE-04253;Quero orientação acadêmica antes de escolher as próximas matérias, antes da próxima aula.;coordenacao;telefone;media;treino
ATE-04254;MINHA SENHA NÃO FUNCIONA E, EM PARALELO, TAMBÉM PRECISO DE ORIENTAÇÃO SOBRE UMA DISCIPLINA;suporte_tecnico;presencial;media;treino
ATE-04255;Olá, preciso da segunda via do boleto Obrigado.;financeiro;portal;baixa;validacao
ATE-04256;minha matricula mostra uma informação estranha, mas o que preciso resolver primeiro é que preciso renovar um livro. 🙂;biblioteca;telefone;baixa;validacao
ATE-04257;"não consigo abrir o ambiente virtual; além disso, tenho dúvida sobre um registro.";suporte_tecnico;email;media;treino
ATE-04258;Então, meu pagamento ainda não foi reconhecido, mas tenho ainda outra questão: a devolução de um livro ainda não foi registrada.;financeiro;chat;media;validacao
ATE-04259;Por favor, preciso solicitar aproveitamento de documentação já entregue e, em paralelo, também preciso de orientação sobre uma disciplina!;secretaria_academica;chat;alta;treino
ATE-04260;não consigo acessar uma tela do sistema. minha solicitação principal é: quero entender o procedimento de trancamento.;secretaria_academica;presencial;baixa;treino
ATE-04261;Olá, o valor da parcela está diferente, mas tenho ainda outra questão: preciso solicitar aproveitamento de documentação já entregue.;financeiro;portal;media;treino
ATE-04262;Oi, preciso saber o horário de atendimento da biblioteca e também preciso de orientação sobre uma decisão acadêmica que não é apenas cadastral. Agradeço se puderem olhar isso.;biblioteca;telefone;media;treino
ATE-04263;Então, um livro devolvido ainda aparece comigo e, em paralelo, também preciso de orientação sobre uma disciplina.;biblioteca;presencial;baixa;treino
ATE-04264;Fiz o pagamento e ainda aparece pendência, antes do prazo informado.;financeiro;presencial;alta;teste
ATE-04265;"Não consigo entrar no portal; além disso, preciso conferir um livro.";suporte_tecnico;telefone;media;teste
ATE-04266;Olá, preciso solicitar um histórico escolar e, em paralelo, preciso conferir um livro.;secretaria_academica;presencial;alta;treino
ATE-04267;Queria uma orientação, não consigo anexar o arquivo no portal, mas tenho ainda outra questão: quero conversar sobre pré-requisitos e sequência de disciplinas. Conseguem me orientar?;suporte_tecnico;chat;media;treino
ATE-04268;Uma disciplina nao consta no meu registro.;secretaria_academica;portal;baixa;treino
ATE-04269;Só queria entender, o comprovante foi enviado, mas o débito continua aberto. Obrigado.;financeiro;presencial;media;teste
ATE-04270;pessoal, quero reservar um exemplar? conseguem me orientar?;biblioteca;presencial;media;treino
ATE-04271;quero conversar sobre pré-requisitos e sequência de disciplinas e, em paralelo, meu login falha às vezes.;coordenacao;portal;baixa;treino
ATE-04272;O link de recuperação de senha não chega, mas tenho ainda outra questão: quero confirmar o status da rematrícula.;suporte_tecnico;email;baixa;treino
ATE-04273;alguém consegue me ajudar, preciso corrigir meus dados acadêmicos, mas tenho ainda outra questão: preciso de informações sobre vencimento e juros. obrigado.;secretaria_academica;presencial;media;validacao
ATE-04274;tenho um problema recorrente em uma turma e preciso de orientação e tbm quero confirmar a multa de um empréstimo atrasado.!!!;coordenacao;email;alta;validacao
ATE-04275;preciso falar com a coordenação sobre meu planejamento acadêmico!;coordenacao;portal;alta;treino
ATE-04276;Preciso da segunda via do boleto. Além disso, o link de recuperação de senha não chega.;suporte_tecnico;presencial;media;teste
ATE-04277;Não consigo acessar uma tela do sistema, mas o que preciso resolver primeiro é que preciso de orientação sobre uma decisão acadêmica que não é apenas cadastral.;coordenacao;chat;media;treino
ATE-04278;olá, quero discutir uma situação pedagógica com a turma? como resolvo?!;coordenacao;telefone;media;validacao
ATE-04279;Oi, não consigo acessar a base de periódicos.;biblioteca;portal;baixa;validacao
ATE-04280;Não consigo visualizar o boleto deste mês. Isso aconteceu desde ontem.;financeiro;portal;baixa;treino
ATE-04281;Oi, pessoal, preciso falar com a coordenação sobre meu planejamento acadêmico. Podem verificar.;coordenacao;chat;baixa;treino
ATE-04282;"meu acesso está bloqueado; ao mesmo tempo, preciso confirmar um estorno.";financeiro;presencial;baixa;validacao
ATE-04283;"Oi, a página apresenta erro quando tento acessar; situação observada depois de consultar as orientações disponíveis.";suporte_tecnico;presencial;alta;treino
ATE-04284;preciso solicitar aproveitamento de documentação já entregue. 🙂;secretaria_academica;portal;alta;treino
ATE-04285;"Não consigo anexar o arquivo no portal; ao mesmo tempo, preciso avaliar uma situação excepcional no meu percurso acadêmico.";coordenacao;portal;alta;treino
ATE-04286;"Oi, por favor, preciso renovar um livro; além disso, meu login falha às vezes. Obrigada.";biblioteca;telefone;media;treino
ATE-04287;Aparece uma mensagem de erro toda vez que faço login. Além disso, preciso de informações sobre vencimento e juros.;financeiro;telefone;alta;treino
ATE-04288;Preciso da segunda via do boleto.;financeiro;email;baixa;treino
ATE-04289;Antes do início das aulas, quero saber se um título está disponível.;biblioteca;portal;media;teste
ATE-04290;Oi, preciso conferir um livro, mas o que preciso resolver primeiro é que quero entender uma cobrança na mensalidade. Conseguem me orientar?;financeiro;presencial;media;treino
ATE-04291;Preciso de orientação sobre uma decisão acadêmica que não é apenas cadastral?;coordenacao;chat;baixa;treino
ATE-04292;"tenho um problema recorrente em uma turma e preciso de orientação; além disso, tenho dúvida sobre um pagamento.";coordenacao;presencial;alta;treino
ATE-04293;quero confirmar a multa de um empréstimo atrasado;biblioteca;portal;baixa;treino
ATE-04294;Nesta semana, quero informações sobre calendário de matrícula.;secretaria_academica;chat;baixa;treino
ATE-04295;Oi, olá, o boleto continua pendente. Minha solicitação principal é: preciso discutir equivalência de conteúdo entre disciplinas.;coordenacao;email;baixa;treino
ATE-04296;O link de recuperação de senha nao chega;suporte_tecnico;chat;media;treino
ATE-04297;não consigo acessar a base de periódicos 😕;biblioteca;email;baixa;treino
ATE-04298;Antes do prazo informado, aparece uma mensagem de erro toda vez que faço login.;suporte_tecnico;portal;media;treino
ATE-04299;Oi, o aplicativo não carrega. Agradeço se puderem olhar isso.;suporte_tecnico;chat;baixa;treino
ATE-04300;Por favor, quero saber se um título está disponível. Conseguem me orientar?;biblioteca;email;baixa;treino
ATE-04301;O desconto da mensalidade não apareceu, antes da próxima aula.;financeiro;portal;media;validacao
ATE-04302;Por favor, o sistema fecha antes de concluir a operação;suporte_tecnico;presencial;media;teste
ATE-04303;Meu pagamento ainda não foi reconhecido e, em paralelo, preciso conferir um livro.;financeiro;chat;media;validacao
ATE-04304;ESTOU COM UMA DÚVIDA, QUERO NEGOCIAR UMA PENDÊNCIA FINANCEIRA E, EM PARALELO, HÁ UMA QUESTÃO PEDAGÓGICA QUE PRECISO AVALIAR. AGRADEÇO SE PUDEREM OLHAR ISSO.;financeiro;chat;media;treino
ATE-04305;Solicito orientação: pessoal, preciso solicitar um histórico escolar. Além disso, o comprovante foi enviado, mas o débito continua aberto. Conseguem me orientar?;financeiro;email;alta;validacao
ATE-04306;Não consigo entrar no portal?;suporte_tecnico;chat;baixa;treino
ATE-04307;gostaria de registrar, um livro devolvido ainda aparece comigo obrigado;biblioteca;presencial;media;treino
ATE-04308;Preciso avaliar uma situação excepcional no meu percurso acadêmico. Além disso, não consigo abrir o ambiente virtual.;suporte_tecnico;chat;media;treino
ATE-04309;"Meu acesso está bloqueado. Além disso, meu pagamento ainda não foi reconhecido; preciso de retorno.";financeiro;presencial;alta;treino
ATE-04310;Não consigo acessar a base de periódicos. Além disso, o link de recuperação de senha não chega.;suporte_tecnico;telefone;baixa;teste
ATE-04311;Quero orientação acadêmica antes de escolher as próximas matérias. Fico no aguardo.;coordenacao;email;media;treino
ATE-04312;Gente, preciso solicitar aproveitamento de documentação já entregue;secretaria_academica;chat;alta;treino
ATE-04313;"Alguém consegue me ajudar, quero orientação acadêmica antes de escolher as próximas matérias; ao mesmo tempo, quero saber se um título está disponível. Como resolvo?";biblioteca;telefone;alta;treino
ATE-04314;também preciso confirmar um documento acadêmico. minha solicitação principal é: o comprovante foi enviado, mas o débito continua aberto.;financeiro;portal;alta;teste
ATE-04315;"Não consigo visualizar o boleto deste mês; situação observada para resolver ainda este mês.";financeiro;email;media;treino
ATE-04316;Para organizar minha situação, quero reservar um exemplar.;biblioteca;portal;media;validacao
ATE-04317;Oi, preciso de ajuda, tenho dúvida sobre um pagamento, mas o que preciso resolver primeiro é que não consigo acessar um artigo pelo portal da biblioteca. Como resolvo.;biblioteca;presencial;baixa;treino
ATE-04318;bom dia, quero confirmar o status da rematrícula;secretaria_academica;portal;baixa;teste
ATE-04319;Pessoal, meu login falha às vezes. Minha solicitação principal é: quero orientação acadêmica antes de escolher as próximas matérias. Conseguem me orientar?;coordenacao;chat;baixa;treino
ATE-04320;Solicito orientação: preciso corrigir meus dados acadêmicos e, em paralelo, também preciso de orientação sobre uma disciplina.;secretaria_academica;portal;baixa;treino
ATE-04321;Por favor, bom dia, o link de recuperação de senha não chega e, em paralelo, há uma questão pedagógica que preciso avaliar. Podem verificar?;suporte_tecnico;portal;media;treino
ATE-04322;"Por favor, estou com uma dúvida, o link de recuperação de senha não chega; além disso, o acesso à biblioteca digital falhou. Podem verificar?";suporte_tecnico;chat;media;treino
ATE-04323;Não consigo visualizar o boleto deste mês e, em paralelo, preciso conferir um livro.;financeiro;portal;media;treino
ATE-04324;"Por favor, por favor, não consigo entrar no portal; além disso, também preciso de orientação sobre uma disciplina. Obrigada!";suporte_tecnico;portal;alta;teste
ATE-04325;a página apresenta erro quando tento acessar ...;suporte_tecnico;email;baixa;validacao
ATE-04326;Por favor, por favor, o valor da parcela está diferente? Fico no aguardo.;financeiro;portal;media;validacao
ATE-04327;Também preciso de orientação sobre uma disciplina. Minha solicitação principal é: o desconto da mensalidade não apareceu.;financeiro;email;baixa;treino
ATE-04328;Gente, o link de recuperação de senha não chega, mas tenho ainda outra questão: preciso corrigir meus dados acadêmicos!;suporte_tecnico;email;media;treino
ATE-04329;Por favor, por favor, a devolução de um livro ainda não foi registrada Agradeço se puderem olhar isso.;biblioteca;email;alta;validacao
ATE-04330;preciso confirmar um estorno, no semestre atual.;financeiro;chat;baixa;treino
ATE-04331;Preciso solicitar aproveitamento de documentação já entregue!;secretaria_academica;email;media;validacao
ATE-04332;alguém consegue me ajudar, minha senha não funciona preciso de um retorno.;suporte_tecnico;email;alta;treino
ATE-04333;boa tarde, tenho dúvida sobre um registro, mas o que preciso resolver primeiro é que preciso falar com a coordenação sobre meu planejamento acadêmico. obrigada.;coordenacao;chat;media;treino
ATE-04334;"Por favor, quero entender uma cobrança na mensalidade; além disso, também preciso de orientação sobre uma disciplina. Isso pode ser verificado, por favor?";financeiro;presencial;baixa;treino
ATE-04335;O comprovante foi enviado, mas o débito continua aberto e, em paralelo, nao consigo acessar uma tela do sistema.;financeiro;presencial;baixa;treino
ATE-04336;A devolução de um livro ainda não foi registrada. Além disso, quero orientação acadêmica antes de escolher as próximas matérias.;coordenacao;presencial;media;validacao
ATE-04337;Quero saber se um título está disponível e também quero confirmar o status da rematricula.;biblioteca;email;alta;treino
ATE-04338;Oi, preciso atualizar um documento da matrícula? Fico no aguardo.;secretaria_academica;presencial;alta;validacao
ATE-04339;Quero conversar sobre pré-requisitos e sequência de disciplinas. Além disso, preciso de informações sobre vencimento e juros;financeiro;email;alta;validacao
ATE-04340;"Oi, quero informações sobre calendário de matrícula; além disso, há uma questão pedagógica que preciso avaliar.";secretaria_academica;portal;alta;validacao
ATE-04341;por favor, meu pagamento ainda não foi reconhecido agradeço se puderem olhar isso;financeiro;presencial;alta;treino
ATE-04342;Solicito orientação: queria uma orientação, meu login falha às vezes, mas o que preciso resolver primeiro é que quero saber se um título está disponível. Fico no aguardo;biblioteca;portal;baixa;treino
ATE-04343;bom dia, quero confirmar a multa de um empréstimo atrasado fico no aguardo;biblioteca;portal;baixa;treino
ATE-04344;"Oi, preciso atualizar um documento da matrícula. Agradeço se puderem olhar isso; preciso de retorno.";secretaria_academica;presencial;alta;treino
ATE-04345;Minha senha não funciona. Isso aconteceu antes do prazo informado.;suporte_tecnico;chat;media;treino
ATE-04346;quero saber sobre a emissão de declaração, no semestre atual.;secretaria_academica;email;alta;treino
ATE-04347;Não consigo acessar um artigo pelo portal da biblioteca. Isso aconteceu para conseguir seguir com o processo.;biblioteca;chat;media;treino
ATE-04348;Preciso avaliar uma situação excepcional no meu percurso acadêmico, desde a última atualização do sistema.;coordenacao;telefone;media;validacao
ATE-04349;"Preciso avaliar uma situação excepcional no meu percurso acadêmico; situação observada para organizar minha situação.";coordenacao;portal;media;validacao
ATE-04350;Oi, preciso de ajuda, meu acesso está bloqueado Fico no aguardo.;suporte_tecnico;portal;media;teste
ATE-04351;a página apresenta erro quando tento acessar?;suporte_tecnico;chat;alta;teste
ATE-04352;Oi, para resolver ainda este mês, por favor, preciso solicitar um histórico escolar.;secretaria_academica;portal;baixa;treino
ATE-04353;"quero informações sobre calendário de matrícula; ao mesmo tempo, preciso de orientação sobre uma decisão acadêmica que não é apenas cadastral.";coordenacao;email;media;treino
ATE-04354;O aplicativo não carrega. Isso aconteceu antes da próxima aula.;suporte_tecnico;telefone;alta;teste
ATE-04355;Então, oi, quero negociar uma pendência financeira? Preciso de um retorno.;financeiro;telefone;alta;treino
ATE-04356;preciso atualizar um documento da matrícula. Isso aconteceu depois de consultar as orientações disponíveis.;secretaria_academica;portal;media;treino
ATE-04357;"preciso de informações sobre vencimento e juros; além disso, também tenho uma pendência de empréstimo.";financeiro;email;alta;treino
ATE-04358;Gostaria de solicitar apoio: quero reservar um exemplar;biblioteca;portal;baixa;validacao
ATE-04359;Também preciso de orientação sobre uma disciplina, mas o que preciso resolver primeiro é que não consigo abrir o ambiente virtual.;suporte_tecnico;chat;media;teste
ATE-04360;quero entender uma cobrança na mensalidade. Isso aconteceu depois de consultar as orientações disponíveis.;financeiro;portal;baixa;treino
ATE-04361;"Não consigo entrar no portal; além disso, também preciso de orientação sobre uma disciplina.";suporte_tecnico;email;alta;teste
ATE-04362;"Gente, quero negociar uma pendência financeira; situação observada antes da próxima aula.";financeiro;portal;alta;treino
ATE-04363;tenho dúvida sobre um registro. minha solicitação principal é: quero saber se um título está disponível.;biblioteca;chat;media;treino
ATE-04364;Boa tarde, preciso conversar sobre a organização da minha grade Conseguem me orientar?!;coordenacao;presencial;media;validacao
ATE-04365;meu login falha às vezes, mas o que preciso resolver primeiro é que a devolução de um livro ainda não foi registrada.;biblioteca;email;baixa;treino
ATE-04366;Quero reservar um exemplar e, em paralelo, o portal também está dando erro.;biblioteca;portal;alta;treino
ATE-04367;Oi, a devolução de um livro ainda não foi registrada?;biblioteca;portal;baixa;treino
ATE-04368;Venho informar, o desconto da mensalidade não apareceu e também quero discutir uma situação pedagógica com a turma. Obrigada.;financeiro;presencial;media;treino
ATE-04369;Só queria entender, quero saber sobre a emissão de declaração. Fico no aguardo!;secretaria_academica;chat;baixa;treino
ATE-04370;Então, minha senha não funciona.;suporte_tecnico;presencial;media;teste
ATE-04371;A página apresenta erro quando tento acessar e, em paralelo, tenho dúvida sobre um pagamento.;suporte_tecnico;telefone;alta;validacao
ATE-04372;O comprovante foi enviado, mas o débito continua aberto e também preciso saber o horário de atendimento da biblioteca.;financeiro;portal;baixa;treino
ATE-04373;o boleto continua pendente, mas o que preciso resolver primeiro é que preciso corrigir meus dados acadêmicos. agradeço se puderem olhar isso.!!!;secretaria_academica;presencial;media;teste
ATE-04374;olá, não consigo visualizar o boleto deste mês e, em paralelo, minha matrícula mostra uma informação estranha. fico no aguardo.;financeiro;portal;baixa;teste
ATE-04375;o portal também está dando erro. minha solicitação principal é: uma disciplina não consta no meu registro.;secretaria_academica;email;baixa;validacao
ATE-04376;Por favor, preciso conferir um livro. Minha solicitação principal é: fiz o pagamento e ainda aparece pendência.;financeiro;telefone;media;validacao
ATE-04377;olá, meu nome saiu incorreto em um documento acadêmico e, em paralelo, também apareceu uma cobrança que não reconheço. agradeço se puderem olhar isso. 🙂;secretaria_academica;chat;baixa;treino
ATE-04378;"Oi, boa tarde, preciso corrigir meus dados acadêmicos; ao mesmo tempo, preciso de informações sobre vencimento e juros. Podem verificar?!";financeiro;chat;baixa;treino
ATE-04379;Minha matrícula não aparece corretamente. Isso aconteceu antes do prazo informado.;secretaria_academica;portal;alta;treino
ATE-04380;o comprovante foi enviado, mas o débito continua aberto. Isso aconteceu depois de consultar as orientações disponíveis.;financeiro;chat;alta;treino
ATE-04381;Por favor, só queria entender, quero orientação sobre uma situação com uma disciplina? Isso pode ser verificado, por favor.;coordenacao;email;media;teste
ATE-04382;Olá, quero discutir uma situação pedagógica com a turma Podem verificar?;coordenacao;chat;media;treino
ATE-04383;Registro a seguinte situação: quero negociar uma pendência financeira.;financeiro;telefone;baixa;teste
ATE-04384;Oi, preciso de ajuda, não consigo anexar o arquivo no portal, mas tenho ainda outra questão: fiz o pagamento e ainda aparece pendência. Fico no aguardo.;suporte_tecnico;portal;media;treino
ATE-04385;Queria uma orientação, quero entender uma cobrança na mensalidade e, em paralelo, minha matricula mostra uma informação estranha. Obrigado!;financeiro;portal;media;treino
ATE-04386;preciso de orientação sobre uma decisão acadêmica que nao é apenas cadastral e, em paralelo, tenho dúvida sobre um pagamento.;coordenacao;presencial;media;validacao
ATE-04387;Solicito orientação: o sistema fecha antes de concluir a operação;suporte_tecnico;portal;alta;treino
ATE-04388;ESTOU COM UMA DÚVIDA, PRECISO CORRIGIR MEUS DADOS ACADÊMICOS E, EM PARALELO, O PORTAL TAMBÉM ESTÁ DANDO ERRO. PODEM VERIFICAR?;secretaria_academica;chat;media;treino
ATE-04389;quero entender uma cobrança na mensalidade e, em paralelo, tbm preciso confirmar um documento acadêmico.;financeiro;email;alta;treino
ATE-04390;Gente, gostaria de registrar, preciso avaliar uma situação excepcional no meu percurso acadêmico? Obrigado.;coordenacao;email;alta;treino
ATE-04391;"Por favor, só queria entender, quero orientação sobre uma situação com uma disciplina; ao mesmo tempo, o valor da parcela está diferente. Obrigada.";financeiro;portal;alta;treino
ATE-04392;Então, preciso de informações sobre vencimento e juros;financeiro;telefone;baixa;treino
ATE-04393;"o aplicativo não carrega. 🙂; preciso de retorno.";suporte_tecnico;email;media;treino
ATE-04394;boa tarde, quero confirmar o status da rematrícula? preciso de um retorno.;secretaria_academica;portal;media;validacao
ATE-04395;Na solicitação que abri recentemente, quero confirmar o status da rematrícula.;secretaria_academica;chat;alta;validacao
ATE-04396;Preciso conferir um livro, mas o que preciso resolver primeiro é que preciso de informações sobre vencimento e juros.;financeiro;email;alta;treino
ATE-04397;preciso renovar um livro. além disso, preciso de orientação sobre uma decisão acadêmica que não é apenas cadastral.;coordenacao;presencial;media;teste
ATE-04398;a plataforma fica em tela branca!;suporte_tecnico;portal;baixa;treino
ATE-04399;Por favor, o aplicativo não carrega. Além disso, preciso discutir equivalência de conteúdo entre disciplinas.;coordenacao;presencial;baixa;treino
ATE-04400;"Olá, quero confirmar o status da rematrícula; além disso, também apareceu uma cobrança que não reconheço.";secretaria_academica;telefone;baixa;treino
ATE-04401;preciso solicitar aproveitamento de documentação já entregue, mas tenho ainda outra questão: não consigo abrir o ambiente virtual.;secretaria_academica;presencial;alta;treino
ATE-04402;"Quero orientação sobre uma situação com uma disciplina; além disso, tenho dúvida sobre um registro!";coordenacao;telefone;media;teste
ATE-04403;Gostaria de registrar, preciso confirmar um estorno Preciso de um retorno.;financeiro;chat;media;treino
ATE-04404;"Registro a seguinte situação: pessoal, quero discutir uma situação pedagógica com a turma; além disso, não consigo acessar uma tela do sistema. Obrigada.";coordenacao;presencial;media;treino
ATE-04405;"Preciso consultar uma pendência de empréstimo; ao mesmo tempo, meu pagamento ainda não foi reconhecido.";financeiro;telefone;media;treino
ATE-04406;Gente, quero negociar uma pendência financeira.;financeiro;presencial;media;teste
ATE-04407;"aparece uma mensagem de erro toda vez que faço login; além disso, tbm tenho uma pendência de empréstimo";suporte_tecnico;email;alta;treino
ATE-04408;Só queria entender, preciso renovar um livro e também quero informações sobre calendário de matrícula. Obrigada.;biblioteca;email;alta;treino
ATE-04409;"Quero orientação acadêmica antes de escolher as próximas matérias; além disso, o boleto continua pendente, antes do prazo informado.";coordenacao;presencial;media;teste
ATE-04410;preciso falar com a coordenação sobre meu planejamento acadêmico.;coordenacao;email;media;teste
ATE-04411;Preciso conversar sobre a organização da minha grade, mas tenho ainda outra questão: preciso corrigir meus dados acadêmicos.;coordenacao;presencial;media;teste
ATE-04412;"pessoal, um livro devolvido ainda aparece comigo; ao mesmo tempo, quero informações sobre calendário de matrícula. como resolvo? 🙂";secretaria_academica;chat;media;treino
ATE-04413;minha senha não funciona agradeço se puderem olhar isso.;suporte_tecnico;portal;media;treino
ATE-04414;Oi, fiz o pagamento e ainda aparece pendência.;financeiro;presencial;media;treino
ATE-04415;Quero saber sobre a emissão de declaração. Isso aconteceu antes do início das aulas.;secretaria_academica;portal;alta;validacao
ATE-04416;quero confirmar a multa de um empréstimo atrasado. Isso aconteceu desde a última atualização do sistema.;biblioteca;portal;alta;treino
ATE-04417;Oi, estou com uma dúvida, quero saber sobre a emissão de declaração Como resolvo?;secretaria_academica;telefone;baixa;treino
ATE-04418;Quero saber sobre a emissão de declaração, no semestre atual.;secretaria_academica;chat;baixa;treino
ATE-04419;Gente, por favor, o comprovante foi enviado, mas o débito continua aberto.;financeiro;telefone;media;treino
ATE-04420;Venho informar, quero informações sobre calendário de matrícula. Obrigada.;secretaria_academica;portal;baixa;treino
ATE-04421;"quero orientação sobre uma situação com uma disciplina; além disso, o boleto continua pendente.";coordenacao;telefone;media;teste
ATE-04422;Registro a seguinte situação: preciso conferir um livro. Minha solicitação principal é: não consigo anexar o arquivo no portal.;suporte_tecnico;chat;alta;treino
ATE-04423;Então, o boleto continua pendente, mas o que preciso resolver primeiro é que quero orientação sobre uma situação com uma disciplina.;coordenacao;telefone;baixa;treino
ATE-04424;Não consigo entrar no portal. Isso aconteceu para organizar minha situação.;suporte_tecnico;email;media;treino
ATE-04425;Meu pagamento ainda não foi reconhecido. Isso aconteceu antes da próxima aula.;financeiro;email;baixa;treino
ATE-04426;Aparece uma mensagem de erro toda vez que faço login. Isso aconteceu para resolver ainda este mês.;suporte_tecnico;presencial;alta;treino
ATE-04427;Então, preciso conferir um livro. Minha solicitação principal é: preciso solicitar um histórico escolar.;secretaria_academica;chat;media;teste
ATE-04428;Então, gostaria de registrar, o acesso à biblioteca digital falhou. Minha solicitação principal é: minha matrícula não aparece corretamente.;secretaria_academica;telefone;media;treino
ATE-04429;Preciso de ajuda, quero saber se um título está disponível. Obrigada.;biblioteca;telefone;baixa;validacao
ATE-04430;Gente, aparece uma mensagem de erro toda vez que faço login?;suporte_tecnico;portal;media;teste
ATE-04431;Estou com uma dúvida, o acesso à biblioteca digital falhou, mas o que preciso resolver primeiro é que preciso atualizar um documento da matrícula. Fico no aguardo.;secretaria_academica;presencial;media;validacao
ATE-04432;Aparece uma mensagem de erro toda vez que faço login. Além disso, quero reservar um exemplar.;biblioteca;email;media;validacao
ATE-04433;Oi, antes de enviar outro pedido, quero confirmar a multa de um empréstimo atrasado.;biblioteca;portal;alta;treino
ATE-04434;"Só queria entender, preciso discutir equivalência de conteúdo entre disciplinas; ao mesmo tempo, o comprovante foi enviado, mas o débito continua aberto. Conseguem me orientar?";financeiro;chat;alta;treino
ATE-04435;Preciso de informações sobre vencimento e juros, mas tenho ainda outra questão: quero entender o procedimento de trancamento.;financeiro;email;media;treino
ATE-04436;"Não consigo abrir o ambiente virtual; situação observada antes da próxima aula.";suporte_tecnico;email;alta;treino
ATE-04437;Olá, preciso solicitar um histórico escolar Isso pode ser verificado, por favor?;secretaria_academica;presencial;media;treino
ATE-04438;Preciso saber o horário de atendimento da biblioteca. Além disso, meu nome saiu incorreto em um documento acadêmico.;secretaria_academica;telefone;media;teste
ATE-04439;Bom dia, tenho dúvida sobre um pagamento, mas o que preciso resolver primeiro é que preciso de orientação sobre uma decisão acadêmica que não é apenas cadastral. Conseguem me orientar?;coordenacao;portal;alta;treino
ATE-04440;Gente, queria uma orientação, uma disciplina não consta no meu registro?;secretaria_academica;portal;alta;treino
ATE-04441;Então, o sistema fecha antes de concluir a operação?;suporte_tecnico;presencial;media;validacao
ATE-04442;Uma disciplina não consta no meu registro e, em paralelo, o aceso à biblioteca digital falhou.;secretaria_academica;presencial;baixa;treino
ATE-04443;"Tenho um problema recorrente em uma turma e preciso de orientação; situação observada desde ontem.";coordenacao;telefone;media;treino
ATE-04444;Oi, só queria entender, minha matricula mostra uma informação estranha, mas o que preciso resolver primeiro é que quero orientação sobre uma situação com uma disciplina.;coordenacao;presencial;media;teste
ATE-04445;Então, preciso renovar um livro;biblioteca;email;baixa;treino
ATE-04446;Gostaria de solicitar apoio: preciso avaliar uma situação excepcional no meu percurso acadêmico?;coordenacao;chat;media;treino
ATE-04447;Quero discutir uma decisão acadêmica. Minha solicitação principal é: não consigo abrir o ambiente virtual. Isso pode ser verificado, por favor?;suporte_tecnico;presencial;media;treino
ATE-04448;Pessoal, preciso de informações sobre vencimento e juros. Fico no aguardo.;financeiro;telefone;baixa;treino
ATE-04449;Registro a seguinte situação: só queria entender, minha matrícula mostra uma informação estranha, mas o que preciso resolver primeiro é que quero entender uma cobrança na mensalidade.;financeiro;portal;alta;validacao
ATE-04450;Desde a última atualização do sistema, quero orientação acadêmica antes de escolher as próximas matérias.;coordenacao;email;baixa;treino
ATE-04451;Fiz o pagamento e ainda aparece pendência?!;financeiro;telefone;media;treino
ATE-04452;o portal também está dando erro minha solicitação principal é: preciso solicitar aproveitamento de documentação já entregue;secretaria_academica;chat;baixa;treino
ATE-04453;O boleto continua pendente, mas o que preciso resolver primeiro é que o aplicativo não carrega.;suporte_tecnico;portal;media;treino
ATE-04454;Meu pagamento ainda não foi reconhecido, mas tenho ainda outra questão: quero orientação sobre uma situação com uma disciplina.;financeiro;portal;alta;validacao
ATE-04455;Solicito orientação: também tenho uma pendência de empréstimo. Minha solicitação principal é: uma disciplina não consta no meu registro.;secretaria_academica;chat;media;treino
ATE-04456;"Quero saber se um título está disponível; ao mesmo tempo, aparece uma mensagem de erro toda vez que faço login.";suporte_tecnico;portal;alta;treino
ATE-04457;Queria uma orientação, não consigo acessar uma tela do sistema, mas o que preciso resolver primeiro é que preciso de orientação sobre uma decisão acadêmica que não é apenas cadastral. Agradeço se puderem olhar isso.;coordenacao;telefone;media;treino
ATE-04458;"Preciso consultar uma pendência de empréstimo; situação observada no semestre atual.";biblioteca;portal;alta;validacao
ATE-04459;OLÁ, PRECISO SABER O HORÁRIO DE ATENDIMENTO DA BIBLIOTECA. ISSO PODE SER VERIFICADO, POR FAVOR?;biblioteca;telefone;media;treino
ATE-04460;"Por favor, quero reservar um exemplar; preciso de retorno.";biblioteca;telefone;media;treino
ATE-04461;Registro a seguinte situação: preciso renovar um livro;biblioteca;telefone;baixa;treino
ATE-04462;Então, também apareceu uma cobrança que não reconheço. Minha solicitação principal é: minha senha não funciona.;suporte_tecnico;presencial;alta;teste
ATE-04463;meu acesso está bloqueado, desde o começo da semana.;suporte_tecnico;telefone;media;treino
ATE-04464;preciso saber o horário de atendimento da biblioteca;biblioteca;presencial;alta;validacao
ATE-04465;Registro a seguinte situação: preciso falar com a coordenacao sobre meu planejamento acadêmico?;coordenacao;presencial;baixa;validacao
ATE-04466;Por favor, quero informações sobre calendário de matrícula e, em paralelo, meu login falha às vezes.;secretaria_academica;chat;baixa;treino
ATE-04467;Desde o começo da semana, não consigo visualizar o boleto deste mês.;financeiro;email;media;treino
ATE-04468;;secretaria_academica;chat;media;treino
ATE-04469;NÃO CONSIGO ANEXAR O ARQUIVO NO PORTAL?;suporte_tecnico;chat;baixa;validacao
ATE-04470;o boleto continua pendente. minha solicitação principal é: n consigo anexar o arquivo no portal.;suporte_tecnico;telefone;media;treino
ATE-04471;ALGUÉM CONSEGUE ME AJUDAR, PRECISO CONFERIR UM LIVRO, MAS O QUE PRECISO RESOLVER PRIMEIRO É QUE QUERO ORIENTAÇÃO SOBRE UMA SITUAÇÃO COM UMA DISCIPLINA. AGRADEÇO SE PUDEREM OLHAR ISSO.;coordenacao;chat;baixa;treino
ATE-04472;Para resolver ainda este mês, preciso consultar uma pendência de empréstimo.;biblioteca;presencial;media;teste
ATE-04473;bom dia, a devolução de um livro ainda n foi registrada obrigada.;biblioteca;email;baixa;treino
ATE-04474;Olá, gostaria de registrar, o aplicativo não carrega Fico no aguardo.;suporte_tecnico;email;media;teste
ATE-04475;Bom dia, uma disciplina não consta no meu registro? Conseguem me orientar?;secretaria_academica;portal;baixa;treino
ATE-04476;minha matrícula não aparece corretamente e, em paralelo, não consigo acessar uma tela do sistema.;secretaria_academica;portal;media;treino
ATE-04477;O desconto da mensalidade não apareceu, para resolver ainda este mês.;financeiro;telefone;baixa;treino
ATE-04478;"Bom dia, não consigo visualizar o boleto deste mês; além disso, o portal também está dando erro. Conseguem me orientar?";financeiro;telefone;baixa;treino
ATE-04479;Oi, preciso atualizar um documento da matrícula. Agradeço se puderem olhar isso.;secretaria_academica;email;baixa;treino
ATE-04480;"Olá, boa tarde, não consigo entrar no portal; além disso, também apareceu uma cobrança que não reconheço. Agradeço se puderem olhar isso.";suporte_tecnico;portal;media;treino
ATE-04481;Não consigo abrir o ambiente virtual, para organizar minha situação.;suporte_tecnico;email;media;validacao
ATE-04482;ESTOU COM UMA DÚVIDA, APARECE UMA MENSAGEM DE ERRO TODA VEZ Q FAÇO LOGIN. ISSO PODE SER VERIFICADO, POR FAVOR?!!!;suporte_tecnico;presencial;alta;treino
ATE-04483;Antes de enviar outro pedido, o comprovante foi enviado, mas o débito continua aberto.;financeiro;presencial;baixa;teste
ATE-04484;Olá, não consigo acessar a base de periódicos e, em paralelo, o portal também está dando erro. Como resolvo?;biblioteca;telefone;baixa;treino
ATE-04485;O link de recuperação de senha não chega.;suporte_tecnico;portal;baixa;treino
ATE-04486;Oi, quero conversar sobre pré-requisitos e sequência de disciplinas? Como resolvo?;coordenacao;chat;baixa;treino
ATE-04487;Tenho dúvida sobre um registro. Minha solicitação principal é: quero entender uma cobrança na mensalidade;financeiro;presencial;media;treino
ATE-04488;Gostaria de solicitar apoio: a página apresenta erro quando tento acessar. Além disso, preciso da segunda via do boleto. Isso pode ser verificado, por favor?;financeiro;email;media;treino
ATE-04489;Quero orientação acadêmica antes de escolher as próximas matérias.;coordenacao;chat;alta;teste
ATE-04490;Gostaria de solicitar apoio: preciso falar com a coordenação sobre meu planejamento acadêmico. Isso aconteceu no semestre atual.;coordenacao;chat;alta;treino
ATE-04491;Pessoal, a plataforma fica em tela branca e, em paralelo, o aceso à biblioteca digital falhou. Obrigada.;suporte_tecnico;telefone;media;treino
ATE-04492;A devolução de um livro ainda não foi registrada. Isso aconteceu nesta semana.;biblioteca;telefone;alta;teste
ATE-04493;"Não consigo acessar a base de periódicos; além disso, quero discutir uma decisão acadêmica.";biblioteca;chat;alta;treino
ATE-04494;;suporte_tecnico;email;media;treino
ATE-04495;Por favor, fiz o pagamento e ainda aparece pendência!;financeiro;portal;alta;teste
ATE-04496;O portal também está dando erro, mas o que preciso resolver primeiro é que preciso discutir equivalência de conteúdo entre disciplinas.;coordenacao;portal;media;treino
ATE-04497;Pessoal, o valor da parcela está diferente. Fico no aguardo.;financeiro;telefone;media;treino
ATE-04498;Gostaria de registrar, um livro devolvido ainda aparece comigo.;biblioteca;telefone;alta;validacao
ATE-04499;Só queria entender, a página apresenta erro quando tento acessar? Fico no aguardo.;suporte_tecnico;chat;alta;validacao
ATE-04500;Solicito orientação: pessoal, não consigo acessar uma tela do sistema, mas o que preciso resolver primeiro é que preciso confirmar um estorno. Obrigada.;financeiro;telefone;media;treino
ATE-04501;oi, quero discutir uma situação pedagógica com a turma.;coordenacao;presencial;alta;treino
ATE-04502;"Quero saber sobre a emissão de declaração; ao mesmo tempo, preciso conversar sobre a organização da minha grade.";coordenacao;telefone;alta;treino
ATE-04503;minha senha não funciona e também quero discutir uma situação pedagógica com a turma. 🙂;suporte_tecnico;telefone;media;teste
ATE-04504;estou com uma dúvida, preciso da segunda via do boleto, mas tenho ainda outra questão: preciso de orientação sobre uma decisão acadêmica que n é apenas cadastral. conseguem me orientar?;financeiro;chat;media;treino
ATE-04505;Bom dia, quero discutir uma situação pedagógica com a turma? Como resolvo?;coordenacao;chat;media;treino
ATE-04506;Então, o acesso à biblioteca digital falhou, mas o que preciso resolver primeiro é que preciso falar com a coordenação sobre meu planejamento acadêmico.;coordenacao;chat;baixa;validacao
ATE-04507;Então, preciso consultar uma pendência de empréstimo.;biblioteca;presencial;alta;validacao
ATE-04508;Tenho dúvida sobre um pagamento. Minha solicitação principal é: quero saber sobre a emissão de declaração.;secretaria_academica;presencial;baixa;teste
ATE-04509;Boa tarde, quero confirmar a multa de um empréstimo atrasado? Como resolvo?;biblioteca;portal;baixa;treino
ATE-04510;Por favor, quero entender uma cobrança na mensalidade e, em paralelo, também preciso de orientação sobre uma disciplina.;financeiro;chat;baixa;treino
ATE-04511;O acesso à biblioteca digital falhou. Minha solicitação principal é: aparece uma mensagem de erro toda vez que faço login!;suporte_tecnico;chat;alta;teste
ATE-04512;Olá, preciso corrigir meus dados acadêmicos;secretaria_academica;chat;baixa;treino
ATE-04513;Pessoal, tenho um problema recorrente em uma turma e preciso de orientação. Preciso de um retorno.;coordenacao;telefone;media;treino
ATE-04514;Gente, a plataforma fica em tela branca;suporte_tecnico;email;media;validacao
ATE-04515;Preciso de ajuda, a página apresenta erro quando tento acessar. Preciso de um retorno.;suporte_tecnico;chat;alta;treino
ATE-04516;boa tarde, quero orientação acadêmica antes de escolher as próximas matérias como resolvo;coordenacao;portal;media;treino
ATE-04517;fiz o pagamento e ainda aparece pendência. além disso, preciso atualizar um documento da matrícula.;secretaria_academica;email;baixa;validacao
ATE-04518;Bom dia, quero saber se um título está disponível e, em paralelo, o portal também está dando erro. Como resolvo?;biblioteca;presencial;alta;treino
ATE-04519;"Preciso saber o horário de atendimento da biblioteca; além disso, tenho dúvida sobre um registro.";biblioteca;telefone;media;teste
ATE-04520;quero orientação acadêmica antes de escolher as próximas matérias.;coordenacao;presencial;baixa;treino
ATE-04521;"a plataforma fica em tela branca; ao mesmo tempo, preciso solicitar aproveitamento de documentação já entregue";secretaria_academica;chat;media;treino
ATE-04522;Desde o começo da semana, preciso saber o horário de atendimento da biblioteca.;biblioteca;presencial;media;treino
ATE-04523;Olá, aparece uma mensagem de erro toda vez que faço login;suporte_tecnico;email;baixa;treino
ATE-04524;tambem preciso confirmar um documento acadêmico, mas o que preciso resolver primeiro é que quero entender uma cobrança na mensalidade.;financeiro;email;baixa;treino
ATE-04525;Por favor, minha senha não funçiona.;suporte_tecnico;presencial;media;treino
ATE-04526;Não consigo visualizar o boletoo deste mês.;financeiro;chat;media;treino
ATE-04527;Quero discutir uma decisão acadêmica, mas o que preciso resolver primeiro é que quero saber sobre a emissão de declaração.;secretaria_academica;chat;media;treino
ATE-04528;pessoal, não consigo acessar uma tela do sistema, mas o que preciso resolver primeiro é que preciso solicitar um histórico escolar. obrigada.;secretaria_academica;portal;alta;treino
ATE-04529;"Desde a última atualização do sistema, quero informações sobre calendário de matrícula; além disso, não consigo acessar uma tela do sistema.";secretaria_academica;presencial;baixa;treino
ATE-04530;Preciso discutir equivalência de conteúdo entre disciplinas, mas tenho ainda outra questão: preciso renovar um livro;coordenacao;email;media;treino
ATE-04531;Oi, não consigo anexar o arquivo no portal? Conseguem me orientar?;suporte_tecnico;portal;alta;treino
ATE-04532;Registro a seguinte situação: preciso atualizar um documento da matrícula e, em paralelo, o portal também está dando erro.;secretaria_academica;email;baixa;treino
ATE-04533;Queria uma orientação, preciso atualizar um documento da matrícula e, em paralelo, há uma questão pedagógica que preciso avaliar. Agradeço se puderem olhar isso.;secretaria_academica;portal;baixa;treino
ATE-04534;Estou com uma dúvida, o comprovante foi enviado, mas o débito continua aberto.;financeiro;telefone;alta;validacao
ATE-04535;Só queria entender, também tenho uma pendência de empréstimo, mas o que preciso resolver primeiro é que quero entender uma cobrança na mensalidade. Obrigada.;financeiro;telefone;baixa;treino
ATE-04536;bom dia, um livro devolvido ainda aparece comigo agradeço se puderem olhar isso!;biblioteca;telefone;media;treino
ATE-04537;O desconto da mensalidade não apareceu. Isso aconteceu para conseguir seguir com o processo.;financeiro;chat;media;teste
ATE-04538;Gente, quero negociar uma pendência financeira?;financeiro;portal;media;validacao
ATE-04539;tambem preciso de orientação sobre uma disciplina. Minha solicitação principal é: o comprovante foi enviado, mas o débito continua aberto.;financeiro;portal;media;treino
ATE-04540;"Boa tarde, quero confirmar o status da rematrícula; além disso, quero discutir uma decisão acadêmica. Obrigada.";secretaria_academica;presencial;baixa;treino
ATE-04541;Fiz o pagamento e ainda aparece pendência?;financeiro;chat;alta;treino
ATE-04542;Então, meu nome saiu incorreto em um documento acadêmico.;secretaria_academica;presencial;alta;treino
ATE-04543;alguém consegue me ajudar, meu login falha às vezes minha solicitação principal é: quero conversar sobre pré-requisitos e sequência de disciplinas como resolvo;coordenacao;email;alta;treino
ATE-04544;Pessoal, preciso conversar sobre a organização da minha grade e também não consigo acessar um artigo pelo portal da biblioteca. Podem verificar?;coordenacao;email;alta;treino
ATE-04545;Então, meu nome saiu incorreto em um documento acadêmico;secretaria_academica;portal;baixa;treino
ATE-04546;preciso de orientação sobre uma decisão acadêmica que não é apenas cadastral?!!!;coordenacao;chat;media;treino
ATE-04547;Oi, solicito orientação: pessoal, preciso solicitar um histórico escolar. Além disso, o comprovante foi enviado, mas o débito continua aberto. Conseguem me orientar.;financeiro;email;alta;validacao
ATE-04548;Preciso solicitar um histórico escolar.;secretaria_academica;chat;media;teste
ATE-04549;"preciso conversar sobre a organização da minha grade; situação observada para resolver ainda este mês.";coordenacao;email;media;validacao
ATE-04550;Oi, meu acesso está bloqueado e, em paralelo, há uma questão pedagógica que preciso avaliar. Preciso de um retorno.;suporte_tecnico;portal;baixa;teste
ATE-04551;"Fiz o pagamento e ainda aparece pendência; além disso, não consigo acessar uma tela do sistema.";financeiro;chat;alta;treino
ATE-04552;Meu nome saiu incorreto em um documento acadêmico, mas tenho ainda outra questão: a plataforma fica em tela branca.;secretaria_academica;chat;alta;treino
ATE-04553;Por favor, o valor da parcela está diferente;financeiro;portal;baixa;treino
ATE-04554;Oi, preciso corrigir meus dados acadêmicos e também preciso discutir equivalência de conteúdo entre disciplinas;secretaria_academica;portal;media;treino
ATE-04555;também preciso de orientação sobre uma disciplina. minha solicitação principal é: fiz o pagamento e ainda aparece pendência.;financeiro;presencial;alta;treino
ATE-04556;Venho informar, também apareceu uma cobrança que não reconheço, mas o que preciso resolver primeiro é que preciso conversar sobre a organização da minha grade. Podem verificar?;coordenacao;chat;baixa;treino
ATE-04557;Quero entender uma cobrança na mensalidade, mas tenho ainda outra questão: quero discutir uma situação pedagógica com a turma.;financeiro;chat;baixa;treino
ATE-04558;Olá, preciso discutir equivalência de conteúdo entre disciplinas. Além disso, o aplicativo não carrega.;suporte_tecnico;email;baixa;treino
ATE-04559;Por favor, não consigo visualizar o boleto deste mês Obrigado;financeiro;presencial;baixa;treino
ATE-04560;pessoal, o portal também está dando erro minha solicitação principal é: quero confirmar o status da rematrícula;secretaria_academica;presencial;media;teste
ATE-04561;Olá, preciso renovar um livro?!;biblioteca;email;media;validacao
ATE-04562;preciso de informações sobre vencimento e juros e também não consigo acessar um artigo pelo portal da biblioteca;financeiro;email;media;treino
ATE-04563;Solicito orientação: não consigo abrir o ambiente virtual.;suporte_tecnico;presencial;baixa;treino
ATE-04564;Por favor, também tenho uma pendência de empréstimo. Minha solicitação principal é: preciso avaliar uma situação excepcional no meu percurso acadêmico.;coordenacao;chat;media;validacao
ATE-04565;"quero confirmar o status da rematrícula; além disso, o portal também está dando erro.";secretaria_academica;chat;media;treino
ATE-04566;Preciso conferir um livro. Minha solicitação principal é: preciso solicitar um histórico escolar.;secretaria_academica;presencial;media;treino
ATE-04567;Olá, preciso corrigir meus dados acadêmicos. Como resolvo?;secretaria_academica;email;alta;treino
ATE-04568;Também tenho uma pendência de empréstimo, mas o que preciso resolver primeiro é que meu acesso está bloqueado;suporte_tecnico;telefone;baixa;treino
ATE-04569;Minha matrícula não aparece corretamente e, em paralelo, há uma questão pedagógica que preciso avaliar.;secretaria_academica;telefone;media;treino
ATE-04570;Só queria entender, quero entender uma cobrança na mensalidade, mas tenho ainda outra questão: quero entender o procedimento de trancamento. Como resolvo?;financeiro;chat;alta;treino
ATE-04571;"Preciso consultar uma pendência de empréstimo; além disso, o portal também está dando erro.";biblioteca;telefone;media;treino
ATE-04572;Gente, por favor, o boleto continua pendente, mas o que preciso resolver primeiro é que um livro devolvido ainda aparece comigo. Fico no aguardo.;biblioteca;presencial;media;treino
ATE-04573;"Então, quero informações sobre calendário de matrícula; além disso, há uma questão pedagógica que preciso avaliar.";secretaria_academica;presencial;alta;treino
ATE-04574;Quero entender uma cobrança na mensalidade. Isso aconteceu para resolver ainda este mês.;financeiro;chat;alta;treino
ATE-04575;A página apresenta erro quando tento acessar, nesta semana.;suporte_tecnico;portal;media;treino
ATE-04576;Por favor, meu login falha às vezes. Minha solicitação principal é: preciso falar com a coordenação sobre meu planejamento acadêmico.;coordenacao;chat;alta;treino
ATE-04577;"Por favor, gostaria de registrar, não consigo acessar a base de periódicos; além disso, também preciso de orientação sobre uma disciplina. Podem verificar?";biblioteca;chat;baixa;validacao
ATE-04578;"preciso confirmar um estorno; além disso, também tenho uma pendência de empréstimo.";financeiro;email;media;treino
ATE-04579;Alguém consegue me ajudar, o aplicativo não carrega? Podem verificar?;suporte_tecnico;email;alta;treino
ATE-04580;só queria entender, n consigo acessar a base de periódicos fico no aguardo.;biblioteca;portal;alta;treino
ATE-04581;"Olá, preciso conversar sobre a organização da minha grade; além disso, minha matricula mostra uma informação estranha.";coordenacao;email;media;treino
ATE-04582;Por favor, também preciso confirmar um documento acadêmico, mas o que preciso resolver primeiro é que fiz o pagamento e ainda aparece pendência.;financeiro;presencial;media;validacao
ATE-04583;QUERIA UMA ORIENTAÇÃO, QUERO ORIENTAÇÃO SOBRE UMA SITUAÇÃO COM UMA DISCIPLINA? ISSO PODE SER VERIFICADO, POR FAVOR? ...;coordenacao;email;baixa;treino
ATE-04584;venho informar, quero saber sobre a emissão de declaração? podem verificar?;secretaria_academica;chat;alta;treino
ATE-04585;Então, preciso atualizar um documento da matrícula. Isso aconteceu antes do início das aulas.;secretaria_academica;email;media;treino
ATE-04586;"Minha matrícula não aparece corretamente e, em paralelo, também tenho uma pendência de empréstimo; preciso de retorno.";secretaria_academica;chat;media;treino
ATE-04587;"Gente, não consigo abrir o ambiente virtual; além disso, há uma questão pedagógica que preciso avaliar.";suporte_tecnico;chat;media;treino
ATE-04588;"Solicito orientação: não consigo acessar um artigo pelo portal da biblioteca; situação observada depois de consultar as orientações disponíveis.";biblioteca;chat;media;validacao
ATE-04589;"Quero confirmar o status da rematrícula; situação observada antes da próxima aula.";secretaria_academica;email;baixa;treino
ATE-04590;Quero conversar sobre pré-requisitos e sequência de disciplinas e, em paralelo, minha matricula mostra uma informação estranha!;coordenacao;portal;media;treino
ATE-04591;Olá, quero negociar uma pendência financeira.;financeiro;portal;baixa;treino
ATE-04592;Por favor, minha senha não funciona. Isso aconteceu desde o começo da semana.;suporte_tecnico;telefone;media;teste
ATE-04593;O comprovante foi enviado, mas o débito continua aberto. Além disso, preciso discutir equivalência de conteúdo entre disciplinas.;coordenacao;telefone;media;treino
ATE-04594;Só queria entender, o aplicativo não carrega. Isso pode ser verificado, por favor?;suporte_tecnico;email;media;treino
ATE-04595;Quero entender uma cobrança na mensalidade e, em paralelo, quero discutir uma decisão acadêmica!;financeiro;portal;baixa;treino
ATE-04596;tambem tenho uma pendência de empréstimo, mas o que preciso resolver primeiro é que o sistema fecha antes de concluir a operação.;suporte_tecnico;portal;baixa;treino
ATE-04597;não consigo acessar uma tela do sistema. minha solicitação principal é: quero entender uma cobrança na mensalidade.;financeiro;presencial;baixa;teste
ATE-04598;Então, tenho dúvida sobre um pagamento, mas o que preciso resolver primeiro é que um livro devolvido ainda aparece comigo!;biblioteca;presencial;media;treino
ATE-04599;preciso corrigir meus dados acadêmicos. Isso aconteceu para resolver ainda este mês.;secretaria_academica;email;media;treino
ATE-04600;preciso renovar um livro e, em paralelo, também apareceu uma cobrança que não reconheço.;biblioteca;portal;baixa;treino
ATE-04601;"quero saber sobre a emissão de declaração; situação observada depois de consultar as orientações disponíveis.";secretaria_academica;chat;baixa;treino
ATE-04602;Gostaria de registrar, não consigo anexar o arquivo no portal. Além disso, quero saber se um título está disponível. Obrigado.;biblioteca;presencial;baixa;treino
ATE-04603;Gente, quero discutir uma decisão acadêmica, mas o que preciso resolver primeiro é que um livro devolvido ainda aparece comigo.;biblioteca;chat;media;treino
ATE-04604;só queria entender, o comprovante foi enviado, mas o débito continua aberto!;financeiro;email;alta;treino
ATE-04605;Então, tenho dúvida sobre um pagamento, mas o que preciso resolver primeiro é que preciso saber o horário de atendimento da biblioteca.;biblioteca;portal;baixa;teste
ATE-04606;minha senha não funçiona;suporte_tecnico;portal;media;treino
ATE-04607;Depois de tentar pelo portal, quero orientação acadêmica antes de escolher as próximas matérias.;coordenacao;telefone;alta;treino
ATE-04608;"Uma disciplina não consta no meu registro; além disso, não consigo acessar uma tela do sistema.";secretaria_academica;presencial;alta;treino
ATE-04609;Olá, o aplicativo não carrega? Obrigado.;suporte_tecnico;telefone;baixa;teste
ATE-04610;O aplicativo não carrega.;suporte_tecnico;telefone;baixa;treino
ATE-04611;Quero saber se um título está disponível. Além disso, quero discutir uma situação pedagógica com a turma.;coordenacao;presencial;baixa;teste
ATE-04612;Queria uma orientação, quero confirmar o status da rematrícula;secretaria_academica;email;media;treino
ATE-04613;Queria uma orientação, também tenho uma pendência de empréstimo. Minha solicitação principal é: quero entender o procedimento de trancamento. Obrigado.;secretaria_academica;portal;media;validacao
ATE-04614;Olá, preciso da segunda via do boleto?;financeiro;portal;media;treino
ATE-04615;"estou com uma dúvida, o sistema fecha antes de concluir a operação; além disso, tenho dúvida sobre um registro. fico no aguardo.";suporte_tecnico;presencial;baixa;teste
ATE-04616;"PRECISO AVALIAR UMA SITUAÇÃO EXCEPCIONAL NO MEU PERCURSO ACADÊMICO; ALÉM DISSO, TAMBÉM PRECISO CONFIRMAR UM DOCUMENTO ACADÊMICO!!!!";coordenacao;chat;alta;teste
ATE-04617;O portal também está dando erro, mas o que preciso resolver primeiro é que preciso de orientação sobre uma decisão acadêmica que não é apenas cadastral.;coordenacao;presencial;alta;treino
ATE-04618;Quero confirmar a multa de um empréstimo atrasado?;biblioteca;portal;media;treino
ATE-04619;por favor, o sistema fecha antes de concluir a operação. preciso de um retorno. 😤;suporte_tecnico;presencial;media;teste
ATE-04620;Não consigo acessar a base de periódicos, desde a última atualização do sistema.;biblioteca;telefone;media;teste
ATE-04621;Registro a seguinte situação: por favor, o portal também está dando erro. Minha solicitação principal é: preciso consultar uma pendência de empréstimo. Obrigada.;biblioteca;email;media;treino
ATE-04622;"o comprovante foi enviado, mas o débito continua aberto; situação observada antes da próxima aula.";financeiro;email;baixa;treino
ATE-04623;Então, há uma questão pedagógica que preciso avaliar, mas o que preciso resolver primeiro é que não consigo entrar no portal.;suporte_tecnico;presencial;alta;treino
ATE-04624;"Quero entender uma cobrança na mensalidade; situação observada desde o começo da semana.";financeiro;chat;baixa;treino
ATE-04625;"meu acesso está bloqueado; situação observada desde a última atualização do sistema.";suporte_tecnico;presencial;media;teste
ATE-04626;Desde o começo da semana, tenho um problema recorrente em uma turma e preciso de orientação.;coordenacao;presencial;media;validacao
ATE-04627;"POR FAVOR, O SISTEMA FECHA ANTES DE CONCLUIR A OPERAÇÃO; ALÉM DISSO, TAMBÉM TENHO UMA PENDÊNCIA DE EMPRÉSTIMO. AGRADEÇO SE PUDEREM OLHAR ISSO.";suporte_tecnico;telefone;alta;teste
ATE-04628;"o desconto da mensalidade não apareceu; além disso, também preciso de orientação sobre uma disciplina";financeiro;telefone;media;validacao
ATE-04629;Oi, não consigo anexar o arquivo no portal e, em paralelo, também preciso confirmar um documento acadêmico;suporte_tecnico;chat;media;treino
ATE-04630;Uma disciplina não consta no meu registro. Além disso, meu acesso está bloqueado.;suporte_tecnico;email;media;treino
ATE-04631;Minha senha não funciona e, em paralelo, o acesso à biblioteca digital falhou.;suporte_tecnico;telefone;media;treino
ATE-04632;Então, fiz o pagamento e ainda aparece pendência.;financeiro;presencial;media;treino
ATE-04633;Olá, fiz o pagamento e ainda aparece pendência.;financeiro;portal;media;teste
ATE-04634;Olá, o link de recuperação de senha não chega Como resolvo?;suporte_tecnico;email;alta;treino
ATE-04635;"Oi, a plataforma fica em tela branca; além disso, tenho dúvida sobre um registro.";suporte_tecnico;chat;baixa;treino
ATE-04636;Quero discutir uma decisão acadêmica. Minha solicitação principal é: o aplicativo não carrega.;suporte_tecnico;portal;alta;teste
ATE-04637;Por favor, o acesso à biblioteca digital falhou, mas o que preciso resolver primeiro é que meu acesso está bloqueado.;suporte_tecnico;portal;alta;treino
ATE-04638;Por favor, preciso falar com a coordenação sobre meu planejamento acadêmico Obrigado.;coordenacao;portal;baixa;treino
ATE-04639;"Quero informações sobre calendário de matricula; além disso, também tenho uma pendência de empréstimo.";secretaria_academica;portal;baixa;teste
ATE-04640;preciso confirmar um estorno.;financeiro;portal;media;teste
ATE-04641;Gente, o desconto da mensalidade não apareceu e, em paralelo, também preciso de orientação sobre uma disciplina.;financeiro;portal;media;treino
ATE-04642;quero confirmar o status da rematrícula!;secretaria_academica;telefone;media;treino
ATE-04643;quero orientação acadêmica antes de escolher as próximas matérias, mas tenho ainda outra questão: a plataforma fica em tela branca;coordenacao;portal;alta;treino
ATE-04644;quero entender uma cobrança na mensalidade e, em paralelo, há uma questão pedagógica que preciso avaliar.;financeiro;email;media;treino
ATE-04645;Meu pagamento ainda não foi reconhecido, antes do início das aulas.;financeiro;portal;media;treino
ATE-04646;estou com uma dúvida, o desconto da mensalidade não apareceu. como resolvo?;financeiro;telefone;media;treino
ATE-04647;Então, olá, quero reservar um exemplar, mas tenho ainda outra questão: quero saber sobre a emissão de declaração. Agradeço se puderem olhar isso.;biblioteca;portal;baixa;treino
ATE-04648;"não consigo visualizar o boleto deste mês; além disso, tenho dúvida sobre um registro.";financeiro;portal;baixa;teste
ATE-04649;Gostaria de registrar, meu nome saiu incorreto em um documento acadêmico. Podem verificar?;secretaria_academica;chat;media;treino
ATE-04650;bom dia, minha matrícula mostra uma informação estranha, mas o que preciso resolver primeiro é que a página apresenta erro quando tento acessar. obrigado.;suporte_tecnico;email;media;treino
ATE-04651;fiz o pagamento e ainda aparece pendência?;financeiro;email;baixa;treino
ATE-04652;"O aplicativo não carrega; ao mesmo tempo, preciso corrigir meus dados acadêmicos.";secretaria_academica;email;baixa;validacao
ATE-04653;Oi, não consigo acessar um artigo pelo portal da biblioteca;biblioteca;email;media;validacao
ATE-04654;Oi, não consigo entrar no portal.;suporte_tecnico;portal;media;treino
ATE-04655;"Preciso solicitar aproveitamento de documentação já entregue; além disso, também tenho uma pendência de empréstimo.";secretaria_academica;email;alta;treino
ATE-04656;Oi, preciso atualizar um documento da matrícula;secretaria_academica;chat;media;validacao
ATE-04657;"Então, preciso confirmar um estorno; preciso de retorno.";financeiro;email;alta;treino
ATE-04658;Uma disciplina não consta no meu registro e, em paralelo, também tenho uma pendência de empréstimo.;secretaria_academica;portal;baixa;teste
ATE-04659;oi, há uma questão pedagógica que preciso avaliar. minha solicitação principal é: uma disciplina não consta no meu registro. conseguem me orientar?;secretaria_academica;chat;media;treino
ATE-04660;"por favor, a devolução de um livro ainda não foi registrada; ao mesmo tempo, quero entender uma cobrança na mensalidade preciso de um retorno";financeiro;telefone;alta;treino
ATE-04661;Preciso da segunda via do boleto e também preciso corrigir meus dados acadêmicos.;financeiro;portal;baixa;treino
ATE-04662;Olá, estou com uma dúvida, preciso da segunda via do boleto. Agradeço se puderem olhar isso;financeiro;portal;media;treino
ATE-04663;"preciso consultar uma pendência de empréstimo; além disso, tbm apareceu uma cobrança q não reconheço";biblioteca;telefone;baixa;treino
ATE-04664;"A devolução de um livro ainda não foi registrada; além disso, também apareceu uma cobrança que não reconheço.";biblioteca;chat;alta;treino
ATE-04665;Antes de enviar outro pedido, preciso falar com a coordenação sobre meu planejamento acadêmico.;coordenacao;email;alta;teste
ATE-04666;"Preciso de ajuda, não consigo abrir o ambiente virtual; além disso, preciso conferir um livro. Fico no aguardo!";suporte_tecnico;portal;media;treino
ATE-04667;Oi, preciso de informações sobre vencimento e juros e, em paralelo, o portal também está dando erro. Isso pode ser verificado, por favor?;financeiro;email;baixa;treino
ATE-04668;"O desconto da mensalidade não apareceu; além disso, o portal também está dando erro.";financeiro;chat;media;treino
ATE-04669;Oi, minha matrícula mostra uma informação estranha. Minha solicitação principal é: o link de recuperação de senha não chega.;suporte_tecnico;telefone;alta;teste
ATE-04670;"preciso de orientação sobre uma decisão acadêmica que não é apenas cadastral; ao mesmo tempo, o sistema fecha antes de concluir a operação.";suporte_tecnico;presencial;alta;treino
ATE-04671;Gente, quero orientação sobre uma situação com uma disciplina e, em paralelo, o portal também está dando erro.;coordenacao;telefone;alta;validacao
ATE-04672;Registro a seguinte situação: a página apresenta erro quando tento acessar?;suporte_tecnico;chat;baixa;teste
ATE-04673;O boleto continua pendente. Minha solicitação principal é: aparece uma mensagem de erro toda vez que faço login.;suporte_tecnico;telefone;baixa;treino
ATE-04674;meu login falha às vezes, mas o que preciso resolver primeiro é que preciso avaliar uma situação excepcional no meu percurso acadêmico.;coordenacao;chat;baixa;treino
ATE-04675;"minha senha não funciona; além disso, preciso conferir um livro 😤 Podem verificar?";suporte_tecnico;portal;alta;treino
ATE-04676;Bom dia, quero saber sobre a emissão de declaração e também um livro devolvido ainda aparece comigo. Podem verificar?;secretaria_academica;portal;baixa;validacao
ATE-04677;No semestre atual, preciso solicitar um histórico escolar.;secretaria_academica;portal;media;treino
ATE-04678;quero confirmar o status da rematrícula;secretaria_academica;telefone;baixa;treino
ATE-04679;Aparece uma mensagem de erro toda vez que faço login, mas tenho ainda outra questão: preciso atualizar um documento da matricula.;suporte_tecnico;telefone;baixa;treino
ATE-04680;queria uma orientação, preciso solicitar aproveitamento de documentação já entregue obrigado.;secretaria_academica;chat;baixa;validacao
ATE-04681;Quero discutir uma decisão acadêmica. Minha solicitação principal é: fiz o pagamento e ainda aparece pendência.;financeiro;telefone;baixa;teste
ATE-04682;"Não consigo visualizar o boleto deste mês; situação observada antes do prazo informado.";financeiro;chat;baixa;treino
ATE-04683;preciso de informações sobre vencimento e juros, mas tenho ainda outra questão: o sistema fecha antes de concluir a operação;financeiro;telefone;media;treino
ATE-04684;"Quero informações sobre calendário de matrícula; situação observada para resolver ainda este mês.";secretaria_academica;chat;media;teste
ATE-04685;O comprovante foi enviado, mas o débito continua aberto;financeiro;presencial;media;treino
ATE-04686;Então, também preciso de orientação sobre uma disciplina. Minha solicitação principal é: preciso confirmar um estorno.;financeiro;email;baixa;teste
ATE-04687;o link de recuperação de senha não chega?;suporte_tecnico;telefone;media;treino
ATE-04688;meu login falha às vezes minha solicitação principal é: quero reservar um exemplar;biblioteca;chat;media;treino
ATE-04689;oi, não consigo acessar uma tela do sistema, mas o q preciso resolver primeiro é q quero saber sobre a emissão de declaração conseguem me orientar;secretaria_academica;telefone;media;treino
ATE-04690;boa tarde, quero entender o procedimento de trancamento. como resolvo?;secretaria_academica;email;media;treino
ATE-04691;Bom dia, quero confirmar o status da rematrícula? Obrigada.;secretaria_academica;email;alta;validacao
ATE-04692;Gente, preciso confirmar um estorno?;financeiro;portal;alta;treino
ATE-04693;"Bom dia, um livro devolvido ainda aparece comigo; ao mesmo tempo, minha matrícula não aparece corretamente. Conseguem me orientar?";secretaria_academica;telefone;media;treino
ATE-04694;Preciso de informações sobre vencimento e juros?;financeiro;portal;media;treino
ATE-04695;Quero informações sobre calendário de matrícula;secretaria_academica;portal;alta;treino
ATE-04696;estou com uma dúvida, preciso conferir um livro, mas o que preciso resolver primeiro é que meu nome saiu incorreto em um documento acadêmico obrigado;secretaria_academica;presencial;media;teste
ATE-04697;Estou com uma dúvida, também tenho uma pendência de empréstimo. Minha solicitação principal é: quero conversar sobre pré-requisitos e sequência de disciplinas. Como resolvo?;coordenacao;telefone;alta;teste
ATE-04698;Oi, quero negociar uma pendência financeira. Além disso, não consigo entrar no portal!;suporte_tecnico;email;media;treino
ATE-04699;"Um livro devolvido ainda aparece comigo; ao mesmo tempo, minha senha não funciona.";suporte_tecnico;portal;media;validacao
ATE-04700;Gostaria de solicitar apoio: preciso da segunda via do boleto e, em paralelo, meu login falha às vezes.;financeiro;telefone;media;treino
ATE-04701;Gente, quero saber sobre a emissão de declaração?;secretaria_academica;portal;media;validacao
ATE-04702;"bom dia, preciso avaliar uma situação excepcional no meu percurso acadêmico; ao mesmo tempo, preciso consultar uma pendência de empréstimo como resolvo";biblioteca;portal;media;treino
ATE-04703;"Quero saber se um título está disponível; ao mesmo tempo, o sistema fecha antes de concluir a operação.";suporte_tecnico;portal;alta;treino
ATE-04704;não consigo acessar uma tela do sistema. minha solicitação principal é: preciso confirmar um estorno.;financeiro;presencial;media;treino
ATE-04705;Quero discutir uma decisão acadêmica, mas o que preciso resolver primeiro é que quero saber se um título está disponível.;biblioteca;presencial;media;treino
ATE-04706;Olá, não consigo acessar uma tela do sistema. Minha solicitação principal é: a devolução de um livro ainda não foi registrada. Podem verificar?;biblioteca;portal;alta;treino
ATE-04707;Quero confirmar a multa de um empréstimo atrasado e também meu acesso está bloqueado.;biblioteca;telefone;alta;treino
ATE-04708;aparece uma mensagem de erro toda vez que faço login;suporte_tecnico;presencial;alta;teste
ATE-04709;minha matrícula não aparece corretamente, para conseguir seguir com o processo.;secretaria_academica;email;alta;teste
ATE-04710;Oi, um livro devolvido ainda aparece comigo. Além disso, quero orientação sobre uma situação com uma disciplina.;coordenacao;email;media;treino
ATE-04711;quero saber se um título está disponível.;biblioteca;email;baixa;validacao
ATE-04712;Para conseguir seguir com o processo, uma disciplina não consta no meu registro.;secretaria_academica;telefone;media;treino
ATE-04713;Um livro devolvido ainda aparece comigo.;biblioteca;email;baixa;treino
ATE-04714;Não consigo acessar um artigo pelo portal da biblioteca e também preciso falar com a coordenação sobre meu planejamento acadêmico;biblioteca;portal;media;treino
ATE-04715;Solicito orientação: preciso de informações sobre vencimento e juros.;financeiro;chat;baixa;treino
ATE-04716;Quero orientação sobre uma situação com uma disciplina. Podem verificar?;coordenacao;presencial;media;treino
ATE-04717;Desde ontem, quero confirmar a multa de um empréstimo atrasado.;biblioteca;email;baixa;treino
ATE-04718;Boa tarde, preciso de informações sobre vencimento e juros? Fico no aguardo.;financeiro;chat;media;treino
ATE-04719;Oi, boa tarde, aparece uma mensagem de erro toda vez que faço login agradeço se puderem olhar isso.;suporte_tecnico;email;media;teste
ATE-04720;venho informar, quero orientação sobre uma situação com uma disciplina conseguem me orientar? 😤;coordenacao;telefone;media;validacao
ATE-04721;Boa tarde, tenho um problema recorrente em uma turma e preciso de orientação? Isso pode ser verificado, por favor?;coordenacao;email;media;validacao
ATE-04722;"preciso discutir equivalência de conteúdo entre disciplinas; além disso, o acesso à biblioteca digital falhou.";coordenacao;presencial;baixa;teste
ATE-04723;só queria entender, a devolução de um livro ainda não foi registrada, mas tenho ainda outra questão: meu nome saiu incorreto em um documento acadêmico.;biblioteca;chat;media;treino
ATE-04724;Registro a seguinte situação: oi, não consigo acessar uma tela do sistema, mas o que preciso resolver primeiro é que não consigo acessar a base de periódicos. Fico no aguardo.;biblioteca;chat;media;treino
ATE-04725;Preciso da segunda via do boleto. Além disso, quero entender o procedimento de trancamento.;secretaria_academica;chat;alta;treino
ATE-04726;pessoal, tenho dúvida sobre um pagamento. minha solicitação principal é: quero informações sobre calendário de matrícula. conseguem me orientar?;secretaria_academica;email;baixa;treino
ATE-04727;Quero saber se um título está disponível, mas tenho ainda outra questão: quero entender uma cobrança na mensalidade;biblioteca;presencial;baixa;teste
ATE-04728;queria uma orientação, há uma questão pedagógica que preciso avaliar, mas o que preciso resolver primeiro é que minha matrícula n aparece corretamente fico no aguardo;secretaria_academica;email;alta;validacao
ATE-04729;Registro a seguinte situação: quero orientação acadêmica antes de escolher as próximas matérias?;coordenacao;portal;media;treino
ATE-04730;"Então, o desconto da mensalidade não apareceu; ao mesmo tempo, meu aceso está bloqueado.";suporte_tecnico;email;media;teste
ATE-04731;Gente, meu acesso está bloqueado?;suporte_tecnico;email;media;treino
ATE-04732;"Preciso confirmar um estorno; além disso, há uma questão pedagógica que preciso avaliar.";financeiro;chat;alta;treino
ATE-04733;;coordenacao;telefone;media;treino
ATE-04734;Gente, tenho dúvida sobre um registro, mas o que preciso resolver primeiro é que quero negociar uma pendência financeira.;financeiro;telefone;alta;teste
ATE-04735;oi, um livro devolvido ainda aparece comigo, mas tenho ainda outra questão: minha senha n funciona obrigada;biblioteca;email;baixa;treino
ATE-04736;quero confirmar o status da rematrícula.;secretaria_academica;presencial;media;treino
ATE-04737;Oi, quero saber se um título está disponível? Obrigado.;biblioteca;chat;baixa;treino
ATE-04738;Solicito orientação: venho informar, também preciso confirmar um documento acadêmico, mas o que preciso resolver primeiro é que não consigo visualizar o boletoo deste mês. Agradeço se puderem olhar isso.;financeiro;portal;baixa;treino
ATE-04739;Preciso de orientação sobre uma decisão acadêmica que não é apenas cadastral. Além disso, quero entender o procedimento de trancamento.;secretaria_academica;portal;alta;treino
ATE-04740;Oi, preciso confirmar um estorno;financeiro;portal;media;teste
ATE-04741;oi, minha matrícula não aparece corretamente e também quero reservar um exemplar podem verificar;secretaria_academica;portal;media;treino
ATE-04742;Quero discutir uma decisão acadêmica, mas o que preciso resolver primeiro é que preciso de informações sobre vencimento e juros.;financeiro;chat;media;treino
ATE-04743;Então, preciso atualizar um documento da matrícula.;secretaria_academica;presencial;media;treino
ATE-04744;Registro a seguinte situação: fiz o pagamento e ainda aparece pendência?!;financeiro;portal;media;treino
ATE-04745;Olá, queria uma orientação, preciso de informações sobre vencimento e juros Conseguem me orientar?;financeiro;portal;baixa;treino
ATE-04746;"Não consigo acessar a base de periódicos; além disso, tenho dúvida sobre um registro.";biblioteca;portal;media;treino
ATE-04747;queria uma orientação, minha matrícula nao aparece corretamente e, em paralelo, preciso conferir um livro. isso pode ser verificado, por favor? 😕;secretaria_academica;email;media;validacao
ATE-04748;há uma questão pedagógica que preciso avaliar. minha solicitação principal é: meu nome saiu incorreto em um documento acadêmico.;secretaria_academica;presencial;baixa;validacao
ATE-04749;n consigo visualizar o boleto deste mês.;financeiro;portal;media;treino
ATE-04750;meu login falha às vezes minha solicitação principal é: preciso renovar um livro;biblioteca;presencial;media;treino
ATE-04751;Há uma questão pedagógica que preciso avaliar, mas o que preciso resolver primeiro é que meu acesso está bloqueado.;suporte_tecnico;chat;media;treino
ATE-04752;Desde a última atualização do sistema, a página apresenta erro quando tento acessar.;suporte_tecnico;chat;media;validacao
ATE-04753;Queria uma orientação, também preciso confirmar um documento acadêmico, mas o que preciso resolver primeiro é que o desconto da mensalidade não apareceu. Conseguem me orientar?;financeiro;email;media;validacao
ATE-04754;Antes do início das aulas, preciso solicitar um histórico escolar.;secretaria_academica;chat;alta;treino
ATE-04755;Pessoal, quero confirmar o status da rematrícula? Podem verificar?;secretaria_academica;portal;media;treino
ATE-04756;Meu pagamento ainda nao foi reconhecido;financeiro;telefone;media;treino
ATE-04757;Gostaria de solicitar apoio: não consigo abrir o ambiente virtual.;suporte_tecnico;presencial;media;teste
ATE-04758;preciso de ajuda, meu acesso está bloqueado como resolvo;suporte_tecnico;email;media;treino
ATE-04759;Alguém consegue me ajudar, o desconto da mensalidade não apareceu. Conseguem me orientar?;financeiro;chat;alta;treino
ATE-04760;Antes do início das aulas, o desconto da mensalidade não apareceu.;financeiro;telefone;alta;treino
ATE-04761;Gente, o portal também está dando erro. Minha solicitação principal é: minha matrícula não aparece corretamente;secretaria_academica;chat;baixa;treino
ATE-04762;"Tenho um problema recorrente em uma turma e preciso de orientação; além disso, preciso conferir um livro.";coordenacao;chat;baixa;treino
ATE-04763;"não consigo entrar no portal; situação observada na solicitação que abri recentemente.";suporte_tecnico;email;baixa;treino
ATE-04764;Oi, o aplicativo não carrega e, em paralelo, o boleto continua pendente. Agradeço se puderem olhar isso;suporte_tecnico;chat;media;treino
ATE-04765;Por favor, não consigo abrir o ambiente virtual. Além disso, quero saber se um título está disponível.;biblioteca;telefone;baixa;treino
ATE-04766;Não consigo acessar uma tela do sistema. Minha solicitação principal é: quero conversar sobre pré-requisitos e sequência de disciplinas.;coordenacao;email;baixa;treino
ATE-04767;"nao consigo anexar o arquivo no portal; além disso, tbm apareceu uma cobrança que nao reconheço";suporte_tecnico;portal;media;treino
ATE-04768;"O comprovante foi enviado, mas o débito continua aberto; além disso, há uma questão pedagógica que preciso avaliar.";financeiro;email;media;treino
ATE-04769;Preciso de ajuda, minha matrícula não aparece corretamente. Obrigado.;secretaria_academica;portal;alta;treino
ATE-04770;preciso de ajuda, preciso falar com a coordenação sobre meu planejamento acadêmico e, em paralelo, meu login falha às vezes. isso pode ser verificado, por favor?;coordenacao;chat;baixa;treino
ATE-04771;Olá, também preciso de orientação sobre uma disciplina. Minha solicitação principal é: quero confirmar o status da rematrícula.;secretaria_academica;telefone;media;validacao
ATE-04772;Venho informar, preciso discutir equivalência de conteúdo entre disciplinas. Obrigado. Isso aconteceu antes de enviar outro pedido.;coordenacao;telefone;alta;treino
ATE-04773;Venho informar, também tenho uma pendência de empréstimo, mas o que preciso resolver primeiro é que meu pagamento ainda não foi reconhecido. Como resolvo?;financeiro;email;media;treino
ATE-04774;Boa tarde, quero saber sobre a emissão de declaração? Obrigada.;secretaria_academica;chat;baixa;teste
ATE-04775;quero orientação acadêmica antes de escolher as próximas matérias. Isso aconteceu depois de consultar as orientações disponíveis.;coordenacao;email;baixa;teste
ATE-04776;Então, o aplicativo não carrega.;suporte_tecnico;chat;baixa;treino
ATE-04777;aparece uma mensagem de erro toda vez que faço login? 😤;suporte_tecnico;chat;media;treino
ATE-04778;Por favor, por favor, não consigo abrir o ambiente virtual. Obrigada.;suporte_tecnico;chat;media;treino
ATE-04779;"Meu pagamento ainda não foi reconhecido; além disso, também preciso de orientação sobre uma disciplina!";financeiro;email;media;treino
ATE-04780;Gente, pessoal, o boleto continua pendente, mas o que preciso resolver primeiro é que quero orientação sobre uma situação com uma disciplina. Conseguem me orientar?;coordenacao;portal;alta;treino
ATE-04781;quero discutir uma situação pedagógica com a turma, antes do prazo informado.;coordenacao;presencial;baixa;validacao
ATE-04782;Meu pagamento ainda não foi reconhecido, antes do prazo informado.;financeiro;portal;baixa;teste
ATE-04783;"O valor da parcela está diferente; além disso, também preciso confirmar um documento acadêmico.";financeiro;chat;baixa;treino
ATE-04784;Também apareceu uma cobrança que não reconheço. Minha solicitação principal é: quero entender o procedimento de trancamento.;secretaria_academica;portal;media;treino
ATE-04785;Então, quero saber sobre a emissão de declaração.;secretaria_academica;portal;baixa;treino
ATE-04786;Quero entender uma cobrança na mensalidade;financeiro;email;media;treino
ATE-04787;boa tarde, preciso de informações sobre vencimento e juros e, em paralelo, preciso conferir um livro. fico no aguardo.;financeiro;portal;baixa;treino
ATE-04788;Queria uma orientação, minha matrícula não aparece corretamente? Obrigada.;secretaria_academica;presencial;media;treino
ATE-04789;Só queria entender, quero discutir uma situação pedagógica com a turma e, em paralelo, minha matricula mostra uma informação estranha. Obrigado.;coordenacao;telefone;media;treino
ATE-04790;Desde ontem, quero confirmar o status da rematrícula.;secretaria_academica;portal;media;treino
ATE-04791;Então, venho informar, não consigo abrir o ambiente virtual? Como resolvo?;suporte_tecnico;chat;media;treino
ATE-04792;Quero entender uma cobrança na mensalidade. Isso aconteceu desde ontem.;financeiro;telefone;baixa;treino
ATE-04793;"Não consigo abrir o ambiente virtual; situação observada no semestre atual.";suporte_tecnico;presencial;media;treino
ATE-04794;Olá, oi, quero entender o procedimento de trancamento? Agradeço se puderem olhar isso.;secretaria_academica;email;baixa;validacao
ATE-04795;Só queria entender, quero discutir uma situação pedagógica com a turma. Fico no aguardo.;coordenacao;presencial;media;treino
ATE-04796;preciso solicitar aproveitamento de documentação já entregue. além disso, o comprovante foi enviado, mas o débito continua aberto.;financeiro;presencial;alta;treino
ATE-04797;quero discutir uma decisão acadêmica. minha solicitação principal é: preciso corrigir meus dados acadêmicos.;secretaria_academica;email;baixa;treino
ATE-04798;aparece uma mensagem de erro toda vez que faço login.;suporte_tecnico;chat;baixa;validacao
ATE-04799;preciso de ajuda, o portal também está dando erro, mas o que preciso resolver primeiro é que quero informações sobre calendário de matrícula isso pode ser verificado, por favor;secretaria_academica;email;baixa;teste
ATE-04800;"Venho informar, o link de recuperação de senha não chega; além disso, também preciso de orientação sobre uma disciplina.";suporte_tecnico;telefone;baixa;teste
ATE-04801;"O desconto da mensalidade não apareceu; além disso, quero discutir uma decisão acadêmica.";financeiro;chat;media;treino
ATE-04802;Meu acesso está bloqueado e, em paralelo, também preciso confirmar um documento acadêmico.;suporte_tecnico;telefone;media;treino
ATE-04803;UMA DISCIPLINA NÃO CONSTA NO MEU REGISTRO.;secretaria_academica;telefone;media;treino
ATE-04804;Uma disciplina não consta no meu registro e também não consigo acessar um artigo pelo portal da biblioteca.;secretaria_academica;portal;baixa;treino
ATE-04805;"quero saber sobre a emissão de declaração; além disso, não consigo acessar uma tela do sistema!";secretaria_academica;email;alta;treino
ATE-04806;Olá, quero entender uma cobrança na mensalidade.;financeiro;email;media;treino
ATE-04807;Registro a seguinte situação: fiz o pagamento e ainda aparece pendência.;financeiro;chat;baixa;treino
ATE-04808;Pessoal, o sistema fecha antes de concluir a operação. Como resolvo?;suporte_tecnico;portal;media;teste
ATE-04809;o valor da parcela está diferente?;financeiro;chat;baixa;teste
ATE-04810;Também apareceu uma cobrança que não reconheço, mas o que preciso resolver primeiro é que preciso solicitar aproveitamento de documentação já entregue.;secretaria_academica;presencial;media;treino
ATE-04811;Olá, gostaria de registrar, o portal também está dando erro. Minha solicitação principal é: quero reservar um exemplar. Como resolvo?!;biblioteca;telefone;media;treino
ATE-04812;Solicito orientação: estou com uma dúvida, a plataforma fica em tela branca Como resolvo?;suporte_tecnico;presencial;alta;treino
ATE-04813;fiz o pagamento e ainda aparece pendência.;financeiro;telefone;media;teste
ATE-04814;Também tenho uma pendência de empréstimo. Minha solicitação principal é: preciso da segunda via do boleto.;financeiro;chat;media;treino
ATE-04815;Então, boa tarde, não consigo acessar a base de periódicos Preciso de um retorno.;biblioteca;presencial;media;treino
ATE-04816;Preciso corrigir meus dados acadêmicos, para organizar minha situação.;secretaria_academica;presencial;media;treino
ATE-04817;Preciso de ajuda, também preciso confirmar um documento acadêmico, mas o que preciso resolver primeiro é que o desconto da mensalidade não apareceu. Agradeço se puderem olhar isso.;financeiro;email;baixa;treino
ATE-04818;"POR FAVOR, NÃO CONSIGO ANEXAR O ARQUIVO NO PORTAL; ALÉM DISSO, QUERO DISCUTIR UMA DECISÃO ACADÊMICA.";suporte_tecnico;chat;media;treino
ATE-04819;MINHA SENHA NÃO FUNCIONA E, EM PARALELO, O ACESSO À BIBLIOTECA DIGITAL FALHOU!;suporte_tecnico;telefone;baixa;validacao
ATE-04820;Quero conversar sobre pré-requisitos e sequência de disciplinas. Além disso, quero reservar um exemplar.;biblioteca;email;alta;treino
ATE-04821;Olá, quero negociar uma pendência financeira?;financeiro;email;alta;validacao
ATE-04822;"o sistema fecha antes de concluir a operação; ao mesmo tempo, quero conversar sobre pré-requisitos e sequência de disciplinas.";coordenacao;chat;alta;treino
ATE-04823;Para resolver ainda este mês, oi, preciso solicitar um histórico escolar.;secretaria_academica;portal;baixa;teste
ATE-04824;Preciso conferir um livro, mas o que preciso resolver primeiro é que preciso discutir equivalência de conteúdo entre disciplinas.;coordenacao;email;alta;treino
ATE-04825;Olá, meu nome saiu incorreto em um documento acadêmico;secretaria_academica;portal;media;teste
ATE-04826;Para conseguir seguir com o processo, quero reservar um exemplar.;biblioteca;presencial;media;treino
ATE-04827;O acesso à biblioteca digital falhou, mas o que preciso resolver primeiro é que preciso avaliar uma situação excepcional no meu percurso acadêmico.;coordenacao;chat;media;treino
ATE-04828;Tenho dúvida sobre um pagamento. Minha solicitação principal é: meu nome saiu incorreto em um documento acadêmico.;secretaria_academica;telefone;media;teste
ATE-04829;"Olá, preciso confirmar um estorno; além disso, nao consigo acessar uma tela do sistema.";financeiro;telefone;baixa;validacao
ATE-04830;Meu acesso está bloqueado e também o comprovante foi enviado, mas o débito continua aberto.;suporte_tecnico;email;media;treino
ATE-04831;Oi, quero confirmar a multa de um empréstimo atrasado;biblioteca;portal;media;treino
ATE-04832;"Solicito orientação: gostaria de registrar, meu pagamento ainda não foi reconhecido; ao mesmo tempo, o aplicativo não carrega. Fico no aguardo.";suporte_tecnico;chat;media;treino
ATE-04833;"O comprovante foi enviado, mas o débito continua aberto; além disso, o portal também está dando erro.";financeiro;telefone;media;treino
ATE-04834;Olá, preciso de orientação sobre uma decisão acadêmica que não é apenas cadastral, mas tenho ainda outra questão: preciso confirmar um estorno.;coordenacao;telefone;alta;treino
ATE-04835;Não consigo entrar no portal. Isso aconteceu na solicitação que abri recentemente.;suporte_tecnico;email;baixa;validacao
ATE-04836;minha senha não funciona?;suporte_tecnico;chat;media;treino
ATE-04837;quero entender o procedimento de trancamento.;secretaria_academica;telefone;media;teste
ATE-04838;por favor, meu nome saiu incorreto em um documento acadêmico e, em paralelo, tenho dúvida sobre um pagamento. isso pode ser verificado, por favor?;secretaria_academica;presencial;alta;treino
ATE-04839;Por favor, preciso corrigir meus dados acadêmicos, antes do prazo informado.;secretaria_academica;presencial;alta;treino
ATE-04840;Bom dia, quero reservar um exemplar Conseguem me orientar?;biblioteca;telefone;alta;teste
ATE-04841;Olá, só queria entender, preciso avaliar uma situação excepcional no meu percurso acadêmico? Obrigada.;coordenacao;telefone;alta;treino
ATE-04842;"Aparece uma mensagem de erro toda vez que faço login; ao mesmo tempo, não consigo acessar um artigo pelo portal da biblioteca.";biblioteca;portal;media;treino
ATE-04843;Então, quero reservar um exemplar.;biblioteca;portal;media;treino
ATE-04844;"fiz o pagamento e ainda aparece pendência; além disso, meu login falha às vezes 😤";financeiro;telefone;alta;treino
ATE-04845;Minha matrícula mostra uma informação estranha. Minha solicitação principal é: preciso consultar uma pendência de empréstimo.;biblioteca;presencial;baixa;teste
ATE-04846;Pessoal, minha matrícula não aparece corretamente. Podem verificar?;secretaria_academica;portal;alta;treino
ATE-04847;preciso saber o horário de atendimento da biblioteca.;biblioteca;portal;alta;treino
ATE-04848;;financeiro;email;baixa;treino
ATE-04849;"Oi, preciso consultar uma pendência de empréstimo; ao mesmo tempo, o comprovante foi enviado, mas o débito continua aberto.";financeiro;telefone;media;treino
ATE-04850;Oi, bom dia, há uma questão pedagógica que preciso avaliar. Minha solicitação principal é: preciso confirmar um estorno. Podem verificar?;financeiro;telefone;alta;teste
ATE-04851;"minha senha n funciona; além disso, também preciso de orientação sobre uma disciplina. 🙂";suporte_tecnico;portal;baixa;treino
ATE-04852;o aplicativo não carrega.;suporte_tecnico;portal;media;treino
ATE-04853;preciso de ajuda, preciso discutir equivalência de conteúdo entre disciplinas. como resolvo?;coordenacao;chat;baixa;validacao
ATE-04854;Pessoal, preciso de informações sobre vencimento e juros. Preciso de um retorno.;financeiro;portal;baixa;treino
ATE-04855;Uma disciplina não consta no meu registro, antes de enviar outro pedido.;secretaria_academica;presencial;baixa;treino
ATE-04856;Aparece uma mensagem de erro toda vez que faço login e, em paralelo, tenho dúvida sobre um pagamento.;suporte_tecnico;chat;media;treino
ATE-04857;"Preciso solicitar um histórico escolar; situação observada antes da próxima aula.";secretaria_academica;presencial;baixa;treino
ATE-04858;"Gente, o desconto da mensalidade não apareceu; além disso, meu login falha às vezes.";financeiro;portal;media;treino
ATE-04859;Gente, aparece uma mensagem de erro toda vez que faço login;suporte_tecnico;email;alta;validacao
ATE-04860;"Não consigo acessar a base de periódicos; além disso, não consigo acessar uma tela do sistema.";biblioteca;portal;media;treino
ATE-04861;Quero confirmar o status da rematrícula!;secretaria_academica;email;alta;validacao
ATE-04862;Antes da próxima aula, minha matrícula não aparece corretamente.;secretaria_academica;chat;baixa;treino
ATE-04863;Oi, só queria entender, tenho um problema recorrente em uma turma e preciso de orientação Como resolvo?;coordenacao;presencial;baixa;treino
ATE-04864;Então, gostaria de registrar, preciso consultar uma pendência de empréstimo? Podem verificar?;biblioteca;email;media;treino
ATE-04865;alguém consegue me ajudar, quero saber sobre a emissão de declaração isso pode ser verificado, por favor;secretaria_academica;chat;alta;treino
ATE-04866;Gente, estou com uma dúvida, o boleto continua pendente, mas o que preciso resolver primeiro é que um livro devolvido ainda aparece comigo. Isso pode ser verificado, por favor?;biblioteca;telefone;alta;validacao
ATE-04867;O link de recuperação de senha não chega?;suporte_tecnico;portal;media;treino
ATE-04868;Preciso atualizar um documento da matrícula. Isso aconteceu antes do prazo informado.;secretaria_academica;telefone;media;teste
ATE-04869;Nesta semana, n consigo acessar a base de periódicos Podem verificar?;biblioteca;telefone;media;treino
ATE-04870;Preciso consultar uma pendência de empréstimo, depois de consultar as orientações disponíveis.;biblioteca;telefone;baixa;treino
ATE-04871;"PESSOAL, PRECISO CONSULTAR UMA PENDÊNCIA DE EMPRÉSTIMO. ALÉM DISSO, MINHA MATRÍCULA N APARECE CORRETAMENTE. PODEM VERIFICAR; preciso de retorno.";secretaria_academica;chat;media;treino
ATE-04872;Então, oi, quero confirmar a multa de um empréstimo atrasado e, em paralelo, minha matrícula mostra uma informação estranha. Fico no aguardo.;biblioteca;email;baixa;treino
ATE-04873;"fiz o pagamento e ainda aparece pendência; além disso, quero discutir uma decisão acadêmica.";financeiro;email;media;treino
ATE-04874;Há uma questão pedagógica que preciso avaliar, mas o que preciso resolver primeiro é que não consigo anexar o arquivo no portal.;suporte_tecnico;portal;media;treino
ATE-04875;Por favor, bom dia, preciso conferir um livro, mas o que preciso resolver primeiro é que o valor da parcela está diferente. Conseguem me orientar?;financeiro;presencial;media;treino
ATE-04876;"o sistema fecha antes de concluir a operação; além disso, o acesso à biblioteca digital falhou.";suporte_tecnico;chat;media;teste
ATE-04877;Oi, quero discutir uma decisão acadêmica. Minha solicitação principal é: a página apresenta erro quando tento acessar. Como resolvo?;suporte_tecnico;email;baixa;validacao
ATE-04878;Preciso discutir equivalência de conteúdo entre disciplinas. Isso aconteceu antes de enviar outro pedido.;coordenacao;email;baixa;treino
ATE-04879;por favor, tenho dúvida sobre um pagamento. minha solicitação principal é: preciso consultar uma pendência de empréstimo. fico no aguardo.!!!;biblioteca;email;media;treino
ATE-04880;O acesso à biblioteca digital falhou. Minha solicitação principal é: minha senha não funciona.;suporte_tecnico;presencial;alta;treino
ATE-04881;"Por favor, preciso discutir equivalência de conteúdo entre disciplinas; ao mesmo tempo, preciso confirmar um estorno. Podem verificar?";financeiro;telefone;media;treino
ATE-04882;Gente, venho informar, quero saber se um título está disponível. Conseguem me orientar?;biblioteca;portal;baixa;validacao
ATE-04883;preciso consultar uma pendência de empréstimo, mas tenho ainda outra questão: preciso corrigir meus dados acadêmicos.;biblioteca;chat;baixa;treino
ATE-04884;Aparece uma mensagem de erro toda vez que faço login, antes de enviar outro pedido.;suporte_tecnico;portal;baixa;teste
ATE-04885;Oi, preciso solicitar aproveitamento de documentação ja entregue. Obrigado!;secretaria_academica;portal;media;treino
ATE-04886;Preciso atualizar um documento da matrícula.;secretaria_academica;telefone;media;teste
ATE-04887;"Preciso de orientação sobre uma decisão acadêmica que não é apenas cadastral; ao mesmo tempo, um livro devolvido ainda aparece comigo.";biblioteca;email;alta;treino
ATE-04888;não consigo acessar um artigo pelo portal da biblioteca.;biblioteca;presencial;media;treino
ATE-04889;"preciso saber o horário de atendimento da biblioteca; situação observada desde a última atualização do sistema.";biblioteca;telefone;baixa;treino
ATE-04890;Oi, estou com uma dúvida, preciso conversar sobre a organização da minha grade e também preciso corrigir meus dados acadêmicos. Agradeço se puderem olhar isso.;coordenacao;presencial;alta;teste
ATE-04891;A plataforma fica em tela branca;suporte_tecnico;chat;alta;validacao
ATE-04892;Na solicitação que abri recentemente, preciso solicitar um histórico escolar.;secretaria_academica;presencial;media;treino
ATE-04893;Pessoal, quero discutir uma decisão acadêmica. Minha solicitação principal é: quero saber sobre a emissão de declaração. Conseguem me orientar?;secretaria_academica;portal;media;treino
ATE-04894;Por favor, preciso saber o horário de atendimento da biblioteca, depois de tentar pelo portal.;biblioteca;chat;media;treino
ATE-04895;Por favor, quero informações sobre calendário de matrícula e, em paralelo, há uma questão pedagógica que preciso avaliar.;secretaria_academica;chat;alta;treino
ATE-04896;Registro a seguinte situação: quero saber se um título está disponível. Além disso, minha matricula não aparece corretamente;secretaria_academica;presencial;baixa;treino
ATE-04897;Gente, também preciso confirmar um documento acadêmico, mas o que preciso resolver primeiro é que fiz o pagamento e ainda aparece pendência.;financeiro;email;alta;treino
ATE-04898;Olá, oi, quero informações sobre calendário de matrícula. Isso pode ser verificado, por favor?;secretaria_academica;email;media;treino
ATE-04899;Preciso atualizar um documento da matrícula e, em paralelo, o portal também está dando erro!;secretaria_academica;portal;media;treino
ATE-04900;boa tarde, preciso solicitar um histórico escolar como resolvo?;secretaria_academica;presencial;media;treino
ATE-04901;Por favor, quero saber se um título está disponível?;biblioteca;email;media;validacao
ATE-04902;"gente, pessoal, aparece uma mensagem de erro toda vez que faço login; ao mesmo tempo, o comprovante foi enviado, mas o débito continua aberto. preciso de um retorno.";financeiro;chat;media;treino
ATE-04903;preciso corrigir meus dados acadêmicos?;secretaria_academica;telefone;baixa;treino
ATE-04904;quero negociar uma pendência financeira e, em paralelo, há uma questão pedagógica q preciso avaliar.;financeiro;email;alta;treino
ATE-04905;registro a seguinte situação: por favor, a devolução de um livro ainda não foi registrada e, em paralelo, também apareceu uma cobrança que não reconheço. preciso de um retorno.;biblioteca;chat;media;treino
ATE-04906;O boleto continua pendente. Minha solicitação principal é: a página apresenta erro quando tento acessar.;suporte_tecnico;chat;baixa;treino
ATE-04907;Bom dia, também tenho uma pendência de empréstimo. Minha solicitação principal é: preciso corrigir meus dados acadêmicos. Podem verificar?;secretaria_academica;chat;media;treino
ATE-04908;Depois de tentar pelo portal, olá, um livro devolvido ainda aparece comigo.;biblioteca;telefone;baixa;treino
ATE-04909;Também preciso de orientação sobre uma disciplina. Minha solicitação principal é: não consigo acessar um artigo pelo portal da biblioteca.;biblioteca;presencial;alta;treino
ATE-04910;TENHO DÚVIDA SOBRE UM PAGAMENTO, MAS O QUE PRECISO RESOLVER PRIMEIRO É QUE MINHA SENHA NÃO FUNCIONA.;suporte_tecnico;email;media;treino
ATE-04911;Tenho dúvida sobre um registro. Minha solicitação principal é: minha senha não funciona.;suporte_tecnico;chat;baixa;teste
ATE-04912;TENHO DÚVIDA SOBRE UM REGISTRO. MINHA SOLICITAÇÃO PRINCIPAL É: PRECISO CONSULTAR UMA PENDÊNCIA DE EMPRÉSTIMO.;biblioteca;telefone;alta;treino
ATE-04913;Preciso atualizar um documento da matrícula?;secretaria_academica;telefone;media;treino
ATE-04914;Tenho dúvida sobre um pagamento, mas o que preciso resolver primeiro é que quero saber sobre a emissão de declaração. Agradeço se puderem olhar isso.;secretaria_academica;presencial;alta;teste
ATE-04915;Oi, preciso consultar uma pendência de empréstimo?;biblioteca;telefone;media;teste
ATE-04916;Queria uma orientação, o valor da parcela está diferente? Preciso de um retorno.;financeiro;email;baixa;treino
ATE-04917;Oi, olá, preciso solicitar um histórico escolar? Conseguem me orientar?;secretaria_academica;portal;media;validacao
ATE-04918;"Quero saber sobre a emissão de declaração; além disso, o portal também está dando erro.";secretaria_academica;portal;baixa;treino
ATE-04919;A página apresenta erro quando tento acessar. Isso aconteceu antes do prazo informado.;suporte_tecnico;telefone;media;treino
ATE-04920;n consigo acessar um artigo pelo portal da biblioteca.;biblioteca;telefone;baixa;validacao
ATE-04921;Olá, pessoal, não consigo acessar um artigo pelo portal da biblioteca. Obrigado.;biblioteca;telefone;baixa;treino
ATE-04922;o portal também está dando erro minha solicitação principal é: preciso avaliar uma situação excepcional no meu percurso acadêmico;coordenacao;chat;media;treino
ATE-04923;"Por favor, preciso saber o horário de atendimento da biblioteca; além disso, tenho dúvida sobre um registro.";biblioteca;telefone;media;treino
ATE-04924;Então, o link de recuperação de senha não chega.;suporte_tecnico;presencial;alta;treino
ATE-04925;"Preciso confirmar um estorno; além disso, minha matrícula mostra uma informação estranha.";financeiro;email;baixa;treino
ATE-04926;Também apareceu uma cobrança que não reconheço, mas o que preciso resolver primeiro é que o link de recuperação de senha não chega.;suporte_tecnico;portal;media;treino
ATE-04927;"Preciso conversar sobre a organização da minha grade; situação observada desde a última atualização do sistema.";coordenacao;presencial;media;treino
ATE-04928;Então, bom dia, preciso solicitar aproveitamento de documentação já entregue, mas tenho ainda outra questão: um livro devolvido ainda aparece comigo.;secretaria_academica;email;media;teste
ATE-04929;preciso de ajuda, meu pagamento ainda não foi reconhecido conseguem me orientar?!!!;financeiro;chat;baixa;teste
ATE-04930;Então, o sistema fecha antes de concluir a operação. Isso aconteceu desde o começo da semana.;suporte_tecnico;portal;media;treino
ATE-04931;"quero confirmar a multa de um empréstimo atrasado; situação observada antes do início das aulas.";biblioteca;email;baixa;teste
ATE-04932;Quero discutir uma decisão acadêmica, mas o que preciso resolver primeiro é que quero saber sobre a emissão de declaração, desde o começo da semana.;secretaria_academica;email;alta;treino
ATE-04933;;coordenacao;chat;baixa;treino
ATE-04934;"Um livro devolvido ainda aparece comigo; além disso, também apareceu uma cobrança que não reconheço.";biblioteca;email;media;treino
ATE-04935;Por favor, o link de recuperação de senha não chega;suporte_tecnico;telefone;alta;treino
ATE-04936;"Também tenho uma pendência de empréstimo, mas o que preciso resolver primeiro é que meu nome saiu incorreto em um documento acadêmico; situação observada no semestre atual.";secretaria_academica;chat;alta;teste
ATE-04937;Meu nome saiu incorreto em um documento acadêmico. Isso aconteceu no semestre atual.;secretaria_academica;portal;media;treino
ATE-04938;"Registro a seguinte situação: preciso de informações sobre vencimento e juros; situação observada nesta semana.";financeiro;presencial;media;teste
ATE-04939;"uma disciplina não consta no meu registro; além disso, não consigo acessar uma tela do sistema";secretaria_academica;email;media;treino
ATE-04940;a página apresenta erro quando tento acessar, para resolver ainda este mês.;suporte_tecnico;presencial;alta;teste
ATE-04941;preciso conversar sobre a organização da minha grade?;coordenacao;presencial;alta;treino
ATE-04942;Depois de tentar pelo portal, não consigo visualizar o boleto deste mês.;financeiro;email;baixa;treino
ATE-04943;boa tarde, preciso de orientação sobre uma decisão acadêmica que não é apenas cadastral e também preciso de informações sobre vencimento e juros ...;coordenacao;portal;media;validacao
ATE-04944;Olá, pessoal, o sistema fecha antes de concluir a operação. Além disso, quero confirmar o status da rematrícula. Agradeço se puderem olhar isso.;secretaria_academica;chat;baixa;treino
ATE-04945;Olá, preciso renovar um livro Obrigada.;biblioteca;portal;media;treino
ATE-04946;Então, preciso de ajuda, minha matrícula mostra uma informação estranha, mas o que preciso resolver primeiro é que fiz o pagamento e ainda aparece pendência. Podem verificar?;financeiro;email;media;treino
ATE-04947;preciso solicitar aproveitamento de documentação já entregue, desde ontem.;secretaria_academica;telefone;baixa;treino
ATE-04948;Estou com uma dúvida, preciso solicitar aproveitamento de documentação já entregue, mas tenho ainda outra questão: tenho um problema recorrente em uma turma e preciso de orientação. Podem verificar?;secretaria_academica;email;media;treino
ATE-04949;Preciso solicitar um histórico escolar, depois de tentar pelo portal.;secretaria_academica;chat;alta;treino
ATE-04950;"Oi, preciso avaliar uma situação excepcional no meu percurso acadêmico; além disso, minha matrícula mostra uma informação estranha.";coordenacao;telefone;alta;treino
ATE-04951;"Gente, quero entender o procedimento de trancamento; situação observada desde a última atualização do sistema.";secretaria_academica;email;baixa;validacao
ATE-04952;Preciso de ajuda, a página apresenta erro quando tento acessar. Agradeço se puderem olhar isso.;suporte_tecnico;telefone;media;treino
ATE-04953;Quero reservar um exemplar?;biblioteca;telefone;media;validacao
ATE-04954;O portal também está dando erro, mas o que preciso resolver primeiro é que quero informações sobre calendário de matrícula.;secretaria_academica;presencial;baixa;teste
ATE-04955;Gente, não consigo abrir o ambiente virtual.;suporte_tecnico;chat;media;treino
ATE-04956;Então, quero confirmar o status da rematrícula e também preciso conversar sobre a organização da minha grade.;secretaria_academica;chat;alta;treino
ATE-04957;preciso de informações sobre vencimento e juros e também quero saber se um título está disponível;financeiro;chat;alta;treino
ATE-04958;Preciso atualizar um documento da matricula e, em paralelo, também apareceu uma cobrança que não reconheço.;secretaria_academica;telefone;alta;validacao
ATE-04959;Gente, também tenho uma pendência de empréstimo. Minha solicitação principal é: preciso atualizar um documento da matrícula.;secretaria_academica;email;baixa;treino
ATE-04960;Por favor, preciso atualizar um documento da matrícula. Isso pode ser verificado, por favor?!;secretaria_academica;email;media;teste
ATE-04961;Olá, o aplicativo não carrega e, em paralelo, tenho dúvida sobre um pagamento. Obrigado.;suporte_tecnico;presencial;baixa;validacao
ATE-04962;"Preciso consultar uma pendência de empréstimo; situação observada antes de enviar outro pedido.";biblioteca;email;baixa;validacao
ATE-04963;minha matrícula não aparece corretamente?;secretaria_academica;chat;baixa;treino
ATE-04964;"OI, O DESCONTO DA MENSALIDADE NÃO APARECEU; ALÉM DISSO, TENHO DÚVIDA SOBRE UM REGISTRO. CONSEGUEM ME ORIENTAR?";financeiro;chat;media;treino
ATE-04965;Preciso de orientação sobre uma decisão acadêmica que não é apenas cadastral, antes de enviar outro pedido.;coordenacao;telefone;alta;treino
ATE-04966;Gente, por favor, o acesso à biblioteca digital falhou, mas o que preciso resolver primeiro é que preciso da segunda via do boleto. Como resolvo?;financeiro;chat;media;treino
ATE-04967;a devolução de um livro ainda não foi registrada, mas tenho ainda outra questão: não consigo abrir o ambiente virtual.;biblioteca;telefone;media;treino
ATE-04968;quero saber se um título está disponível!;biblioteca;chat;media;treino
ATE-04969;Então, aparece uma mensagem de erro toda vez que faço login;suporte_tecnico;telefone;baixa;treino
ATE-04970;"a página apresenta erro quando tento acessar; situação observada antes do prazo informado.";suporte_tecnico;chat;media;treino
ATE-04971;Nesta semana, preciso falar com a coordenação sobre meu planejamento acadêmico.;coordenacao;presencial;media;validacao
ATE-04972;Quero saber sobre a emissão de declaração e também quero negociar uma pendência financeira;secretaria_academica;chat;baixa;treino
ATE-04973;"O comprovante foi enviado, mas o débito continua aberto; além disso, também preciso de orientação sobre uma disciplina.";financeiro;telefone;baixa;validacao
ATE-04974;Meu nome saiu incorreto em um documento acadêmico;secretaria_academica;email;baixa;treino
ATE-04975;o link de recuperação de senha n chega;suporte_tecnico;email;alta;treino
ATE-04976;Gente, só queria entender, o valor da parcela está diferente. Obrigado.;financeiro;telefone;alta;treino
ATE-04977;"Meu pagamento ainda não foi reconhecido; além disso, minha matrícula mostra uma informação estranha.";financeiro;telefone;alta;treino
ATE-04978;preciso conferir um livro minha solicitação principal é: aparece uma mensagem de erro toda vez q faço login;suporte_tecnico;email;alta;teste
ATE-04979;tenho dúvida sobre um registro. minha solicitação principal é: quero discutir uma situação pedagógica com a turma.;coordenacao;presencial;baixa;treino
ATE-04980;Oi, queria uma orientação, tenho um problema recorrente em uma turma e preciso de orientação?;coordenacao;telefone;media;treino
ATE-04981;O aceso à biblioteca digital falhou, mas o que preciso resolver primeiro é que quero confirmar o status da rematrícula.;secretaria_academica;telefone;alta;teste
ATE-04982;Olá, uma disciplina não consta no meu registro. Obrigada.;secretaria_academica;chat;media;treino
ATE-04983;também preciso confirmar um documento acadêmico, mas o que preciso resolver primeiro é que preciso confirmar um estorno!;financeiro;telefone;baixa;validacao
ATE-04984;tenho um problema recorrente em uma turma e preciso de orientação e, em paralelo, não consigo acessar uma tela do sistema;coordenacao;telefone;media;treino
ATE-04985;"Preciso consultar uma pendência de empréstimo; além disso, tenho dúvida sobre um registro.";biblioteca;presencial;media;treino
ATE-04986;minha matricula mostra uma informação estranha. minha solicitação principal é: quero entender uma cobrança na mensalidade.;financeiro;telefone;media;treino
ATE-04987;Alguém consegue me ajudar, o portal também está dando erro, mas o que preciso resolver primeiro é que o desconto da mensalidade não apareceu. Agradeço se puderem olhar isso.;financeiro;portal;baixa;treino
ATE-04988;quero conversar sobre pré-requisitos e sequência de disciplinas!;coordenacao;presencial;baixa;teste
ATE-04989;PRECISO CONSULTAR UMA PENDÊNCIA DE EMPRÉSTIMO;biblioteca;email;media;treino
ATE-04990;"O desconto da mensalidade não apareceu; situação observada para resolver ainda este mês.";financeiro;telefone;media;treino
ATE-04991;Uma disciplina não consta no meu registro e, em paralelo, quero discutir uma decisão acadêmica.;secretaria_academica;email;media;treino
ATE-04992;Então, boa tarde, não consigo acessar a base de periódicos. Além disso, quero entender uma cobrança na mensalidade. Preciso de um retorno.;financeiro;portal;media;teste
ATE-04993;O portal também está dando erro, mas o que preciso resolver primeiro é que preciso solicitar um histórico escolar.;secretaria_academica;email;alta;teste
ATE-04994;"Por favor, preciso saber o horário de atendimento da biblioteca; ao mesmo tempo, quero saber sobre a emissão de declaração.";secretaria_academica;chat;baixa;treino
ATE-04995;olá, preciso falar com a coordenação sobre meu planejamento acadêmico e também o comprovante foi enviado, mas o débito continua aberto. podem verificar?;coordenacao;portal;media;validacao
ATE-04996;então, por favor, minha matrícula mostra uma informação estranha. minha solicitação principal é: preciso conversar sobre a organização da minha grade. obrigada.;coordenacao;presencial;baixa;treino
ATE-04997;"Um livro devolvido ainda aparece comigo; ao mesmo tempo, fiz o pagamento e ainda aparece pendência.";financeiro;telefone;baixa;treino
ATE-04998;Preciso consultar uma pendência de empréstimo. Isso aconteceu antes do prazo informado.;biblioteca;telefone;media;treino
ATE-04999;Venho informar, minha matrícula não aparece corretamente Isso pode ser verificado, por favor?;secretaria_academica;email;media;treino
ATE-05000;Por favor, o link de recuperação de senha não chega e também quero negociar uma pendência financeira. Obrigado.;suporte_tecnico;telefone;media;treino
